# Blender v3.6.5 OBJ File: 'heart-icon-012.blend'
# www.blender.org
mtllib heart-icon-012.mtl
o heart-icon-012
v -0.005773 0.005807 0.000020
v -0.023330 0.034625 0.000035
v -0.017083 0.013337 0.000016
v -0.003008 0.002772 0.000033
v -0.001333 0.000637 0.000009
v -0.000013 0.036583 0.000024
v -0.000461 0.036805 0.000025
v 0.005749 0.005806 0.000020
v 0.023306 0.034625 0.000016
v 0.001195 0.037694 0.000025
v 0.011511 0.041785 0.000019
v 0.016080 0.040952 0.000015
v 0.010409 0.009224 0.000019
v 0.001307 0.000638 0.000042
v 0.006965 0.041246 0.000021
v 0.024634 0.024856 0.000019
v 0.022335 0.018773 0.000034
v 0.017059 0.013337 0.000016
v -0.023816 0.021875 0.000033
v -0.020117 0.015844 0.000016
v -0.000668 0.000153 0.000003
v 0.021953 0.036667 0.000037
v 0.013834 0.041570 0.000017
v 0.018231 0.039915 0.000014
v 0.024248 0.032414 0.000017
v 0.000643 0.000154 0.000003
v 0.004876 0.040494 0.000028
v 0.023791 0.021875 0.000019
v 0.020092 0.015844 0.000016
v 0.013638 0.011183 0.000034
v 0.000744 0.037141 0.000025
v -0.000223 0.036634 0.000025
v -0.024273 0.032414 0.000017
v -0.024968 0.027593 0.000018
v -0.000769 0.037141 0.000025
v 0.009187 0.041669 0.000020
v 0.004183 0.004237 0.000020
v 0.000436 0.036806 0.000026
v -0.004006 0.011570 -0.006563
v -0.005012 0.009476 -0.005186
v -0.005501 0.007123 -0.003066
v -0.016434 0.030721 -0.009412
v -0.018916 0.032110 -0.008030
v -0.021851 0.033804 -0.005039
v -0.000013 0.007797 -0.005164
v -0.000013 0.005319 -0.004122
v -0.000009 0.002113 -0.002775
v -0.000013 0.026687 -0.010531
v -0.000013 0.035475 -0.005268
v -0.000013 0.031584 -0.009117
v -0.004761 0.028939 -0.010609
v -0.003236 0.033012 -0.009080
v -0.001444 0.036529 -0.005307
v -0.007154 0.031004 -0.010459
v -0.005699 0.034849 -0.008924
v -0.003523 0.038284 -0.005319
v -0.009430 0.032582 -0.010237
v -0.008463 0.036282 -0.008780
v -0.007306 0.039852 -0.005266
v -0.011572 0.033406 -0.009928
v -0.011362 0.036754 -0.008584
v -0.011335 0.040248 -0.005223
v -0.013497 0.033354 -0.009627
v -0.014223 0.036180 -0.008312
v -0.015329 0.039376 -0.005160
v -0.015185 0.032371 -0.009445
v -0.019019 0.037132 -0.005071
v -0.016873 0.034568 -0.008091
v -0.016810 0.028417 -0.009561
v -0.019885 0.028952 -0.008125
v -0.023262 0.029749 -0.005066
v -0.016143 0.025397 -0.009761
v -0.019527 0.025088 -0.008316
v -0.023124 0.024964 -0.005152
v -0.014222 0.021766 -0.009692
v -0.017538 0.020533 -0.008379
v -0.020983 0.019349 -0.005219
v -0.010783 0.017996 -0.008844
v -0.013370 0.016034 -0.007484
v -0.015919 0.014158 -0.004616
v -0.006870 0.014525 -0.007664
v -0.009730 0.010299 -0.003640
v -0.008548 0.012406 -0.006158
v -0.002192 0.009414 -0.005727
v -0.002728 0.007219 -0.004471
v -0.002931 0.004496 -0.002702
v -0.000995 0.008163 -0.005276
v -0.001270 0.002701 -0.002714
v -0.001202 0.005795 -0.004171
v -0.000013 0.009498 -0.005966
v -0.000013 0.022547 -0.010358
v -0.005977 0.025550 -0.010837
v -0.008415 0.027869 -0.010874
v -0.010435 0.029765 -0.010659
v -0.012082 0.031057 -0.010324
v -0.013189 0.031705 -0.010050
v -0.014074 0.030865 -0.010002
v -0.014993 0.030033 -0.009921
v -0.014608 0.028567 -0.010140
v -0.013603 0.026241 -0.010382
v -0.011726 0.023305 -0.010352
v -0.008633 0.020070 -0.009731
v -0.004266 0.016642 -0.008707
v -0.002300 0.012947 -0.007346
v -0.001266 0.010718 -0.006447
v -0.000734 0.009488 -0.005939
v -0.001371 0.031879 -0.009126
v -0.000563 0.035672 -0.005278
v -0.003016 0.023418 -0.010545
v -0.000013 0.011093 -0.006653
v -0.000013 0.013319 -0.007558
v -0.000012 0.016263 -0.008655
v -0.002241 0.027237 -0.010591
v -0.000012 0.019235 -0.009578
v -0.007177 0.022615 -0.010442
v -0.003670 0.020183 -0.009851
v -0.009870 0.025336 -0.010755
v -0.011766 0.027696 -0.010651
v -0.013100 0.029505 -0.010348
v 0.003981 0.011569 -0.006564
v 0.004987 0.009475 -0.005187
v 0.005476 0.007122 -0.003067
v 0.016411 0.030723 -0.009414
v 0.018893 0.032111 -0.008031
v 0.021827 0.033805 -0.005039
v 0.004735 0.028939 -0.010610
v 0.003210 0.033013 -0.009077
v 0.001419 0.036529 -0.005305
v 0.007129 0.031004 -0.010460
v 0.005672 0.034849 -0.008922
v 0.003497 0.038284 -0.005319
v 0.009406 0.032582 -0.010239
v 0.008437 0.036283 -0.008778
v 0.007280 0.039852 -0.005264
v 0.011548 0.033407 -0.009930
v 0.011338 0.036756 -0.008583
v 0.011310 0.040249 -0.005222
v 0.013472 0.033355 -0.009629
v 0.014199 0.036183 -0.008312
v 0.015305 0.039377 -0.005159
v 0.015161 0.032371 -0.009445
v 0.018992 0.037131 -0.005069
v 0.016848 0.034569 -0.008089
v 0.016787 0.028418 -0.009563
v 0.019863 0.028953 -0.008124
v 0.023238 0.029749 -0.005065
v 0.016121 0.025398 -0.009763
v 0.019506 0.025088 -0.008316
v 0.023101 0.024964 -0.005151
v 0.014201 0.021766 -0.009694
v 0.017516 0.020533 -0.008378
v 0.020960 0.019349 -0.005219
v 0.010761 0.017996 -0.008846
v 0.013348 0.016033 -0.007484
v 0.015896 0.014158 -0.004615
v 0.006847 0.014524 -0.007665
v 0.009706 0.010299 -0.003640
v 0.008524 0.012405 -0.006159
v 0.002167 0.009413 -0.005727
v 0.002702 0.007218 -0.004471
v 0.002906 0.004495 -0.002702
v 0.000969 0.008163 -0.005275
v 0.001244 0.002702 -0.002713
v 0.001176 0.005795 -0.004170
v 0.005952 0.025551 -0.010837
v 0.008391 0.027869 -0.010875
v 0.010410 0.029765 -0.010659
v 0.012057 0.031057 -0.010324
v 0.013163 0.031706 -0.010050
v 0.014049 0.030866 -0.010001
v 0.014969 0.030034 -0.009921
v 0.014585 0.028568 -0.010140
v 0.013580 0.026242 -0.010382
v 0.011703 0.023305 -0.010353
v 0.008610 0.020070 -0.009732
v 0.004242 0.016643 -0.008708
v 0.002275 0.012947 -0.007346
v 0.001241 0.010718 -0.006447
v 0.000709 0.009488 -0.005938
v 0.001346 0.031881 -0.009126
v 0.000537 0.035674 -0.005278
v 0.002991 0.023421 -0.010544
v 0.002214 0.027237 -0.010593
v 0.007153 0.022616 -0.010442
v 0.003645 0.020185 -0.009851
v 0.009847 0.025337 -0.010755
v 0.011742 0.027697 -0.010651
v 0.013075 0.029506 -0.010347
v -0.007776 0.013491 -0.007002
v -0.005278 0.012958 -0.007097
v -0.004587 0.010591 -0.005953
v -0.006593 0.010860 -0.005647
v -0.009196 0.011304 -0.005060
v -0.005303 0.008282 -0.004238
v -0.007351 0.008643 -0.003327
v -0.010174 0.009553 -0.001911
v -0.005663 0.006203 -0.001632
v -0.015948 0.033379 -0.008917
v -0.015895 0.031618 -0.009406
v -0.017568 0.031339 -0.008868
v -0.018004 0.033431 -0.008038
v -0.017933 0.035872 -0.006851
v -0.020404 0.032975 -0.006795
v -0.020588 0.035580 -0.005045
v -0.022925 0.034403 -0.002699
v -0.001116 0.007093 -0.004758
v -0.000497 0.007884 -0.005189
v -0.000013 0.006668 -0.004663
v -0.000588 0.005437 -0.004131
v -0.001250 0.004300 -0.003521
v -0.000012 0.003767 -0.003536
v -0.000616 0.002256 -0.002759
v -0.000013 0.029099 -0.010061
v -0.003493 0.027961 -0.010627
v -0.004071 0.030910 -0.010067
v -0.000658 0.031654 -0.009120
v -0.000013 0.033893 -0.007551
v -0.002209 0.035003 -0.007529
v -0.000273 0.035521 -0.005270
v -0.005979 0.030000 -0.010543
v -0.006503 0.032855 -0.009883
v -0.004411 0.033915 -0.009006
v -0.004582 0.036770 -0.007419
v -0.002263 0.037331 -0.005327
v -0.008303 0.031878 -0.010360
v -0.008969 0.034333 -0.009701
v -0.007060 0.035668 -0.008850
v -0.007872 0.038232 -0.007319
v -0.005291 0.039187 -0.005296
v -0.010524 0.033096 -0.010090
v -0.011443 0.034966 -0.009441
v -0.009903 0.036647 -0.008694
v -0.011319 0.038610 -0.007202
v -0.009314 0.040205 -0.005243
v -0.012564 0.033499 -0.009768
v -0.013805 0.034651 -0.009135
v -0.012806 0.036601 -0.008452
v -0.014745 0.037828 -0.007023
v -0.013354 0.039986 -0.005198
v -0.014372 0.032964 -0.009519
v -0.015592 0.035494 -0.008185
v -0.017234 0.038413 -0.005112
v -0.016744 0.029660 -0.009468
v -0.018245 0.028615 -0.008992
v -0.019553 0.030616 -0.008062
v -0.021632 0.029364 -0.006859
v -0.022747 0.031849 -0.005046
v -0.016618 0.026992 -0.009669
v -0.017732 0.025189 -0.009186
v -0.019887 0.027112 -0.008213
v -0.021419 0.025035 -0.007019
v -0.023402 0.027470 -0.005101
v -0.024269 0.024888 -0.002725
v -0.015358 0.023643 -0.009792
v -0.015777 0.021132 -0.009169
v -0.018766 0.022882 -0.008401
v -0.019377 0.019926 -0.007122
v -0.022352 0.022230 -0.005208
v -0.022015 0.018923 -0.002747
v -0.012676 0.019853 -0.009374
v -0.012035 0.017026 -0.008266
v -0.015727 0.018180 -0.008100
v -0.014723 0.015034 -0.006329
v -0.018829 0.016564 -0.005051
v -0.016744 0.013572 -0.002435
v -0.008772 0.016217 -0.008247
v -0.010863 0.014127 -0.006772
v -0.012682 0.012119 -0.004083
v -0.002996 0.010384 -0.006100
v -0.002508 0.008414 -0.005161
v -0.003746 0.008255 -0.004784
v -0.002861 0.005879 -0.003665
v -0.004063 0.005732 -0.002837
v -0.002972 0.003307 -0.001479
v -0.001543 0.008671 -0.005451
v -0.001899 0.006393 -0.004271
v -0.002022 0.003462 -0.002676
v -0.000013 0.024504 -0.010594
v -0.000013 0.008721 -0.005600
v -0.000013 0.020778 -0.009977
v -0.004548 0.024393 -0.010710
v -0.007259 0.026740 -0.010892
v -0.009471 0.028887 -0.010792
v -0.011308 0.030491 -0.010496
v -0.012736 0.031465 -0.010166
v -0.013561 0.031344 -0.010034
v -0.014596 0.030387 -0.009961
v -0.014864 0.029447 -0.010014
v -0.014197 0.027489 -0.010273
v -0.012793 0.024838 -0.010425
v -0.010340 0.021696 -0.010118
v -0.006657 0.018430 -0.009259
v -0.003091 0.014493 -0.007943
v -0.001711 0.011708 -0.006848
v -0.000937 0.009964 -0.006139
v -0.000425 0.009496 -0.005958
v -0.000854 0.008984 -0.005687
v -0.005381 0.027167 -0.010831
v -0.001778 0.010189 -0.006157
v -0.003249 0.012373 -0.007029
v -0.005781 0.015532 -0.008204
v -0.009636 0.018988 -0.009315
v -0.012880 0.022479 -0.010064
v -0.014772 0.025742 -0.010134
v -0.015601 0.028393 -0.009919
v -0.015549 0.030280 -0.009747
v -0.014573 0.031549 -0.009778
v -0.013291 0.032341 -0.009910
v -0.011775 0.032109 -0.010192
v -0.009906 0.031066 -0.010525
v -0.007776 0.029346 -0.010762
v -0.002218 0.032313 -0.009119
v -0.000924 0.035981 -0.005291
v -0.001486 0.022772 -0.010409
v -0.000013 0.010247 -0.006299
v -0.000013 0.012107 -0.007070
v -0.000013 0.014726 -0.008103
v -0.001085 0.026822 -0.010548
v -0.001824 0.029506 -0.010095
v -0.002636 0.025223 -0.010700
v -0.000882 0.034100 -0.007551
v -0.000665 0.011005 -0.006605
v -0.001186 0.013236 -0.007510
v -0.001914 0.016350 -0.008668
v -0.006570 0.024035 -0.010693
v -0.003367 0.021745 -0.010236
v -0.009104 0.026539 -0.010858
v -0.012610 0.026893 -0.010548
v -0.012526 0.030205 -0.010368
v -0.000451 0.036546 -0.002678
v -0.000012 0.017779 -0.009152
v -0.007836 0.021291 -0.010113
v -0.003960 0.018610 -0.009384
v -0.010734 0.024258 -0.010582
v -0.011047 0.028650 -0.010692
v -0.013790 0.028950 -0.010274
v -0.012494 0.028671 -0.010510
v -0.010899 0.026581 -0.010743
v -0.008641 0.023993 -0.010658
v -0.005494 0.021297 -0.010146
v -0.001821 0.019474 -0.009648
v -0.013610 0.030219 -0.010179
v 0.007752 0.013490 -0.007003
v 0.005254 0.012958 -0.007098
v 0.004562 0.010590 -0.005954
v 0.006569 0.010859 -0.005647
v 0.009172 0.011304 -0.005060
v 0.005278 0.008281 -0.004238
v 0.007326 0.008643 -0.003327
v 0.005639 0.006202 -0.001632
v 0.015924 0.033380 -0.008916
v 0.015870 0.031619 -0.009408
v 0.017545 0.031340 -0.008869
v 0.017980 0.033433 -0.008038
v 0.017908 0.035872 -0.006849
v 0.020381 0.032977 -0.006796
v 0.020562 0.035581 -0.005044
v 0.019867 0.038083 -0.002724
v 0.022901 0.034404 -0.002699
v 0.001090 0.007093 -0.004758
v 0.000471 0.007884 -0.005189
v 0.000562 0.005438 -0.004131
v 0.001224 0.004301 -0.003520
v 0.000590 0.002257 -0.002757
v 0.003467 0.027961 -0.010628
v 0.004044 0.030911 -0.010066
v 0.000633 0.031656 -0.009119
v 0.002183 0.035003 -0.007527
v 0.000248 0.035521 -0.005270
v 0.001158 0.037416 -0.002705
v 0.005954 0.030000 -0.010545
v 0.006476 0.032855 -0.009882
v 0.004383 0.033914 -0.009004
v 0.004555 0.036770 -0.007419
v 0.002237 0.037330 -0.005326
v 0.008278 0.031878 -0.010361
v 0.008943 0.034335 -0.009701
v 0.007032 0.035669 -0.008848
v 0.007846 0.038234 -0.007319
v 0.005266 0.039185 -0.005294
v 0.010499 0.033097 -0.010092
v 0.011419 0.034968 -0.009441
v 0.009881 0.036649 -0.008692
v 0.011295 0.038613 -0.007201
v 0.009288 0.040204 -0.005241
v 0.011412 0.041379 -0.002747
v 0.012540 0.033499 -0.009770
v 0.013781 0.034653 -0.009136
v 0.012782 0.036603 -0.008451
v 0.014721 0.037830 -0.007023
v 0.013330 0.039986 -0.005196
v 0.015834 0.040515 -0.002751
v 0.014347 0.032965 -0.009520
v 0.015568 0.035496 -0.008184
v 0.017210 0.038413 -0.005111
v 0.016721 0.029661 -0.009470
v 0.018223 0.028616 -0.008992
v 0.019531 0.030617 -0.008062
v 0.021610 0.029365 -0.006859
v 0.022723 0.031849 -0.005045
v 0.024386 0.030001 -0.002698
v 0.016596 0.026993 -0.009671
v 0.017710 0.025190 -0.009186
v 0.019865 0.027112 -0.008212
v 0.021398 0.025036 -0.007020
v 0.023377 0.027470 -0.005100
v 0.015336 0.023644 -0.009794
v 0.015755 0.021132 -0.009170
v 0.018744 0.022882 -0.008401
v 0.019355 0.019925 -0.007122
v 0.022328 0.022231 -0.005208
v 0.012655 0.019853 -0.009376
v 0.012013 0.017025 -0.008267
v 0.015705 0.018180 -0.008100
v 0.014700 0.015033 -0.006330
v 0.018806 0.016564 -0.005050
v 0.008749 0.016216 -0.008249
v 0.010840 0.014126 -0.006772
v 0.012658 0.012119 -0.004083
v 0.002971 0.010383 -0.006100
v 0.002483 0.008413 -0.005161
v 0.003720 0.008254 -0.004784
v 0.002836 0.005878 -0.003665
v 0.004038 0.005731 -0.002837
v 0.001517 0.008671 -0.005451
v 0.001873 0.006392 -0.004271
v 0.001996 0.003462 -0.002675
v 0.004523 0.024395 -0.010710
v 0.007234 0.026741 -0.010892
v 0.009446 0.028887 -0.010792
v 0.011283 0.030491 -0.010496
v 0.012711 0.031466 -0.010165
v 0.013536 0.031345 -0.010034
v 0.014571 0.030389 -0.009960
v 0.014841 0.029448 -0.010014
v 0.014174 0.027490 -0.010273
v 0.012771 0.024838 -0.010425
v 0.010318 0.021696 -0.010119
v 0.006633 0.018430 -0.009259
v 0.003066 0.014494 -0.007943
v 0.001686 0.011708 -0.006848
v 0.000911 0.009963 -0.006139
v 0.000399 0.009496 -0.005958
v 0.000828 0.008983 -0.005687
v 0.005356 0.027167 -0.010832
v 0.001752 0.010189 -0.006157
v 0.003224 0.012373 -0.007029
v 0.005757 0.015532 -0.008205
v 0.009614 0.018988 -0.009316
v 0.012858 0.022480 -0.010066
v 0.014750 0.025743 -0.010135
v 0.015578 0.028394 -0.009920
v 0.015524 0.030281 -0.009748
v 0.014548 0.031549 -0.009778
v 0.013266 0.032342 -0.009911
v 0.011750 0.032109 -0.010193
v 0.009882 0.031065 -0.010526
v 0.007752 0.029346 -0.010763
v 0.002193 0.032315 -0.009118
v 0.000899 0.035982 -0.005290
v 0.001460 0.022774 -0.010409
v 0.001058 0.026822 -0.010549
v 0.001798 0.029507 -0.010096
v 0.002609 0.025224 -0.010700
v 0.000856 0.034101 -0.007551
v 0.000640 0.011005 -0.006604
v 0.001161 0.013237 -0.007510
v 0.001889 0.016351 -0.008668
v 0.006546 0.024037 -0.010693
v 0.003342 0.021748 -0.010236
v 0.009079 0.026539 -0.010859
v 0.012587 0.026894 -0.010548
v 0.012502 0.030206 -0.010367
v 0.000425 0.036547 -0.002678
v 0.007812 0.021292 -0.010114
v 0.003935 0.018611 -0.009384
v 0.010711 0.024258 -0.010582
v 0.011022 0.028650 -0.010692
v 0.013766 0.028950 -0.010273
v 0.012469 0.028671 -0.010510
v 0.010875 0.026581 -0.010743
v 0.008618 0.023994 -0.010658
v 0.005470 0.021298 -0.010146
v 0.001797 0.019475 -0.009648
v 0.013586 0.030220 -0.010179
v -0.019893 0.038084 -0.002725
v -0.001288 0.001276 -0.001554
v -0.000004 0.000663 -0.001609
v -0.000013 0.036334 -0.002670
v -0.001183 0.037416 -0.002706
v -0.003075 0.039202 -0.002732
v -0.007009 0.040899 -0.002748
v -0.011436 0.041379 -0.002748
v -0.015858 0.040515 -0.002752
v -0.024411 0.030001 -0.002698
v 0.010149 0.009554 -0.001911
v 0.001262 0.001277 -0.001553
v 0.003049 0.039202 -0.002732
v 0.006984 0.040899 -0.002748
v 0.024245 0.024888 -0.002724
v 0.021991 0.018923 -0.002747
v 0.016720 0.013572 -0.002435
v 0.002947 0.003306 -0.001479
v -0.006019 0.011957 -0.006457
v -0.007024 0.009718 -0.004621
v -0.007630 0.007817 -0.001754
v -0.016852 0.032444 -0.008869
v -0.019300 0.034522 -0.006806
v -0.021581 0.036365 -0.002709
v -0.000549 0.006773 -0.004684
v -0.000608 0.003899 -0.003530
v -0.000640 0.000809 -0.001593
v -0.000879 0.029197 -0.010071
v -0.000424 0.033942 -0.007551
v -0.000219 0.036383 -0.002672
v -0.005283 0.031893 -0.009978
v -0.003238 0.035840 -0.007478
v -0.001895 0.038213 -0.002720
v -0.007731 0.033687 -0.009796
v -0.006181 0.037613 -0.007366
v -0.004871 0.040179 -0.002756
v -0.010214 0.034764 -0.009584
v -0.009588 0.038568 -0.007267
v -0.009196 0.041296 -0.002745
v -0.012644 0.034933 -0.009286
v -0.013047 0.038370 -0.007120
v -0.013680 0.041140 -0.002754
v -0.014917 0.034125 -0.009007
v -0.016389 0.036985 -0.006926
v -0.017948 0.039488 -0.002740
v -0.018043 0.030064 -0.008913
v -0.021191 0.031249 -0.006815
v -0.023867 0.032266 -0.002695
v -0.018152 0.026988 -0.009091
v -0.021720 0.027301 -0.006928
v -0.024563 0.027564 -0.002709
v -0.016954 0.023225 -0.009239
v -0.020671 0.022556 -0.007111
v -0.023451 0.021969 -0.002744
v -0.014118 0.019020 -0.008855
v -0.017387 0.017328 -0.006892
v -0.019779 0.016039 -0.002660
v -0.009835 0.015186 -0.007605
v -0.011831 0.013064 -0.005636
v -0.013338 0.011459 -0.002149
v -0.003435 0.009403 -0.005514
v -0.003944 0.006995 -0.003902
v -0.004147 0.004692 -0.001525
v -0.001753 0.007640 -0.004909
v -0.001983 0.004969 -0.003549
v -0.002046 0.002127 -0.001500
v -0.000443 0.008776 -0.005617
v -0.004037 0.026088 -0.010787
v -0.000506 0.010187 -0.006264
v -0.001272 0.009457 -0.005869
v -0.002421 0.011162 -0.006544
v -0.004328 0.013838 -0.007596
v -0.007682 0.017261 -0.008776
v -0.011419 0.020729 -0.009776
v -0.013979 0.024174 -0.010163
v -0.015304 0.027154 -0.010037
v -0.015686 0.029439 -0.009813
v -0.015142 0.030955 -0.009744
v -0.013941 0.032040 -0.009831
v -0.012582 0.032343 -0.010034
v -0.010878 0.031679 -0.010363
v -0.008871 0.030282 -0.010662
v -0.006620 0.028289 -0.010819
v -0.011842 0.029498 -0.010537
v -0.002896 0.030073 -0.010107
v -0.001284 0.024684 -0.010623
v -0.001446 0.034424 -0.007544
v -0.000890 0.012012 -0.007017
v -0.001562 0.014696 -0.008074
v -0.001673 0.021031 -0.010048
v -0.005988 0.019841 -0.009736
v -0.009430 0.022785 -0.010415
v -0.011776 0.025641 -0.010614
v -0.013272 0.027999 -0.010423
v -0.014202 0.029743 -0.010121
v -0.000748 0.036869 -0.002689
v -0.010137 0.027660 -0.010807
v -0.007925 0.025313 -0.010824
v -0.005032 0.022800 -0.010478
v -0.001932 0.017967 -0.009204
v -0.013101 0.030794 -0.010200
v 0.005995 0.011956 -0.006458
v 0.007000 0.009717 -0.004621
v 0.007606 0.007816 -0.001754
v 0.016829 0.032445 -0.008869
v 0.019274 0.034526 -0.006806
v 0.021556 0.036365 -0.002709
v 0.000523 0.006773 -0.004684
v 0.000582 0.003900 -0.003529
v 0.000614 0.000811 -0.001592
v 0.000854 0.029198 -0.010071
v 0.000399 0.033942 -0.007551
v 0.000193 0.036383 -0.002672
v 0.005256 0.031893 -0.009977
v 0.003211 0.035839 -0.007478
v 0.001869 0.038213 -0.002719
v 0.007704 0.033687 -0.009795
v 0.006155 0.037613 -0.007365
v 0.004845 0.040179 -0.002756
v 0.010188 0.034766 -0.009583
v 0.009562 0.038569 -0.007266
v 0.009171 0.041296 -0.002744
v 0.012619 0.034935 -0.009286
v 0.013023 0.038372 -0.007119
v 0.013656 0.041140 -0.002753
v 0.014892 0.034126 -0.009007
v 0.016365 0.036986 -0.006924
v 0.017924 0.039488 -0.002740
v 0.018020 0.030065 -0.008913
v 0.021168 0.031251 -0.006815
v 0.023843 0.032266 -0.002694
v 0.018130 0.026989 -0.009090
v 0.021697 0.027304 -0.006927
v 0.024538 0.027564 -0.002709
v 0.016933 0.023225 -0.009239
v 0.020649 0.022556 -0.007111
v 0.023426 0.021969 -0.002744
v 0.014097 0.019019 -0.008856
v 0.017364 0.017328 -0.006892
v 0.019755 0.016039 -0.002660
v 0.009812 0.015185 -0.007606
v 0.011807 0.013063 -0.005637
v 0.013314 0.011460 -0.002149
v 0.003410 0.009402 -0.005515
v 0.003919 0.006993 -0.003902
v 0.004122 0.004691 -0.001525
v 0.001727 0.007640 -0.004909
v 0.001958 0.004968 -0.003549
v 0.002021 0.002127 -0.001500
v 0.000417 0.008776 -0.005616
v 0.004011 0.026089 -0.010788
v 0.000481 0.010187 -0.006263
v 0.001247 0.009456 -0.005868
v 0.002396 0.011161 -0.006544
v 0.004304 0.013838 -0.007597
v 0.007659 0.017261 -0.008778
v 0.011397 0.020729 -0.009778
v 0.013957 0.024175 -0.010165
v 0.015281 0.027155 -0.010038
v 0.015663 0.029440 -0.009813
v 0.015118 0.030956 -0.009745
v 0.013916 0.032041 -0.009832
v 0.012556 0.032343 -0.010035
v 0.010853 0.031679 -0.010364
v 0.008846 0.030281 -0.010664
v 0.006596 0.028289 -0.010820
v 0.011817 0.029498 -0.010537
v 0.002870 0.030074 -0.010107
v 0.001257 0.024685 -0.010623
v 0.001420 0.034425 -0.007544
v 0.000865 0.012012 -0.007017
v 0.001537 0.014697 -0.008074
v 0.001648 0.021033 -0.010048
v 0.005964 0.019841 -0.009736
v 0.009407 0.022785 -0.010416
v 0.011753 0.025641 -0.010614
v 0.013248 0.027999 -0.010423
v 0.014178 0.029744 -0.010120
v 0.000722 0.036871 -0.002689
v 0.010112 0.027660 -0.010807
v 0.007901 0.025314 -0.010825
v 0.005008 0.022803 -0.010477
v 0.001907 0.017969 -0.009204
v 0.013076 0.030795 -0.010199
v -0.005501 0.007123 0.003118
v -0.016434 0.030722 0.009464
v -0.018916 0.032110 0.008082
v -0.021851 0.033804 0.005090
v -0.000013 0.007797 0.005215
v -0.000013 0.005319 0.004173
v -0.000010 0.002113 0.002826
v 0.000058 0.035524 0.005217
v -0.001447 0.036521 0.005375
v -0.007083 0.030939 0.010517
v -0.005699 0.034849 0.008975
v -0.003523 0.038284 0.005371
v -0.009430 0.032582 0.010289
v -0.008463 0.036282 0.008831
v -0.007306 0.039852 0.005317
v -0.011572 0.033406 0.009979
v -0.011362 0.036754 0.008635
v -0.011335 0.040248 0.005274
v -0.013497 0.033354 0.009679
v -0.014223 0.036180 0.008364
v -0.015329 0.039376 0.005211
v -0.015185 0.032371 0.009496
v -0.019019 0.037132 0.005122
v -0.016873 0.034568 0.008142
v -0.016810 0.028417 0.009613
v -0.019885 0.028952 0.008176
v -0.023262 0.029749 0.005117
v -0.016143 0.025397 0.009812
v -0.024658 0.024856 0.000033
v -0.019527 0.025088 0.008368
v -0.023124 0.024964 0.005203
v -0.014208 0.021749 0.009741
v -0.022359 0.018772 0.000018
v -0.017538 0.020533 0.008430
v -0.020983 0.019349 0.005270
v -0.013301 0.015978 0.007515
v -0.015919 0.014158 0.004667
v -0.010434 0.009223 0.000019
v -0.009730 0.010299 0.003692
v -0.002728 0.007219 0.004523
v -0.002931 0.004495 0.002753
v -0.000995 0.008163 0.005327
v -0.001270 0.002700 0.002766
v -0.001202 0.005795 0.004222
v -0.020252 0.038468 0.000013
v 0.000000 0.000000 0.000000
v -0.001220 0.037694 0.000025
v -0.003145 0.039486 0.000025
v -0.006990 0.041246 0.000021
v -0.011536 0.041785 0.000019
v -0.016105 0.040952 0.000015
v -0.024818 0.030087 0.000018
v -0.000048 0.009622 0.006074
v -0.010435 0.029765 0.010711
v -0.012082 0.031057 0.010376
v -0.013189 0.031705 0.010101
v -0.014074 0.030865 0.010053
v -0.014993 0.030033 0.009973
v -0.014608 0.028567 0.010192
v -0.013603 0.026241 0.010433
v -0.011685 0.023304 0.010407
v -0.000533 0.035680 0.005274
v -0.011766 0.027696 0.010702
v -0.013100 0.029505 0.010399
v 0.005501 0.007170 0.003150
v 0.016411 0.030723 0.009465
v 0.018893 0.032111 0.008082
v 0.021827 0.033805 0.005090
v 0.001476 0.036593 0.005353
v 0.003497 0.038284 0.005370
v 0.009406 0.032582 0.010290
v 0.008437 0.036283 0.008829
v 0.007280 0.039852 0.005315
v 0.011548 0.033407 0.009981
v 0.011338 0.036756 0.008634
v 0.011310 0.040249 0.005273
v 0.013472 0.033355 0.009681
v 0.014199 0.036183 0.008364
v 0.015305 0.039377 0.005210
v 0.020227 0.038467 0.000013
v 0.015161 0.032371 0.009497
v 0.018992 0.037131 0.005120
v 0.016848 0.034569 0.008140
v 0.016787 0.028418 0.009614
v 0.024794 0.030087 0.000018
v 0.019863 0.028953 0.008176
v 0.023238 0.029749 0.005117
v 0.019515 0.025070 0.008361
v 0.023087 0.024953 0.005218
v 0.002285 0.009427 0.005768
v 0.002702 0.007218 0.004522
v 0.002905 0.004494 0.002753
v 0.000969 0.008163 0.005327
v 0.001244 0.002701 0.002764
v 0.001176 0.005795 0.004221
v 0.003118 0.039487 0.000025
v 0.002983 0.002771 0.000018
v 0.010408 0.029769 0.010710
v 0.012057 0.031057 0.010375
v 0.013163 0.031706 0.010101
v 0.014049 0.030866 0.010053
v 0.014969 0.030034 0.009973
v 0.014585 0.028568 0.010191
v 0.013051 0.025869 0.010505
v 0.000840 0.009623 0.006042
v 0.000629 0.035767 0.005284
v 0.013075 0.029506 0.010398
v -0.009173 0.011278 0.005097
v -0.005308 0.008281 0.004285
v -0.007351 0.008643 0.003379
v -0.010173 0.009553 0.001963
v -0.005663 0.006203 0.001684
v -0.007808 0.007452 0.000020
v -0.015948 0.033379 0.008968
v -0.015894 0.031618 0.009458
v -0.017568 0.031339 0.008920
v -0.018004 0.033431 0.008090
v -0.017933 0.035872 0.006902
v -0.020404 0.032975 0.006847
v -0.020588 0.035580 0.005096
v -0.022925 0.034403 0.002750
v -0.001116 0.007093 0.004809
v -0.000497 0.007884 0.005241
v -0.000013 0.006669 0.004714
v -0.000588 0.005438 0.004183
v -0.001250 0.004300 0.003573
v -0.000012 0.003767 0.003587
v -0.000616 0.002256 0.002810
v -0.002145 0.035044 0.007507
v -0.000221 0.035549 0.005224
v -0.005819 0.030098 0.010557
v -0.006503 0.032855 0.009934
v -0.004330 0.033941 0.009020
v -0.004582 0.036770 0.007470
v -0.002263 0.037331 0.005378
v -0.008292 0.031859 0.010414
v -0.008969 0.034333 0.009752
v -0.007060 0.035668 0.008902
v -0.007872 0.038232 0.007370
v -0.005291 0.039187 0.005347
v -0.010524 0.033096 0.010142
v -0.011443 0.034966 0.009493
v -0.009903 0.036647 0.008745
v -0.011319 0.038610 0.007253
v -0.009314 0.040205 0.005294
v -0.012564 0.033499 0.009819
v -0.013805 0.034651 0.009186
v -0.012806 0.036601 0.008504
v -0.014745 0.037828 0.007074
v -0.013354 0.039986 0.005249
v -0.014372 0.032964 0.009570
v -0.015592 0.035494 0.008236
v -0.017234 0.038413 0.005164
v -0.016744 0.029660 0.009520
v -0.018245 0.028615 0.009044
v -0.019553 0.030616 0.008114
v -0.021632 0.029364 0.006910
v -0.022747 0.031849 0.005097
v -0.016618 0.026992 0.009721
v -0.017732 0.025189 0.009237
v -0.019887 0.027112 0.008264
v -0.021419 0.025035 0.007071
v -0.023402 0.027470 0.005153
v -0.024269 0.024888 0.002776
v -0.015358 0.023643 0.009843
v -0.015777 0.021132 0.009220
v -0.018766 0.022882 0.008453
v -0.019377 0.019926 0.007173
v -0.022352 0.022230 0.005260
v -0.022015 0.018923 0.002798
v -0.012642 0.019794 0.009407
v -0.015707 0.018161 0.008147
v -0.014713 0.015034 0.006385
v -0.018829 0.016564 0.005102
v -0.016744 0.013572 0.002487
v -0.012682 0.012119 0.004134
v -0.013663 0.011182 0.000034
v -0.002500 0.008378 0.005195
v -0.003731 0.008212 0.004814
v -0.002861 0.005879 0.003717
v -0.004062 0.005732 0.002888
v -0.002972 0.003305 0.001530
v -0.004208 0.004237 0.000031
v -0.001540 0.008643 0.005489
v -0.001899 0.006393 0.004323
v -0.002022 0.003460 0.002728
v -0.001950 0.038490 0.000025
v -0.004901 0.040495 0.000023
v -0.009212 0.041669 0.000031
v -0.013858 0.041570 0.000035
v -0.018256 0.039915 0.000014
v -0.000013 0.008721 0.005651
v -0.009431 0.028787 0.010851
v -0.011308 0.030491 0.010547
v -0.012736 0.031465 0.010217
v -0.013561 0.031344 0.010085
v -0.014596 0.030387 0.010012
v -0.014864 0.029447 0.010066
v -0.014198 0.027489 0.010324
v -0.012793 0.024838 0.010476
v -0.000575 0.009582 0.006042
v -0.000821 0.008954 0.005727
v -0.012814 0.022412 0.010109
v -0.014772 0.025743 0.010186
v -0.015601 0.028393 0.009970
v -0.015549 0.030280 0.009799
v -0.014573 0.031549 0.009829
v -0.013291 0.032341 0.009961
v -0.011775 0.032109 0.010243
v -0.009906 0.031066 0.010577
v -0.000919 0.035965 0.005360
v -0.012610 0.026893 0.010599
v -0.012527 0.030205 0.010419
v -0.000451 0.036546 0.002729
v -0.010746 0.024209 0.010625
v -0.011047 0.028650 0.010743
v -0.013790 0.028950 0.010325
v -0.012494 0.028671 0.010561
v -0.010860 0.026481 0.010794
v -0.013610 0.030219 0.010231
v 0.005639 0.006201 0.001684
v 0.015924 0.033380 0.008967
v 0.015870 0.031619 0.009459
v 0.017545 0.031340 0.008920
v 0.017980 0.033433 0.008089
v 0.017908 0.035872 0.006900
v 0.020381 0.032977 0.006848
v 0.020562 0.035581 0.005096
v 0.019867 0.038083 0.002775
v 0.022901 0.034404 0.002750
v 0.001090 0.007093 0.004809
v 0.000471 0.007884 0.005240
v 0.000561 0.005437 0.004182
v 0.001224 0.004300 0.003571
v 0.000590 0.002256 0.002809
v 0.000337 0.035597 0.005240
v 0.001158 0.037416 0.002757
v 0.002249 0.037342 0.005375
v 0.008278 0.031878 0.010412
v 0.008943 0.034335 0.009752
v 0.007033 0.035669 0.008900
v 0.007846 0.038234 0.007370
v 0.005266 0.039185 0.005346
v 0.010499 0.033097 0.010143
v 0.011419 0.034968 0.009493
v 0.009881 0.036649 0.008743
v 0.011295 0.038613 0.007253
v 0.009288 0.040204 0.005292
v 0.011412 0.041379 0.002798
v 0.012540 0.033499 0.009821
v 0.013781 0.034653 0.009187
v 0.012782 0.036603 0.008502
v 0.014721 0.037830 0.007074
v 0.013330 0.039986 0.005247
v 0.015834 0.040515 0.002803
v 0.014347 0.032965 0.009571
v 0.015568 0.035496 0.008235
v 0.017210 0.038413 0.005162
v 0.016721 0.029661 0.009521
v 0.018223 0.028616 0.009044
v 0.019531 0.030617 0.008113
v 0.021610 0.029365 0.006910
v 0.022723 0.031849 0.005096
v 0.024386 0.030001 0.002749
v 0.016558 0.026918 0.009733
v 0.019868 0.027093 0.008262
v 0.021321 0.025002 0.007128
v 0.023377 0.027470 0.005151
v 0.022267 0.022178 0.005314
v 0.002475 0.008376 0.005194
v 0.002836 0.005877 0.003716
v 0.004042 0.005742 0.002896
v 0.001514 0.008642 0.005489
v 0.001873 0.006392 0.004323
v 0.001996 0.003461 0.002727
v 0.002057 0.001522 0.000014
v 0.011283 0.030491 0.010547
v 0.012711 0.031466 0.010217
v 0.013536 0.031345 0.010085
v 0.014572 0.030389 0.010012
v 0.014840 0.029448 0.010065
v 0.014092 0.027430 0.010341
v 0.000413 0.009603 0.006058
v 0.000828 0.008965 0.005729
v 0.015578 0.028394 0.009971
v 0.015524 0.030281 0.009799
v 0.014548 0.031549 0.009829
v 0.013266 0.032342 0.009962
v 0.011749 0.032109 0.010244
v 0.009882 0.031065 0.010578
v 0.000982 0.036075 0.005329
v 0.012502 0.030206 0.010418
v 0.000425 0.036547 0.002729
v 0.010960 0.028686 0.010747
v 0.013766 0.028950 0.010325
v 0.012407 0.028644 0.010571
v 0.013586 0.030220 0.010230
v -0.019893 0.038084 0.002776
v -0.021978 0.036666 0.000037
v -0.001288 0.001274 0.001605
v -0.000004 0.000662 0.001660
v -0.000013 0.036334 0.002722
v -0.001183 0.037416 0.002757
v -0.003075 0.039202 0.002783
v -0.007009 0.040899 0.002800
v -0.011436 0.041379 0.002799
v -0.015858 0.040515 0.002803
v -0.024411 0.030001 0.002750
v -0.002083 0.001522 0.000036
v 0.010149 0.009554 0.001962
v 0.007784 0.007452 0.000020
v 0.001262 0.001276 0.001604
v 0.000198 0.036633 0.000025
v 0.003049 0.039202 0.002783
v 0.001925 0.038490 0.000025
v 0.006984 0.040899 0.002799
v 0.024245 0.024888 0.002776
v 0.024942 0.027593 0.000033
v 0.021991 0.018923 0.002798
v 0.016720 0.013572 0.002487
v 0.002947 0.003304 0.001530
v -0.007037 0.009707 0.004656
v -0.007630 0.007816 0.001805
v -0.016852 0.032444 0.008920
v -0.019298 0.034524 0.006857
v -0.021581 0.036365 0.002760
v -0.000549 0.006773 0.004736
v -0.000609 0.003899 0.003581
v -0.000640 0.000809 0.001644
v -0.000219 0.036383 0.002723
v -0.005207 0.031927 0.010004
v -0.003215 0.035848 0.007513
v -0.001895 0.038213 0.002771
v -0.007731 0.033687 0.009848
v -0.006181 0.037613 0.007418
v -0.004871 0.040179 0.002807
v -0.010214 0.034764 0.009635
v -0.009588 0.038568 0.007318
v -0.009196 0.041296 0.002796
v -0.012644 0.034933 0.009338
v -0.013047 0.038370 0.007171
v -0.013680 0.041140 0.002805
v -0.014917 0.034125 0.009059
v -0.016389 0.036985 0.006977
v -0.017948 0.039488 0.002792
v -0.018043 0.030064 0.008965
v -0.021191 0.031249 0.006867
v -0.023867 0.032266 0.002746
v -0.018152 0.026988 0.009142
v -0.021720 0.027301 0.006979
v -0.024563 0.027564 0.002760
v -0.016954 0.023225 0.009290
v -0.020671 0.022556 0.007163
v -0.023451 0.021969 0.002796
v -0.014037 0.018947 0.008891
v -0.017387 0.017328 0.006943
v -0.019779 0.016039 0.002711
v -0.011787 0.013060 0.005701
v -0.013338 0.011459 0.002200
v -0.003944 0.006994 0.003953
v -0.004147 0.004691 0.001576
v -0.001753 0.007640 0.004961
v -0.001983 0.004968 0.003601
v -0.002046 0.002125 0.001552
v -0.000438 0.008765 0.005663
v -0.013979 0.024174 0.010214
v -0.015304 0.027154 0.010089
v -0.015686 0.029439 0.009864
v -0.015142 0.030955 0.009796
v -0.013941 0.032040 0.009883
v -0.012582 0.032343 0.010085
v -0.010878 0.031679 0.010414
v -0.008816 0.030192 0.010725
v -0.011842 0.029498 0.010589
v -0.011768 0.025619 0.010665
v -0.013272 0.027999 0.010474
v -0.014202 0.029743 0.010172
v -0.000748 0.036869 0.002741
v -0.010097 0.027565 0.010862
v -0.013100 0.030794 0.010251
v 0.007606 0.007815 0.001805
v 0.016829 0.032445 0.008920
v 0.019274 0.034526 0.006857
v 0.021556 0.036365 0.002760
v 0.000523 0.006773 0.004735
v 0.000582 0.003899 0.003580
v 0.000614 0.000810 0.001643
v 0.000193 0.036383 0.002723
v 0.001869 0.038213 0.002771
v 0.007704 0.033687 0.009847
v 0.006155 0.037613 0.007417
v 0.004845 0.040179 0.002807
v 0.010188 0.034766 0.009634
v 0.009562 0.038569 0.007317
v 0.009171 0.041295 0.002796
v 0.012619 0.034935 0.009338
v 0.013023 0.038372 0.007171
v 0.013656 0.041140 0.002804
v 0.014892 0.034126 0.009058
v 0.016365 0.036986 0.006976
v 0.017924 0.039488 0.002791
v 0.018020 0.030065 0.008965
v 0.021168 0.031251 0.006866
v 0.023843 0.032266 0.002746
v 0.018126 0.026902 0.009142
v 0.021697 0.027301 0.006979
v 0.024538 0.027564 0.002760
v 0.023426 0.021969 0.002796
v 0.019755 0.016039 0.002711
v 0.013314 0.011460 0.002200
v 0.003949 0.007091 0.004008
v 0.004122 0.004690 0.001576
v 0.001727 0.007640 0.004960
v 0.001958 0.004968 0.003600
v 0.002021 0.002126 0.001551
v 0.000417 0.008776 0.005668
v 0.001365 0.009488 0.005921
v 0.015216 0.027087 0.010105
v 0.015663 0.029440 0.009865
v 0.015118 0.030956 0.009796
v 0.013916 0.032041 0.009883
v 0.012556 0.032343 0.010086
v 0.010853 0.031679 0.010415
v 0.008838 0.030288 0.010714
v 0.011805 0.029493 0.010590
v 0.013175 0.027954 0.010488
v 0.014178 0.029744 0.010172
v 0.000722 0.036871 0.002740
v 0.013076 0.030795 0.010250
v 0.004936 0.012866 0.007141
v 0.011675 0.024195 0.010538
v 0.003416 0.033248 0.009079
v 0.004843 0.015772 0.008406
v 0.004166 0.016381 0.008666
v 0.011541 0.014435 0.006874
v -0.001791 0.027036 0.010626
v -0.002647 0.010941 0.006467
v -0.008179 0.021990 0.010333
v -0.001085 0.032370 0.008868
v -0.008007 0.023253 0.010604
v 0.011463 0.022925 0.010358
v -0.001843 0.031482 0.009454
v -0.006616 0.026476 0.010930
v 0.005251 0.010678 0.005916
v 0.013196 0.023528 0.010256
v -0.002514 0.027076 0.010682
v -0.003911 0.011089 0.006382
v 0.005459 0.027055 0.010891
v -0.007675 0.024714 0.010822
v 0.007440 0.026880 0.010945
v 0.001890 0.017736 0.009182
v 0.016842 0.016969 0.006958
v 0.015155 0.015456 0.006550
v 0.013826 0.015075 0.006732
v 0.008386 0.011383 0.005489
v -0.001847 0.027244 0.010603
v -0.002147 0.027766 0.010562
v 0.014876 0.023305 0.009905
v 0.008573 0.026782 0.010931
v 0.005787 0.026994 0.010908
v 0.004685 0.032191 0.009821
v 0.011630 0.013838 0.006412
v 0.011387 0.012963 0.005750
v 0.009805 0.011846 0.005342
v 0.016282 0.022567 0.009390
v -0.005485 0.026853 0.010896
v 0.011636 0.022857 0.010328
v 0.012049 0.023064 0.010326
v -0.001314 0.012894 0.007418
v -0.001103 0.012066 0.007083
v -0.001965 0.027011 0.010641
v -0.002409 0.030201 0.010032
v 0.010678 0.026057 0.010792
v 0.011203 0.025287 0.010697
v 0.011979 0.015324 0.007371
v 0.011663 0.015506 0.007541
v 0.011499 0.015450 0.007536
v 0.011499 0.015126 0.007340
v 0.000704 0.017570 0.009136
v -0.008223 0.014976 0.007769
v 0.005144 0.013777 0.007549
v 0.005092 0.014873 0.008030
v -0.008350 0.020624 0.009961
v 0.011500 0.023262 0.010415
v 0.001623 0.033437 0.008389
v 0.000280 0.033109 0.008269
v -0.001439 0.013937 0.007834
v -0.003934 0.027200 0.010793
v -0.007846 0.013577 0.007089
v -0.007292 0.025713 0.010909
v 0.009808 0.026563 0.010873
v 0.005604 0.027312 0.010887
v -0.000983 0.015948 0.008592
v -0.002668 0.028754 0.010446
v 0.005970 0.029456 0.010691
v 0.005858 0.028029 0.010854
v 0.017750 0.019779 0.008051
v 0.017562 0.018334 0.007463
v 0.017463 0.021428 0.008710
v -0.008458 0.018738 0.009339
v 0.006701 0.011049 0.005788
v 0.003007 0.016994 0.008919
v -0.001064 0.011203 0.006721
v -0.005386 0.011329 0.006271
v 0.012766 0.015074 0.007034
v -0.006484 0.011778 0.006310
v -0.007236 0.012462 0.006560
v -0.001755 0.010900 0.006538
v 0.004592 0.011322 0.006400
v 0.004718 0.012170 0.006823
v -0.008364 0.016661 0.008530
v 0.005561 0.030915 0.010350
v -0.000246 0.016531 0.008798
v -0.001309 0.015033 0.008257
v 0.006556 0.026934 0.010930
v -0.004977 0.009572 0.005308
v -0.006719 0.010801 0.005619
v -0.008332 0.012127 0.006073
v -0.004392 0.029087 0.010596
v -0.003657 0.031047 0.009997
v -0.002681 0.033103 0.008918
v -0.010683 0.018100 0.008945
v -0.011284 0.016390 0.008094
v -0.010425 0.014128 0.006919
v -0.002239 0.009442 0.005785
v -0.007336 0.028657 0.010866
v -0.008237 0.027249 0.010940
v -0.009581 0.024581 0.010747
v -0.008867 0.026019 0.010898
v 0.005419 0.008680 0.004535
v 0.007337 0.008648 0.003377
v 0.009716 0.010335 0.003730
v 0.007238 0.031167 0.010486
v 0.006578 0.032980 0.009909
v 0.005750 0.034912 0.008964
v 0.004570 0.036779 0.007470
v 0.015850 0.024989 0.009861
v 0.017676 0.024525 0.009184
v 0.020793 0.019246 0.005389
v 0.015985 0.014130 0.004539
v 0.018815 0.016458 0.004948
v 0.012553 0.012053 0.004113
v 0.003773 0.008487 0.004961
v 0.009392 0.028956 0.010840
v 0.014347 0.025337 0.010247
v 0.007808 0.029558 0.010790
v 0.011290 0.027509 0.010756
v 0.012173 0.026609 0.010652
v 0.000476 0.034453 0.007083
v -0.000013 0.034357 0.007096
v -0.000563 0.034283 0.007285
v -0.003451 0.009411 0.005567
v -0.001322 0.009524 0.005946
v -0.010891 0.020131 0.009679
v -0.010073 0.021751 0.010197
v -0.005803 0.028548 0.010797
v -0.001398 0.034197 0.007747
v -0.009580 0.023041 0.010509
v 0.001447 0.034705 0.007360
v 0.000940 0.034573 0.007179
v 0.003339 0.035947 0.007515
v 0.002561 0.035375 0.007516
v 0.018638 0.023279 0.008575
v 0.019995 0.022272 0.007567
v 0.003360 0.009433 0.005592
v 0.017626 0.016651 0.006218
v 0.001992 0.034923 0.007525
v 0.010005 0.027791 0.010862
v 0.016515 0.017127 0.007232
v 0.015534 0.016117 0.006925
v 0.014331 0.015581 0.006959
v 0.008281 0.011717 0.005784
v -0.001531 0.026899 0.010620
v -0.001535 0.027260 0.010574
v -0.001794 0.027976 0.010488
v 0.013256 0.022911 0.010144
v 0.014573 0.022723 0.009871
v 0.007418 0.026512 0.010940
v 0.008519 0.026372 0.010923
v 0.005163 0.026939 0.010882
v 0.005512 0.026722 0.010902
v 0.010833 0.013562 0.006419
v 0.010445 0.012720 0.005869
v 0.009567 0.012043 0.005606
v 0.015852 0.022003 0.009403
v 0.011248 0.022745 0.010341
v 0.011585 0.022582 0.010279
v 0.012219 0.022751 0.010248
v -0.001772 0.012833 0.007375
v -0.001538 0.012071 0.007065
v -0.002500 0.026661 0.010716
v -0.001760 0.026735 0.010651
v -0.001912 0.029956 0.010025
v -0.001468 0.031050 0.009559
v 0.010368 0.025608 0.010790
v 0.010761 0.024912 0.010703
v 0.012160 0.015592 0.007503
v 0.011622 0.015745 0.007689
v 0.011311 0.015621 0.007668
v 0.011137 0.015138 0.007413
v 0.010980 0.014295 0.006905
v 0.001887 0.017167 0.008997
v 0.000787 0.017028 0.008961
v 0.005399 0.012803 0.007054
v 0.005622 0.013725 0.007476
v 0.005539 0.014866 0.007993
v 0.010999 0.024006 0.010577
v 0.011107 0.023232 0.010445
v -0.007612 0.021739 0.010285
v -0.007449 0.022952 0.010558
v 0.000420 0.032716 0.008554
v -0.001919 0.013910 0.007809
v -0.005344 0.026240 0.010894
v -0.003990 0.026482 0.010831
v -0.007120 0.013502 0.007167
v -0.007397 0.014740 0.007755
v -0.007175 0.024389 0.010789
v -0.006884 0.025268 0.010878
v -0.006338 0.025877 0.010911
v -0.000835 0.031876 0.009081
v 0.009654 0.026097 0.010865
v 0.005202 0.027296 0.010868
v -0.002007 0.028927 0.010320
v 0.005631 0.029418 0.010665
v 0.005483 0.028041 0.010831
v 0.017138 0.019672 0.008280
v 0.017063 0.018341 0.007717
v -0.002716 0.011486 0.006718
v -0.003970 0.011658 0.006662
v 0.016726 0.020948 0.008861
v -0.007734 0.018478 0.009281
v -0.007723 0.020396 0.009913
v 0.006650 0.011540 0.006120
v 0.005597 0.011533 0.006343
v 0.004350 0.016809 0.008815
v 0.003102 0.017535 0.009099
v -0.001541 0.011624 0.006874
v -0.005408 0.011881 0.006573
v 0.013106 0.015445 0.007205
v -0.006317 0.012155 0.006564
v -0.006790 0.012609 0.006734
v -0.001933 0.011423 0.006758
v 0.005234 0.011786 0.006547
v 0.005201 0.012202 0.006773
v -0.007602 0.016375 0.008471
v 0.005095 0.015926 0.008452
v 0.004424 0.031960 0.009848
v 0.005254 0.030783 0.010339
v 0.001752 0.033021 0.008677
v 0.003441 0.032690 0.009333
v -0.000392 0.016979 0.008947
v -0.001230 0.016120 0.008649
v -0.001762 0.015043 0.008251
v 0.006514 0.026604 0.010932
v 0.012470 0.012811 0.005131
v 0.015394 0.014727 0.005728
v 0.010547 0.011564 0.004718
v 0.008827 0.010730 0.004724
v 0.007051 0.009798 0.004718
v -0.000192 0.010902 0.006625
v 0.000546 0.010780 0.006565
v 0.001257 0.010756 0.006514
v 0.002087 0.010786 0.006452
v 0.003186 0.010945 0.006404
v -0.000256 0.011974 0.007066
v 0.000673 0.011920 0.007036
v 0.001596 0.011910 0.006993
v 0.002571 0.011930 0.006933
v 0.003660 0.012016 0.006872
v 0.003929 0.012937 0.007277
v 0.002827 0.012985 0.007382
v 0.001768 0.013004 0.007446
v 0.000724 0.012999 0.007475
v -0.000340 0.012962 0.007466
v -0.000389 0.014070 0.007903
v 0.000742 0.014180 0.007942
v 0.001843 0.014205 0.007928
v 0.002950 0.014140 0.007858
v 0.004097 0.013974 0.007722
v -0.000331 0.015326 0.008375
v 0.000771 0.015593 0.008468
v 0.001875 0.015668 0.008478
v 0.002989 0.015550 0.008403
v 0.004140 0.015207 0.008222
v -0.000208 0.032386 0.008737
v -0.000385 0.032835 0.008475
v 0.001087 0.032917 0.008554
v 0.000963 0.033303 0.008265
v 0.002548 0.032963 0.008952
v 0.002401 0.033434 0.008661
v 0.004009 0.033836 0.008980
v 0.004823 0.034308 0.008997
v 0.005138 0.032433 0.009829
v 0.005837 0.032651 0.009886
v 0.006577 0.030997 0.010455
v 0.005955 0.030976 0.010385
v 0.006415 0.029495 0.010719
v 0.007093 0.029434 0.010774
v 0.008216 0.028317 0.010906
v 0.007295 0.028159 0.010904
v 0.006474 0.028180 0.010874
v 0.008527 0.027515 0.010933
v 0.007393 0.027428 0.010939
v 0.006331 0.027344 0.010915
v 0.018929 0.018435 0.006654
v 0.019489 0.019937 0.007076
v 0.016015 0.017463 0.006461
v 0.015323 0.016604 0.006118
v 0.014356 0.016288 0.006243
v -0.000953 0.026952 0.009603
v -0.000923 0.027491 0.009520
v -0.001163 0.028250 0.009388
v 0.013211 0.022487 0.009073
v 0.014416 0.022317 0.008818
v 0.007368 0.026274 0.009969
v 0.008482 0.026159 0.009949
v 0.004501 0.027021 0.009876
v 0.004946 0.026493 0.009915
v 0.010268 0.013830 0.005543
v 0.009931 0.013074 0.005046
v 0.009369 0.012535 0.004786
v 0.008307 0.012336 0.004997
v 0.015608 0.021701 0.008376
v 0.010702 0.022688 0.009383
v 0.011215 0.022135 0.009217
v 0.012208 0.022344 0.009173
v -0.002258 0.013011 0.006374
v -0.001988 0.012260 0.006065
v -0.002490 0.026387 0.009764
v -0.001333 0.026487 0.009676
v -0.001292 0.030043 0.008881
v -0.000908 0.030993 0.008447
v 0.009874 0.025600 0.009853
v 0.010192 0.024972 0.009779
v 0.012289 0.016335 0.006790
v 0.011602 0.016475 0.006986
v 0.010840 0.016241 0.006973
v 0.010586 0.015423 0.006545
v 0.010423 0.014548 0.006019
v 0.002391 0.018578 0.008429
v 0.000744 0.018346 0.008365
v 0.005839 0.013037 0.006015
v 0.006076 0.013982 0.006467
v 0.006005 0.015168 0.007030
v 0.010400 0.024129 0.009662
v 0.010512 0.023335 0.009525
v -0.007056 0.021904 0.009341
v -0.006902 0.023114 0.009611
v 0.001118 0.032704 0.007540
v 0.001768 0.032820 0.007659
v -0.002422 0.014142 0.006840
v -0.005290 0.026012 0.009924
v -0.003970 0.026221 0.009868
v -0.006643 0.013842 0.006319
v -0.006886 0.015055 0.006890
v -0.006658 0.024483 0.009829
v -0.006427 0.025313 0.009911
v -0.006135 0.025817 0.009937
v 0.000078 0.032261 0.007699
v 0.000529 0.032580 0.007508
v 0.009440 0.026019 0.009905
v 0.004530 0.027567 0.009840
v -0.001356 0.029120 0.009187
v 0.004903 0.029554 0.009581
v 0.004781 0.028335 0.009775
v 0.016604 0.019909 0.007492
v 0.016507 0.018630 0.006951
v -0.002667 0.012137 0.005955
v -0.004003 0.012311 0.005898
v 0.016393 0.020978 0.007932
v -0.007178 0.018694 0.008357
v -0.007162 0.020559 0.008969
v 0.006773 0.012164 0.005320
v 0.005824 0.012115 0.005504
v 0.004820 0.017258 0.007932
v 0.003598 0.018082 0.008253
v -0.001858 0.011990 0.005956
v -0.005374 0.012485 0.005796
v 0.013210 0.016194 0.006504
v -0.006142 0.012611 0.005732
v -0.006382 0.013001 0.005907
v -0.002063 0.011912 0.005905
v 0.005496 0.012165 0.005596
v 0.005608 0.012466 0.005744
v -0.007067 0.016661 0.007582
v -0.000464 0.031859 0.007960
v 0.005568 0.016290 0.007530
v 0.003920 0.031805 0.008749
v 0.004593 0.030756 0.009237
v 0.002414 0.032769 0.007895
v 0.003127 0.032481 0.008257
v -0.000510 0.017741 0.008178
v -0.001689 0.016827 0.007865
v -0.002280 0.015369 0.007327
v 0.006384 0.026355 0.009960
v 0.016440 0.017401 0.006207
v 0.015460 0.016409 0.005899
v 0.014270 0.015861 0.005942
v -0.001562 0.027094 0.009625
v -0.001566 0.027452 0.009576
v -0.001829 0.028162 0.009473
v 0.013227 0.023120 0.009194
v 0.014542 0.022934 0.008915
v 0.007393 0.026717 0.009978
v 0.008493 0.026578 0.009964
v 0.005140 0.027142 0.009906
v 0.005489 0.026925 0.009930
v 0.010779 0.013841 0.005403
v 0.010380 0.013022 0.004835
v 0.009497 0.012347 0.004568
v 0.008221 0.012000 0.004762
v 0.015814 0.022217 0.008435
v 0.011221 0.022953 0.009397
v 0.011558 0.022790 0.009335
v 0.012191 0.022960 0.009303
v -0.001796 0.013052 0.006417
v -0.001561 0.012290 0.006106
v -0.002531 0.026861 0.009734
v -0.001790 0.026932 0.009666
v -0.001960 0.030112 0.008958
v -0.001525 0.031177 0.008459
v 0.010340 0.025814 0.009836
v 0.010734 0.025119 0.009752
v 0.012122 0.015838 0.006512
v 0.011586 0.015984 0.006705
v 0.011276 0.015860 0.006685
v 0.011099 0.015382 0.006425
v 0.010936 0.014554 0.005902
v 0.001865 0.017947 0.008235
v 0.000678 0.017782 0.008190
v 0.005367 0.013031 0.006083
v 0.005592 0.013949 0.006510
v 0.005511 0.015085 0.007035
v 0.010972 0.024214 0.009629
v 0.011080 0.023440 0.009500
v -0.007637 0.021948 0.009341
v -0.007474 0.023160 0.009614
v 0.001132 0.032948 0.007376
v 0.001811 0.033068 0.007511
v -0.001943 0.014127 0.006854
v -0.005371 0.026445 0.009932
v -0.004018 0.026685 0.009859
v -0.007136 0.013738 0.006184
v -0.007416 0.014967 0.006783
v -0.007201 0.024597 0.009841
v -0.006909 0.025475 0.009926
v -0.006363 0.026082 0.009951
v -0.000247 0.032428 0.007585
v 0.000420 0.032742 0.007379
v 0.009627 0.026303 0.009908
v 0.005180 0.027497 0.009888
v -0.002048 0.029103 0.009280
v 0.005616 0.029606 0.009648
v 0.005463 0.028238 0.009840
v 0.017083 0.019904 0.007290
v 0.016998 0.018595 0.006705
v -0.002736 0.011711 0.005749
v -0.003988 0.011888 0.005687
v 0.016680 0.021168 0.007882
v -0.007758 0.018692 0.008330
v -0.007748 0.020607 0.008967
v 0.006605 0.011793 0.005121
v 0.005559 0.011773 0.005359
v 0.004324 0.017022 0.007865
v 0.003077 0.017747 0.008152
v -0.001564 0.011844 0.005912
v -0.005423 0.012119 0.005587
v 0.013060 0.015704 0.006202
v -0.006327 0.012399 0.005572
v -0.006801 0.012853 0.005743
v -0.001955 0.011646 0.005793
v 0.005200 0.012020 0.005568
v 0.005168 0.012433 0.005798
v -0.007625 0.016595 0.007510
v -0.000896 0.031962 0.007954
v 0.005068 0.016142 0.007499
v 0.004438 0.032100 0.008757
v 0.005249 0.030952 0.009288
v 0.002597 0.033048 0.007804
v 0.003476 0.032801 0.008209
v -0.000417 0.017191 0.007999
v -0.001255 0.016333 0.007700
v -0.001787 0.015258 0.007298
v 0.006489 0.026808 0.009965
v -0.003079 0.016997 0.007895
v -0.004443 0.017024 0.007861
v -0.005824 0.016887 0.007749
v -0.003274 0.015483 0.007333
v -0.004478 0.015479 0.007270
v -0.005746 0.015318 0.007117
v -0.005605 0.014067 0.006566
v -0.004413 0.014186 0.006735
v -0.003299 0.014193 0.006815
v -0.003093 0.013064 0.006340
v -0.004226 0.013125 0.006268
v -0.005447 0.013121 0.006119
v 0.008744 0.012950 0.005324
v 0.007383 0.012785 0.005568
v 0.006332 0.012625 0.005699
v 0.009115 0.013692 0.005745
v 0.007862 0.013518 0.005917
v 0.006744 0.013295 0.006004
v 0.009330 0.014477 0.006205
v 0.008116 0.014356 0.006357
v 0.006987 0.014183 0.006444
v 0.006984 0.015238 0.006964
v 0.008190 0.015316 0.006857
v 0.009456 0.015386 0.006711
v 0.006724 0.016316 0.007464
v 0.008101 0.016349 0.007359
v 0.009485 0.016352 0.007211
v 0.014878 0.017426 0.006850
v 0.015311 0.018817 0.007469
v 0.015515 0.020321 0.008003
v 0.014270 0.020723 0.008432
v 0.014023 0.019036 0.007869
v 0.013648 0.017486 0.007191
v 0.012608 0.017610 0.007439
v 0.012888 0.019169 0.008108
v 0.013096 0.020879 0.008677
v 0.012026 0.020818 0.008786
v 0.011835 0.019183 0.008235
v 0.011694 0.017680 0.007597
v 0.010684 0.017606 0.007676
v 0.010692 0.019056 0.008286
v 0.010874 0.020581 0.008811
v 0.009417 0.021453 0.009152
v 0.009290 0.022369 0.009391
v 0.009168 0.023194 0.009573
v 0.009063 0.024029 0.009721
v 0.008914 0.024848 0.009833
v 0.008705 0.025557 0.009906
v -0.002919 0.018814 0.008498
v -0.002781 0.020549 0.008994
v -0.002682 0.022029 0.009350
v -0.002613 0.023304 0.009592
v -0.002556 0.024446 0.009733
v -0.002518 0.025487 0.009785
v 0.005506 0.020569 0.009001
v 0.005812 0.021792 0.009324
v 0.005951 0.022873 0.009565
v 0.005983 0.023838 0.009736
v 0.006011 0.024742 0.009854
v 0.006136 0.025598 0.009927
v -0.005846 0.018709 0.008410
v -0.005799 0.020442 0.008961
v -0.005707 0.021875 0.009345
v -0.005589 0.023140 0.009615
v -0.005441 0.024361 0.009803
v -0.005331 0.025294 0.009891
v -0.001090 0.025535 0.009716
v -0.001020 0.024522 0.009691
v -0.001039 0.023422 0.009578
v -0.001104 0.022172 0.009358
v -0.001242 0.020701 0.009020
v -0.001464 0.018908 0.008533
v 0.007417 0.025576 0.009932
v 0.007482 0.024783 0.009860
v 0.007549 0.023933 0.009746
v 0.007599 0.023036 0.009586
v 0.007612 0.022074 0.009372
v 0.007553 0.021000 0.009088
v -0.003969 0.025378 0.009852
v -0.004024 0.024369 0.009773
v -0.004108 0.023211 0.009608
v -0.004195 0.021925 0.009348
v -0.004285 0.020452 0.008974
v -0.004371 0.018767 0.008463
v 0.009376 0.017552 0.007775
v 0.009289 0.018859 0.008308
v 0.009316 0.020195 0.008776
v 0.007480 0.019800 0.008723
v 0.007607 0.018629 0.008315
v 0.007877 0.017468 0.007855
v 0.006249 0.017364 0.007910
v 0.005589 0.018367 0.008300
v 0.005200 0.019320 0.008626
v 0.004565 0.025604 0.009886
v 0.002642 0.025551 0.009794
v 0.000692 0.025526 0.009706
v 0.004367 0.024697 0.009817
v 0.002542 0.024638 0.009750
v 0.000697 0.024580 0.009690
v 0.004289 0.023740 0.009697
v 0.002479 0.023638 0.009638
v 0.000668 0.023529 0.009589
v 0.004187 0.022696 0.009512
v 0.002370 0.022525 0.009447
v 0.000580 0.022348 0.009390
v 0.003919 0.021506 0.009246
v 0.002085 0.021236 0.009159
v 0.000367 0.020956 0.009077
v 0.003287 0.020097 0.008875
v 0.001493 0.019746 0.008771
v -0.000051 0.019311 0.008647
v 0.002773 0.026350 0.009791
v 0.000667 0.026334 0.009661
v 0.002760 0.026979 0.009747
v 0.000750 0.026944 0.009597
v -0.000309 0.031546 0.008121
v 0.002800 0.027623 0.009677
v 0.000786 0.027578 0.009500
v 0.000716 0.028335 0.009340
v 0.002888 0.028412 0.009558
v 0.002908 0.029416 0.009333
v 0.000633 0.029223 0.009092
v 0.000604 0.030133 0.008779
v 0.002747 0.030435 0.008997
v 0.000677 0.031027 0.008408
v 0.002445 0.031357 0.008583
v 0.002105 0.032045 0.008181
v 0.000819 0.031719 0.008082
v 0.001828 0.032499 0.007864
v 0.000939 0.032291 0.007772
v -0.018679 0.014536 0.000016
v -0.000995 0.000349 0.000005
v 0.022680 0.035670 0.000036
v 0.014969 0.041313 0.000036
v 0.012679 0.041724 0.000018
v 0.017170 0.040486 0.000014
v 0.023830 0.033531 0.000035
v 0.000969 0.000350 0.000005
v 0.005896 0.040911 0.000022
v 0.024282 0.023391 0.000019
v 0.023150 0.020323 0.000018
v 0.021321 0.017267 0.000035
v 0.018655 0.014536 0.000035
v 0.015361 0.012228 0.000017
v 0.011966 0.010181 0.000033
v 0.000945 0.037388 0.000025
v -0.000336 0.036702 0.000025
v -0.000116 0.036595 0.000024
v -0.023855 0.033531 0.000017
v -0.000603 0.036949 0.000025
v 0.010342 0.041765 0.000019
v 0.008062 0.041497 0.000031
v 0.004914 0.005012 0.000020
v 0.000577 0.036950 0.000025
v -0.008178 0.012954 -0.006607
v -0.007341 0.014014 -0.007352
v -0.006031 0.013722 -0.007378
v -0.004605 0.012240 -0.006824
v -0.004317 0.011100 -0.006277
v -0.004818 0.010047 -0.005591
v -0.005759 0.010148 -0.005411
v -0.007522 0.011611 -0.005893
v -0.009476 0.010780 -0.004392
v -0.008888 0.011852 -0.005646
v -0.005172 0.008883 -0.004737
v -0.005410 0.007687 -0.003683
v -0.006367 0.007867 -0.003193
v -0.008467 0.009453 -0.003472
v -0.009962 0.009886 -0.002807
v -0.005584 0.006617 -0.002381
v -0.005737 0.005917 -0.000827
v -0.016391 0.033953 -0.008548
v -0.015547 0.032851 -0.009211
v -0.015557 0.032012 -0.009421
v -0.016190 0.031189 -0.009403
v -0.016972 0.031009 -0.009171
v -0.018218 0.031708 -0.008492
v -0.018491 0.032793 -0.008029
v -0.017461 0.034024 -0.008059
v -0.018485 0.036523 -0.006034
v -0.017390 0.035213 -0.007531
v -0.019650 0.032538 -0.007470
v -0.021151 0.033405 -0.005991
v -0.021263 0.034716 -0.005040
v -0.019835 0.036388 -0.005056
v -0.022456 0.034144 -0.003933
v -0.023224 0.034568 -0.001367
v -0.001164 0.006472 -0.004471
v -0.001059 0.007658 -0.005028
v -0.000742 0.007997 -0.005223
v -0.000254 0.007818 -0.005170
v -0.000013 0.007260 -0.004920
v -0.000013 0.006021 -0.004396
v -0.000298 0.005348 -0.004124
v -0.000887 0.005586 -0.004146
v -0.001262 0.003503 -0.003150
v -0.001230 0.005069 -0.003857
v -0.000013 0.004565 -0.003839
v -0.000011 0.002940 -0.003193
v -0.000309 0.002148 -0.002771
v -0.000934 0.002439 -0.002738
v -0.000013 0.030343 -0.009653
v -0.000013 0.027871 -0.010351
v -0.002859 0.027561 -0.010613
v -0.004130 0.028427 -0.010625
v -0.004428 0.029900 -0.010387
v -0.003681 0.031958 -0.009635
v -0.001002 0.031745 -0.009124
v -0.000331 0.031601 -0.009118
v -0.000013 0.034785 -0.006473
v -0.000013 0.032787 -0.008435
v -0.002724 0.034044 -0.008386
v -0.001765 0.035845 -0.006482
v -0.000412 0.035581 -0.005273
v -0.000141 0.035486 -0.005269
v -0.005377 0.029469 -0.010581
v -0.006571 0.030515 -0.010502
v -0.006837 0.031906 -0.010210
v -0.006137 0.033843 -0.009462
v -0.005044 0.034388 -0.008964
v -0.003806 0.033448 -0.009046
v -0.005166 0.035839 -0.008246
v -0.004005 0.037593 -0.006439
v -0.002828 0.037800 -0.005325
v -0.001810 0.036901 -0.005325
v -0.007732 0.031460 -0.010411
v -0.008871 0.032252 -0.010302
v -0.009201 0.033429 -0.010008
v -0.008726 0.035291 -0.009299
v -0.007757 0.036004 -0.008816
v -0.006373 0.035280 -0.008886
v -0.008176 0.037277 -0.008124
v -0.007568 0.039101 -0.006361
v -0.006289 0.039556 -0.005280
v -0.004355 0.038755 -0.005309
v -0.009982 0.032864 -0.010166
v -0.011055 0.033277 -0.010010
v -0.011501 0.034154 -0.009721
v -0.011398 0.035838 -0.009069
v -0.010634 0.036733 -0.008642
v -0.009180 0.036497 -0.008739
v -0.011335 0.037690 -0.007966
v -0.011318 0.039476 -0.006283
v -0.010323 0.040264 -0.005233
v -0.008312 0.040068 -0.005253
v -0.012076 0.033481 -0.009847
v -0.013038 0.033457 -0.009694
v -0.013638 0.033970 -0.009414
v -0.014000 0.035392 -0.008774
v -0.013519 0.036425 -0.008382
v -0.012087 0.036710 -0.008520
v -0.014472 0.037000 -0.007734
v -0.015035 0.038633 -0.006165
v -0.014349 0.039726 -0.005181
v -0.012348 0.040158 -0.005211
v -0.013941 0.033188 -0.009569
v -0.014788 0.032690 -0.009478
v -0.016247 0.035059 -0.008133
v -0.014915 0.035869 -0.008246
v -0.018147 0.037810 -0.005090
v -0.016293 0.038937 -0.005136
v -0.016620 0.030213 -0.009434
v -0.016808 0.029062 -0.009511
v -0.017499 0.028496 -0.009309
v -0.019043 0.028769 -0.008601
v -0.019759 0.029806 -0.008090
v -0.019271 0.031384 -0.008042
v -0.020756 0.029155 -0.007549
v -0.022483 0.029567 -0.006036
v -0.023051 0.030818 -0.005054
v -0.022346 0.032849 -0.005041
v -0.016747 0.027727 -0.009615
v -0.016418 0.026215 -0.009720
v -0.016910 0.025277 -0.009504
v -0.018608 0.025129 -0.008795
v -0.019755 0.026123 -0.008264
v -0.019929 0.028055 -0.008166
v -0.020475 0.025060 -0.007732
v -0.022319 0.025006 -0.006161
v -0.023319 0.026247 -0.005125
v -0.023380 0.028635 -0.005082
v -0.023784 0.024924 -0.003996
v -0.015791 0.024538 -0.009788
v -0.014839 0.022715 -0.009764
v -0.014972 0.021442 -0.009455
v -0.016636 0.020833 -0.008818
v -0.018217 0.021719 -0.008411
v -0.019200 0.024007 -0.008365
v -0.018464 0.020230 -0.007823
v -0.020233 0.019626 -0.006252
v -0.021753 0.020795 -0.005227
v -0.022804 0.023620 -0.005181
v -0.021579 0.019102 -0.004038
v -0.013501 0.020807 -0.009563
v -0.011760 0.018915 -0.009127
v -0.011397 0.017512 -0.008573
v -0.012695 0.016534 -0.007909
v -0.014595 0.017075 -0.007822
v -0.016713 0.019347 -0.008283
v -0.014053 0.015529 -0.006967
v -0.015353 0.014571 -0.005548
v -0.017447 0.015311 -0.004865
v -0.020009 0.017919 -0.005165
v -0.016385 0.013824 -0.003567
v -0.016989 0.013402 -0.001231
v -0.009778 0.017097 -0.008547
v -0.007792 0.015358 -0.007953
v -0.009667 0.013245 -0.006450
v -0.012111 0.015054 -0.007124
v -0.011144 0.011187 -0.003844
v -0.014301 0.013103 -0.004349
v -0.003472 0.010950 -0.006321
v -0.002572 0.009871 -0.005902
v -0.002362 0.008940 -0.005460
v -0.002630 0.007838 -0.004830
v -0.003210 0.007712 -0.004614
v -0.004344 0.008844 -0.004976
v -0.002804 0.006563 -0.004084
v -0.002902 0.005182 -0.003209
v -0.003464 0.005092 -0.002755
v -0.004737 0.006411 -0.002944
v -0.002952 0.003852 -0.002127
v -0.002995 0.002921 -0.000757
v -0.001851 0.009014 -0.005576
v -0.001260 0.008388 -0.005351
v -0.001537 0.006064 -0.004211
v -0.002293 0.006778 -0.004357
v -0.001630 0.003044 -0.002690
v -0.002453 0.003949 -0.002677
v -0.000013 0.023502 -0.010504
v -0.000013 0.025565 -0.010608
v -0.000013 0.008282 -0.005391
v -0.000013 0.009121 -0.005790
v -0.000013 0.019983 -0.009778
v -0.000013 0.021636 -0.010175
v -0.003789 0.023873 -0.010628
v -0.005280 0.024959 -0.010781
v -0.006636 0.026148 -0.010874
v -0.007851 0.027316 -0.010891
v -0.008955 0.028394 -0.010840
v -0.009964 0.029344 -0.010731
v -0.010884 0.030148 -0.010580
v -0.011709 0.030794 -0.010410
v -0.012427 0.031280 -0.010242
v -0.013002 0.031610 -0.010099
v -0.013342 0.031553 -0.010045
v -0.013810 0.031110 -0.010019
v -0.014340 0.030621 -0.009982
v -0.014826 0.030180 -0.009939
v -0.014944 0.029794 -0.009961
v -0.014754 0.029035 -0.010075
v -0.014424 0.028051 -0.010207
v -0.013925 0.026885 -0.010333
v -0.013227 0.025558 -0.010414
v -0.012296 0.024085 -0.010406
v -0.011074 0.022506 -0.010256
v -0.009523 0.020884 -0.009939
v -0.007678 0.019254 -0.009502
v -0.005560 0.017590 -0.009002
v -0.003597 0.015432 -0.008284
v -0.002664 0.013674 -0.007632
v -0.001985 0.012294 -0.007085
v -0.001473 0.011184 -0.006636
v -0.001088 0.010311 -0.006282
v -0.000815 0.009679 -0.006021
v -0.000605 0.009493 -0.005949
v -0.000224 0.009498 -0.005964
v -0.000785 0.009288 -0.005840
v -0.000926 0.008607 -0.005497
v -0.005076 0.028030 -0.010753
v -0.005680 0.026343 -0.010856
v -0.001997 0.009831 -0.005960
v -0.001534 0.010485 -0.006320
v -0.003650 0.011996 -0.006814
v -0.002798 0.012694 -0.007207
v -0.006355 0.015028 -0.007945
v -0.005124 0.016049 -0.008448
v -0.010195 0.018485 -0.009089
v -0.009112 0.019513 -0.009527
v -0.013526 0.022110 -0.009892
v -0.012280 0.022877 -0.010216
v -0.015431 0.025551 -0.009968
v -0.014164 0.025973 -0.010270
v -0.016177 0.028382 -0.009762
v -0.015080 0.028454 -0.010043
v -0.015958 0.030478 -0.009601
v -0.015214 0.030128 -0.009856
v -0.014862 0.031938 -0.009630
v -0.014314 0.031195 -0.009899
v -0.013382 0.032810 -0.009789
v -0.013226 0.031959 -0.009997
v -0.011663 0.032725 -0.010081
v -0.011913 0.031555 -0.010271
v -0.009664 0.031795 -0.010405
v -0.010162 0.030390 -0.010607
v -0.007465 0.030151 -0.010639
v -0.008091 0.028587 -0.010837
v -0.002706 0.032630 -0.009104
v -0.001775 0.032065 -0.009126
v -0.001157 0.036221 -0.005299
v -0.000730 0.035802 -0.005283
v -0.000744 0.022604 -0.010371
v -0.002245 0.023047 -0.010469
v -0.000013 0.009868 -0.006133
v -0.000013 0.010653 -0.006470
v -0.000013 0.011576 -0.006853
v -0.000013 0.012687 -0.007305
v -0.000013 0.014000 -0.007826
v -0.000013 0.015487 -0.008382
v -0.000543 0.026720 -0.010535
v -0.001649 0.026992 -0.010568
v -0.002036 0.028345 -0.010398
v -0.001606 0.030691 -0.009675
v -0.002828 0.024301 -0.010648
v -0.002440 0.026199 -0.010686
v -0.001122 0.033033 -0.008436
v -0.000695 0.034981 -0.006479
v -0.000975 0.010890 -0.006541
v -0.000342 0.011071 -0.006641
v -0.001758 0.013124 -0.007445
v -0.000602 0.013299 -0.007546
v -0.002963 0.016462 -0.008684
v -0.000945 0.016284 -0.008659
v -0.006870 0.023313 -0.010579
v -0.006273 0.024781 -0.010781
v -0.003523 0.020955 -0.010052
v -0.003197 0.022566 -0.010404
v -0.009476 0.025922 -0.010816
v -0.008751 0.027187 -0.010879
v -0.012171 0.027276 -0.010607
v -0.013086 0.026548 -0.010473
v -0.012798 0.029838 -0.010365
v -0.012287 0.030609 -0.010355
v -0.000484 0.036191 -0.004002
v -0.000453 0.036744 -0.001330
v -0.000012 0.017030 -0.008913
v -0.000012 0.018508 -0.009371
v -0.008211 0.020665 -0.009927
v -0.007495 0.021941 -0.010286
v -0.004110 0.017737 -0.009095
v -0.003814 0.019412 -0.009632
v -0.011211 0.023765 -0.010474
v -0.010289 0.024781 -0.010676
v -0.010729 0.029186 -0.010686
v -0.011392 0.028154 -0.010679
v -0.014180 0.028734 -0.010216
v -0.013430 0.029208 -0.010317
v -0.012146 0.028201 -0.010585
v -0.012810 0.029105 -0.010430
v -0.010407 0.025974 -0.010761
v -0.011351 0.027156 -0.010705
v -0.007938 0.023303 -0.010563
v -0.009284 0.024674 -0.010721
v -0.004592 0.020701 -0.009992
v -0.006359 0.021941 -0.010300
v -0.002743 0.019771 -0.009735
v -0.000913 0.019294 -0.009595
v -0.013365 0.029875 -0.010264
v -0.013843 0.030545 -0.010093
v 0.008153 0.012953 -0.006608
v 0.007317 0.014013 -0.007353
v 0.006008 0.013722 -0.007379
v 0.004581 0.012239 -0.006824
v 0.004292 0.011099 -0.006277
v 0.004793 0.010046 -0.005591
v 0.005734 0.010147 -0.005412
v 0.007498 0.011611 -0.005894
v 0.009451 0.010779 -0.004392
v 0.008863 0.011851 -0.005646
v 0.005148 0.008882 -0.004737
v 0.005385 0.007686 -0.003684
v 0.006343 0.007866 -0.003193
v 0.008443 0.009453 -0.003471
v 0.005559 0.006616 -0.002381
v 0.005713 0.005916 -0.000827
v 0.016367 0.033955 -0.008546
v 0.015522 0.032852 -0.009211
v 0.015532 0.032013 -0.009422
v 0.016166 0.031189 -0.009405
v 0.016949 0.031010 -0.009173
v 0.018195 0.031710 -0.008493
v 0.018468 0.032794 -0.008029
v 0.017437 0.034025 -0.008058
v 0.018459 0.036522 -0.006032
v 0.017366 0.035214 -0.007529
v 0.019629 0.032538 -0.007471
v 0.021128 0.033407 -0.005991
v 0.021238 0.034718 -0.005039
v 0.019808 0.036388 -0.005054
v 0.019474 0.037663 -0.003960
v 0.022431 0.034145 -0.003933
v 0.023200 0.034568 -0.001367
v 0.001138 0.006471 -0.004471
v 0.001034 0.007658 -0.005027
v 0.000717 0.007997 -0.005223
v 0.000228 0.007818 -0.005170
v 0.000272 0.005349 -0.004124
v 0.000861 0.005586 -0.004145
v 0.001236 0.003503 -0.003149
v 0.001204 0.005069 -0.003856
v 0.000290 0.002150 -0.002770
v 0.000908 0.002441 -0.002737
v 0.002833 0.027561 -0.010614
v 0.004104 0.028428 -0.010626
v 0.004401 0.029900 -0.010386
v 0.003654 0.031959 -0.009632
v 0.000977 0.031746 -0.009123
v 0.000306 0.031602 -0.009117
v 0.002698 0.034044 -0.008384
v 0.001740 0.035845 -0.006480
v 0.000386 0.035582 -0.005273
v 0.000116 0.035486 -0.005268
v 0.001229 0.037052 -0.004036
v 0.001172 0.037627 -0.001345
v 0.005351 0.029469 -0.010581
v 0.006546 0.030515 -0.010504
v 0.006811 0.031906 -0.010211
v 0.006109 0.033843 -0.009461
v 0.005016 0.034388 -0.008963
v 0.003779 0.033448 -0.009043
v 0.005139 0.035840 -0.008246
v 0.003978 0.037592 -0.006439
v 0.002801 0.037800 -0.005325
v 0.001785 0.036900 -0.005324
v 0.007707 0.031460 -0.010413
v 0.008845 0.032253 -0.010303
v 0.009175 0.033429 -0.010009
v 0.008700 0.035293 -0.009297
v 0.007730 0.036005 -0.008814
v 0.006346 0.035280 -0.008884
v 0.008150 0.037279 -0.008123
v 0.007541 0.039102 -0.006360
v 0.006262 0.039555 -0.005279
v 0.004330 0.038754 -0.005308
v 0.009957 0.032864 -0.010168
v 0.011030 0.033278 -0.010012
v 0.011476 0.034155 -0.009722
v 0.011373 0.035841 -0.009068
v 0.010609 0.036735 -0.008640
v 0.009154 0.036498 -0.008738
v 0.011311 0.037692 -0.007965
v 0.011293 0.039478 -0.006283
v 0.010297 0.040264 -0.005231
v 0.008286 0.040068 -0.005252
v 0.011351 0.040893 -0.004035
v 0.011477 0.041682 -0.001383
v 0.012051 0.033481 -0.009848
v 0.013013 0.033458 -0.009696
v 0.013613 0.033971 -0.009416
v 0.013976 0.035394 -0.008773
v 0.013495 0.036427 -0.008382
v 0.012063 0.036713 -0.008519
v 0.014449 0.037003 -0.007734
v 0.015011 0.038634 -0.006164
v 0.014325 0.039726 -0.005179
v 0.012323 0.040158 -0.005210
v 0.015587 0.040017 -0.004014
v 0.016008 0.040838 -0.001395
v 0.013916 0.033189 -0.009570
v 0.014764 0.032691 -0.009478
v 0.016223 0.035060 -0.008131
v 0.014892 0.035871 -0.008245
v 0.018121 0.037809 -0.005088
v 0.016269 0.038938 -0.005135
v 0.016596 0.030214 -0.009436
v 0.016785 0.029063 -0.009513
v 0.017477 0.028497 -0.009309
v 0.019021 0.028770 -0.008601
v 0.019736 0.029807 -0.008090
v 0.019249 0.031385 -0.008042
v 0.020734 0.029155 -0.007549
v 0.022460 0.029568 -0.006036
v 0.023027 0.030819 -0.005053
v 0.022322 0.032850 -0.005040
v 0.023893 0.029895 -0.003944
v 0.016725 0.027728 -0.009617
v 0.016395 0.026216 -0.009721
v 0.016888 0.025278 -0.009505
v 0.018586 0.025129 -0.008795
v 0.019733 0.026123 -0.008264
v 0.019907 0.028055 -0.008166
v 0.020454 0.025061 -0.007732
v 0.022297 0.025006 -0.006162
v 0.023296 0.026248 -0.005124
v 0.023356 0.028635 -0.005081
v 0.015769 0.024539 -0.009789
v 0.014817 0.022716 -0.009766
v 0.014951 0.021442 -0.009457
v 0.016615 0.020833 -0.008818
v 0.018196 0.021718 -0.008411
v 0.019178 0.024006 -0.008365
v 0.018442 0.020230 -0.007823
v 0.020210 0.019626 -0.006252
v 0.021730 0.020795 -0.005226
v 0.022781 0.023620 -0.005180
v 0.013479 0.020808 -0.009566
v 0.011739 0.018915 -0.009129
v 0.011375 0.017511 -0.008575
v 0.012673 0.016533 -0.007910
v 0.014573 0.017074 -0.007823
v 0.016691 0.019346 -0.008282
v 0.014031 0.015527 -0.006968
v 0.015330 0.014570 -0.005548
v 0.017423 0.015311 -0.004864
v 0.019985 0.017919 -0.005165
v 0.009755 0.017096 -0.008548
v 0.007769 0.015358 -0.007954
v 0.009643 0.013244 -0.006450
v 0.012088 0.015053 -0.007124
v 0.011120 0.011187 -0.003843
v 0.014277 0.013102 -0.004349
v 0.003447 0.010950 -0.006321
v 0.002547 0.009870 -0.005902
v 0.002337 0.008940 -0.005460
v 0.002604 0.007838 -0.004831
v 0.003184 0.007711 -0.004615
v 0.004319 0.008843 -0.004977
v 0.002779 0.006562 -0.004084
v 0.002877 0.005181 -0.003209
v 0.003439 0.005091 -0.002755
v 0.004712 0.006409 -0.002944
v 0.001826 0.009013 -0.005576
v 0.001234 0.008387 -0.005351
v 0.001511 0.006064 -0.004211
v 0.002268 0.006778 -0.004357
v 0.001604 0.003044 -0.002690
v 0.002428 0.003949 -0.002677
v 0.003764 0.023876 -0.010628
v 0.005255 0.024961 -0.010781
v 0.006611 0.026149 -0.010874
v 0.007826 0.027316 -0.010892
v 0.008930 0.028394 -0.010841
v 0.009939 0.029344 -0.010731
v 0.010858 0.030148 -0.010580
v 0.011683 0.030794 -0.010410
v 0.012401 0.031281 -0.010242
v 0.012977 0.031610 -0.010098
v 0.013317 0.031554 -0.010045
v 0.013785 0.031111 -0.010019
v 0.014316 0.030622 -0.009981
v 0.014802 0.030181 -0.009939
v 0.014920 0.029795 -0.009961
v 0.014730 0.029036 -0.010075
v 0.014401 0.028052 -0.010207
v 0.013902 0.026886 -0.010332
v 0.013205 0.025558 -0.010415
v 0.012274 0.024085 -0.010407
v 0.011052 0.022506 -0.010257
v 0.009501 0.020884 -0.009941
v 0.007655 0.019254 -0.009503
v 0.005536 0.017590 -0.009003
v 0.003573 0.015433 -0.008285
v 0.002639 0.013674 -0.007632
v 0.001960 0.012294 -0.007085
v 0.001448 0.011183 -0.006636
v 0.001062 0.010311 -0.006281
v 0.000789 0.009679 -0.006020
v 0.000579 0.009492 -0.005949
v 0.000198 0.009498 -0.005964
v 0.000760 0.009288 -0.005839
v 0.000900 0.008606 -0.005497
v 0.005051 0.028030 -0.010754
v 0.005655 0.026344 -0.010857
v 0.001972 0.009831 -0.005959
v 0.001509 0.010485 -0.006319
v 0.003626 0.011996 -0.006814
v 0.002773 0.012694 -0.007207
v 0.006332 0.015027 -0.007946
v 0.005100 0.016049 -0.008449
v 0.010173 0.018485 -0.009091
v 0.009089 0.019513 -0.009529
v 0.013504 0.022111 -0.009894
v 0.012258 0.022877 -0.010218
v 0.015409 0.025552 -0.009969
v 0.014141 0.025973 -0.010271
v 0.016154 0.028383 -0.009763
v 0.015056 0.028455 -0.010043
v 0.015934 0.030479 -0.009603
v 0.015190 0.030129 -0.009856
v 0.014837 0.031939 -0.009631
v 0.014289 0.031196 -0.009899
v 0.013356 0.032810 -0.009790
v 0.013201 0.031959 -0.009998
v 0.011638 0.032725 -0.010082
v 0.011888 0.031555 -0.010271
v 0.009639 0.031795 -0.010407
v 0.010137 0.030390 -0.010608
v 0.007441 0.030151 -0.010641
v 0.008067 0.028587 -0.010838
v 0.002680 0.032632 -0.009102
v 0.001749 0.032067 -0.009125
v 0.001132 0.036222 -0.005298
v 0.000704 0.035803 -0.005283
v 0.000718 0.022605 -0.010371
v 0.002220 0.023050 -0.010469
v 0.000517 0.026720 -0.010536
v 0.001623 0.026992 -0.010569
v 0.002010 0.028346 -0.010399
v 0.001580 0.030693 -0.009675
v 0.002802 0.024303 -0.010648
v 0.002414 0.026199 -0.010688
v 0.001097 0.033035 -0.008435
v 0.000669 0.034982 -0.006479
v 0.000950 0.010889 -0.006541
v 0.000317 0.011071 -0.006641
v 0.001733 0.013124 -0.007445
v 0.000577 0.013299 -0.007546
v 0.002939 0.016463 -0.008684
v 0.000920 0.016285 -0.008659
v 0.006846 0.023314 -0.010579
v 0.006249 0.024782 -0.010781
v 0.003498 0.020957 -0.010052
v 0.003172 0.022570 -0.010403
v 0.009452 0.025922 -0.010816
v 0.008727 0.027187 -0.010880
v 0.012147 0.027277 -0.010607
v 0.013063 0.026549 -0.010473
v 0.012773 0.029838 -0.010364
v 0.012262 0.030610 -0.010355
v 0.000458 0.036193 -0.004002
v 0.008188 0.020665 -0.009928
v 0.007471 0.021942 -0.010286
v 0.004086 0.017738 -0.009095
v 0.003789 0.019413 -0.009632
v 0.011189 0.023765 -0.010474
v 0.010265 0.024782 -0.010676
v 0.010704 0.029186 -0.010686
v 0.011367 0.028154 -0.010679
v 0.014157 0.028735 -0.010215
v 0.013406 0.029209 -0.010317
v 0.012122 0.028202 -0.010584
v 0.012786 0.029105 -0.010430
v 0.010383 0.025974 -0.010761
v 0.011327 0.027156 -0.010705
v 0.007915 0.023304 -0.010563
v 0.009260 0.024674 -0.010721
v 0.004568 0.020702 -0.009992
v 0.006335 0.021942 -0.010300
v 0.002718 0.019773 -0.009735
v 0.000888 0.019295 -0.009596
v 0.013340 0.029876 -0.010263
v 0.013819 0.030546 -0.010093
v -0.019500 0.037664 -0.003961
v -0.001316 0.000818 -0.000811
v -0.001276 0.001934 -0.002186
v -0.000007 0.001330 -0.002250
v -0.000013 0.036525 -0.001326
v -0.000013 0.035988 -0.003992
v -0.001254 0.037052 -0.004037
v -0.003213 0.038826 -0.004079
v -0.007113 0.040457 -0.004054
v -0.011375 0.040893 -0.004036
v -0.015611 0.040017 -0.004015
v -0.023917 0.029895 -0.003944
v 0.010328 0.009319 -0.000968
v 0.009937 0.009887 -0.002807
v 0.001290 0.000819 -0.000811
v 0.001250 0.001935 -0.002185
v 0.003187 0.038825 -0.004079
v 0.007088 0.040457 -0.004053
v 0.006957 0.041162 -0.001365
v 0.023760 0.024924 -0.003995
v 0.024537 0.024864 -0.001372
v 0.021556 0.019102 -0.004037
v 0.022250 0.018811 -0.001382
v 0.016362 0.013824 -0.003567
v 0.016966 0.013402 -0.001231
v 0.002927 0.003852 -0.002127
v -0.006856 0.012703 -0.006724
v -0.006325 0.011418 -0.006076
v -0.005264 0.011252 -0.006199
v -0.005671 0.012471 -0.006797
v -0.008050 0.010491 -0.004829
v -0.007196 0.009162 -0.004010
v -0.006112 0.008982 -0.004425
v -0.006825 0.010289 -0.005164
v -0.008821 0.008666 -0.001825
v -0.006583 0.006997 -0.001691
v -0.007495 0.008187 -0.002570
v -0.016420 0.032933 -0.008887
v -0.017406 0.032920 -0.008496
v -0.017237 0.031913 -0.008862
v -0.016348 0.032010 -0.009168
v -0.018644 0.035224 -0.006824
v -0.019960 0.035070 -0.005999
v -0.019888 0.033773 -0.006796
v -0.018640 0.033971 -0.007480
v -0.020772 0.037262 -0.002716
v -0.022301 0.035409 -0.002703
v -0.021141 0.036021 -0.003941
v -0.000826 0.006906 -0.004713
v -0.000570 0.006133 -0.004412
v -0.000279 0.006694 -0.004668
v -0.000524 0.007357 -0.004945
v -0.000921 0.004066 -0.003524
v -0.000613 0.003078 -0.003180
v -0.000307 0.003800 -0.003534
v -0.000600 0.004690 -0.003841
v -0.000959 0.001000 -0.001574
v -0.000656 0.000342 -0.000840
v -0.000329 0.000699 -0.001605
v -0.000628 0.001475 -0.002232
v -0.000441 0.029123 -0.010063
v -0.000772 0.030427 -0.009660
v -0.001338 0.029322 -0.010082
v -0.000983 0.027986 -0.010364
v -0.000216 0.033905 -0.007551
v -0.000335 0.034831 -0.006474
v -0.000644 0.034005 -0.007552
v -0.000539 0.032845 -0.008436
v -0.000114 0.036346 -0.002671
v -0.000219 0.036575 -0.001327
v -0.000330 0.036447 -0.002674
v -0.000235 0.036035 -0.003994
v -0.004675 0.031394 -0.010026
v -0.004886 0.032898 -0.009552
v -0.005892 0.032385 -0.009929
v -0.005643 0.030924 -0.010304
v -0.002686 0.035398 -0.007506
v -0.002692 0.036655 -0.006473
v -0.003871 0.036305 -0.007448
v -0.003839 0.034911 -0.008320
v -0.001494 0.037784 -0.002713
v -0.002412 0.038693 -0.002726
v -0.001993 0.037852 -0.004051
v -0.007115 0.033292 -0.009839
v -0.007417 0.034665 -0.009381
v -0.008348 0.034036 -0.009751
v -0.008021 0.032757 -0.010117
v -0.005358 0.037211 -0.007392
v -0.005708 0.038463 -0.006400
v -0.007022 0.037956 -0.007343
v -0.006643 0.036667 -0.008182
v -0.003908 0.039713 -0.002738
v -0.005920 0.040579 -0.002753
v -0.005005 0.039764 -0.004074
v -0.009591 0.034577 -0.009646
v -0.010061 0.035687 -0.009197
v -0.010831 0.034894 -0.009515
v -0.010366 0.033899 -0.009875
v -0.008725 0.038437 -0.007294
v -0.009438 0.039440 -0.006324
v -0.010452 0.038625 -0.007236
v -0.009747 0.037622 -0.008055
v -0.008099 0.041138 -0.002745
v -0.010311 0.041376 -0.002745
v -0.009231 0.040832 -0.004042
v -0.012048 0.034980 -0.009364
v -0.012715 0.035744 -0.008923
v -0.013230 0.034823 -0.009209
v -0.012593 0.034182 -0.009562
v -0.012186 0.038527 -0.007163
v -0.013194 0.039216 -0.006232
v -0.013901 0.038137 -0.007073
v -0.012917 0.037487 -0.007857
v -0.012562 0.041304 -0.002751
v -0.014779 0.040878 -0.002754
v -0.013520 0.040639 -0.004031
v -0.014369 0.034417 -0.009067
v -0.015238 0.034787 -0.008642
v -0.015445 0.033777 -0.008957
v -0.014629 0.033516 -0.009295
v -0.015576 0.037442 -0.006973
v -0.016815 0.037724 -0.006092
v -0.017178 0.036460 -0.006885
v -0.015978 0.036233 -0.007618
v -0.016917 0.040051 -0.002747
v -0.018945 0.038831 -0.002733
v -0.017622 0.039015 -0.003988
v -0.017838 0.030723 -0.008886
v -0.018775 0.030325 -0.008531
v -0.018179 0.029361 -0.008949
v -0.017365 0.029841 -0.009222
v -0.020839 0.032134 -0.006802
v -0.022000 0.031563 -0.006004
v -0.021455 0.030328 -0.006834
v -0.020366 0.030929 -0.007496
v -0.023446 0.033357 -0.002696
v -0.024169 0.032376 -0.001362
v -0.024187 0.031151 -0.002695
v -0.023383 0.032087 -0.003934
v -0.018237 0.027824 -0.009040
v -0.018999 0.027037 -0.008695
v -0.017985 0.026110 -0.009140
v -0.017359 0.026972 -0.009411
v -0.021722 0.028356 -0.006890
v -0.022602 0.027393 -0.006088
v -0.021621 0.026196 -0.006971
v -0.020803 0.027203 -0.007630
v -0.024538 0.028809 -0.002703
v -0.024866 0.027586 -0.001366
v -0.024477 0.026258 -0.002716
v -0.024067 0.027527 -0.003965
v -0.017389 0.024227 -0.009221
v -0.017837 0.023047 -0.008865
v -0.016421 0.022191 -0.009227
v -0.016128 0.023422 -0.009543
v -0.021106 0.023821 -0.007069
v -0.021564 0.022390 -0.006239
v -0.020101 0.021251 -0.007136
v -0.019723 0.022720 -0.007825
v -0.023929 0.023455 -0.002734
v -0.023726 0.021899 -0.001381
v -0.022821 0.020447 -0.002752
v -0.022988 0.022081 -0.004032
v -0.015010 0.020069 -0.009049
v -0.014906 0.018603 -0.008519
v -0.013112 0.018004 -0.008584
v -0.013374 0.019434 -0.009135
v -0.018480 0.018610 -0.007049
v -0.018155 0.016925 -0.006051
v -0.016117 0.016137 -0.006644
v -0.016564 0.017752 -0.007567
v -0.021006 0.017441 -0.002720
v -0.020030 0.015895 -0.001341
v -0.018341 0.014752 -0.002562
v -0.019376 0.016265 -0.003908
v -0.010931 0.016088 -0.007933
v -0.010354 0.014661 -0.007218
v -0.008775 0.014319 -0.007295
v -0.009307 0.015703 -0.007945
v -0.013271 0.014015 -0.005981
v -0.012274 0.012567 -0.004916
v -0.010462 0.012162 -0.005328
v -0.011358 0.013590 -0.006250
v -0.015049 0.012482 -0.002292
v -0.011694 0.010484 -0.002020
v -0.013039 0.011748 -0.003152
v -0.003979 0.009973 -0.005724
v -0.003606 0.008847 -0.005167
v -0.002947 0.008882 -0.005325
v -0.003232 0.009917 -0.005825
v -0.004584 0.007619 -0.004061
v -0.004010 0.006353 -0.003397
v -0.003373 0.006413 -0.003769
v -0.003857 0.007634 -0.004363
v -0.004856 0.005434 -0.001574
v -0.003523 0.003980 -0.001493
v -0.004106 0.005164 -0.002213
v -0.002112 0.007999 -0.005022
v -0.001834 0.007042 -0.004601
v -0.001423 0.007338 -0.004822
v -0.001656 0.008185 -0.005194
v -0.002401 0.005396 -0.003593
v -0.002007 0.004215 -0.003140
v -0.001602 0.004602 -0.003527
v -0.001948 0.005699 -0.003922
v -0.002483 0.002683 -0.001483
v -0.001651 0.001655 -0.001526
v -0.002033 0.002743 -0.002133
v -0.000469 0.008356 -0.005414
v -0.000230 0.008734 -0.005604
v -0.000425 0.009150 -0.005796
v -0.000651 0.008853 -0.005641
v -0.004296 0.025224 -0.010772
v -0.003337 0.025620 -0.010746
v -0.003770 0.026997 -0.010744
v -0.004720 0.026612 -0.010816
v -0.000264 0.010233 -0.006290
v -0.000577 0.010575 -0.006427
v -0.000733 0.010104 -0.006217
v -0.000454 0.009834 -0.006111
v -0.001057 0.009185 -0.005763
v -0.001115 0.009748 -0.006023
v -0.001510 0.009792 -0.006000
v -0.001415 0.009096 -0.005677
v -0.002080 0.010646 -0.006339
v -0.002082 0.011465 -0.006714
v -0.002808 0.011737 -0.006775
v -0.002726 0.010800 -0.006340
v -0.003751 0.013072 -0.007304
v -0.003751 0.014214 -0.007794
v -0.004996 0.014668 -0.007900
v -0.004833 0.013415 -0.007363
v -0.006696 0.016398 -0.008495
v -0.007139 0.017818 -0.009019
v -0.008671 0.018124 -0.009051
v -0.008230 0.016732 -0.008522
v -0.010559 0.019856 -0.009561
v -0.010857 0.021199 -0.009953
v -0.012195 0.021606 -0.009945
v -0.012025 0.020283 -0.009585
v -0.013472 0.023339 -0.010134
v -0.013364 0.024489 -0.010305
v -0.014411 0.024977 -0.010161
v -0.014643 0.023893 -0.009995
v -0.015069 0.026469 -0.010091
v -0.014726 0.027300 -0.010168
v -0.015480 0.027797 -0.009979
v -0.015934 0.027052 -0.009875
v -0.015669 0.028942 -0.009862
v -0.015249 0.029409 -0.009928
v -0.015650 0.029884 -0.009773
v -0.016184 0.029525 -0.009662
v -0.015374 0.030632 -0.009739
v -0.014844 0.030670 -0.009863
v -0.014871 0.031261 -0.009758
v -0.015492 0.031268 -0.009595
v -0.014260 0.031811 -0.009802
v -0.013753 0.031666 -0.009941
v -0.013620 0.032223 -0.009866
v -0.014145 0.032472 -0.009694
v -0.012947 0.032378 -0.009966
v -0.012636 0.031872 -0.010114
v -0.012190 0.032252 -0.010110
v -0.012560 0.032885 -0.009921
v -0.011337 0.031918 -0.010277
v -0.011082 0.031058 -0.010443
v -0.010401 0.031394 -0.010446
v -0.010693 0.032357 -0.010249
v -0.009396 0.030694 -0.010598
v -0.009164 0.029561 -0.010745
v -0.008330 0.029832 -0.010717
v -0.008584 0.031054 -0.010538
v -0.007207 0.028830 -0.010795
v -0.006938 0.027497 -0.010876
v -0.006013 0.027731 -0.010831
v -0.006303 0.029123 -0.010711
v -0.011561 0.029972 -0.010526
v -0.012198 0.029868 -0.010453
v -0.012153 0.029064 -0.010531
v -0.011459 0.029092 -0.010618
v -0.002572 0.031192 -0.009675
v -0.003474 0.030463 -0.010095
v -0.003202 0.028989 -0.010419
v -0.002345 0.029754 -0.010105
v -0.001385 0.023705 -0.010543
v -0.000642 0.024549 -0.010601
v -0.001184 0.025722 -0.010629
v -0.001949 0.024910 -0.010657
v -0.001141 0.035288 -0.006483
v -0.001794 0.034682 -0.007535
v -0.001829 0.033406 -0.008424
v -0.001144 0.034235 -0.007549
v -0.000455 0.012083 -0.007057
v -0.001029 0.012596 -0.007254
v -0.001311 0.011889 -0.006949
v -0.000769 0.011483 -0.006801
v -0.000783 0.014719 -0.008096
v -0.001765 0.015512 -0.008373
v -0.002346 0.014639 -0.008030
v -0.001365 0.013936 -0.007785
v -0.000840 0.020842 -0.009995
v -0.001583 0.021878 -0.010238
v -0.002518 0.021337 -0.010131
v -0.001752 0.020235 -0.009851
v -0.005731 0.020567 -0.009951
v -0.006941 0.020555 -0.009929
v -0.006282 0.019116 -0.009501
v -0.004986 0.019170 -0.009546
v -0.009024 0.023374 -0.010544
v -0.010117 0.023529 -0.010517
v -0.009866 0.022225 -0.010272
v -0.008667 0.022037 -0.010278
v -0.011322 0.026094 -0.010686
v -0.012217 0.026285 -0.010590
v -0.012265 0.025222 -0.010527
v -0.011285 0.024964 -0.010613
v -0.012866 0.028315 -0.010474
v -0.013547 0.028494 -0.010350
v -0.013714 0.027723 -0.010357
v -0.012961 0.027465 -0.010490
v -0.013899 0.029965 -0.010155
v -0.014390 0.030082 -0.010044
v -0.014520 0.029564 -0.010076
v -0.014006 0.029366 -0.010197
v -0.000755 0.037076 -0.001337
v -0.000940 0.037112 -0.002697
v -0.000797 0.036507 -0.004016
v -0.000588 0.036683 -0.002683
v -0.009794 0.028254 -0.010811
v -0.010607 0.028172 -0.010756
v -0.010505 0.027103 -0.010783
v -0.009637 0.027115 -0.010842
v -0.007587 0.026013 -0.010873
v -0.008535 0.025936 -0.010853
v -0.008276 0.024639 -0.010752
v -0.007271 0.024675 -0.010771
v -0.004794 0.023585 -0.010609
v -0.005822 0.023404 -0.010593
v -0.005264 0.022039 -0.010322
v -0.004210 0.022240 -0.010355
v -0.000962 0.017825 -0.009165
v -0.001882 0.018727 -0.009435
v -0.002935 0.018216 -0.009273
v -0.001958 0.017173 -0.008947
v -0.012894 0.031111 -0.010192
v -0.013345 0.031062 -0.010118
v -0.013342 0.030497 -0.010195
v -0.012828 0.030512 -0.010283
v 0.005647 0.012470 -0.006797
v 0.005240 0.011251 -0.006200
v 0.006301 0.011417 -0.006077
v 0.006831 0.012702 -0.006725
v 0.006800 0.010288 -0.005164
v 0.006088 0.008981 -0.004425
v 0.007172 0.009161 -0.004011
v 0.008026 0.010490 -0.004829
v 0.007470 0.008186 -0.002570
v 0.006559 0.006996 -0.001692
v 0.008796 0.008666 -0.001824
v 0.016324 0.032011 -0.009169
v 0.017214 0.031914 -0.008863
v 0.017382 0.032921 -0.008496
v 0.016396 0.032935 -0.008887
v 0.018616 0.033972 -0.007480
v 0.019865 0.033775 -0.006797
v 0.019935 0.035071 -0.005998
v 0.018619 0.035225 -0.006823
v 0.021116 0.036021 -0.003940
v 0.022277 0.035410 -0.002703
v 0.021847 0.036587 -0.001376
v 0.020747 0.037262 -0.002716
v 0.000498 0.007357 -0.004944
v 0.000253 0.006694 -0.004668
v 0.000544 0.006133 -0.004412
v 0.000800 0.006905 -0.004713
v 0.000574 0.004690 -0.003840
v 0.000281 0.003800 -0.003534
v 0.000587 0.003079 -0.003179
v 0.000895 0.004067 -0.003523
v 0.000602 0.001477 -0.002231
v 0.000303 0.000700 -0.001604
v 0.000631 0.000343 -0.000839
v 0.000932 0.001001 -0.001574
v 0.000958 0.027987 -0.010365
v 0.001312 0.029324 -0.010083
v 0.000747 0.030428 -0.009659
v 0.000415 0.029124 -0.010063
v 0.000513 0.032846 -0.008435
v 0.000618 0.034006 -0.007551
v 0.000310 0.034831 -0.006474
v 0.000190 0.033905 -0.007550
v 0.000210 0.036035 -0.003994
v 0.000304 0.036448 -0.002674
v 0.000089 0.036346 -0.002671
v 0.005617 0.030924 -0.010304
v 0.005865 0.032385 -0.009929
v 0.004858 0.032898 -0.009551
v 0.004648 0.031395 -0.010025
v 0.003812 0.034910 -0.008319
v 0.003844 0.036304 -0.007448
v 0.002666 0.036655 -0.006473
v 0.002660 0.035398 -0.007505
v 0.001967 0.037851 -0.004051
v 0.002385 0.038693 -0.002726
v 0.001468 0.037784 -0.002713
v 0.007996 0.032757 -0.010117
v 0.008322 0.034037 -0.009750
v 0.007390 0.034666 -0.009380
v 0.007088 0.033293 -0.009838
v 0.006617 0.036667 -0.008181
v 0.006996 0.037957 -0.007342
v 0.005682 0.038462 -0.006398
v 0.005332 0.037212 -0.007391
v 0.004980 0.039762 -0.004073
v 0.005895 0.040578 -0.002753
v 0.004842 0.040418 -0.001365
v 0.003883 0.039713 -0.002738
v 0.010341 0.033900 -0.009875
v 0.010806 0.034896 -0.009515
v 0.010036 0.035688 -0.009195
v 0.009565 0.034578 -0.009645
v 0.009721 0.037623 -0.008053
v 0.010427 0.038626 -0.007235
v 0.009412 0.039441 -0.006323
v 0.008700 0.038438 -0.007293
v 0.009206 0.040831 -0.004041
v 0.010286 0.041376 -0.002745
v 0.009180 0.041576 -0.001378
v 0.008074 0.041138 -0.002745
v 0.012568 0.034184 -0.009563
v 0.013205 0.034825 -0.009209
v 0.012691 0.035746 -0.008922
v 0.012023 0.034982 -0.009364
v 0.012893 0.037489 -0.007856
v 0.013877 0.038139 -0.007072
v 0.013170 0.039217 -0.006230
v 0.012162 0.038529 -0.007162
v 0.013496 0.040638 -0.004030
v 0.014755 0.040878 -0.002753
v 0.013779 0.041459 -0.001391
v 0.012538 0.041304 -0.002750
v 0.014604 0.033517 -0.009295
v 0.015421 0.033779 -0.008956
v 0.015214 0.034789 -0.008641
v 0.014345 0.034419 -0.009067
v 0.015954 0.036235 -0.007617
v 0.017153 0.036461 -0.006883
v 0.016790 0.037724 -0.006091
v 0.015552 0.037444 -0.006972
v 0.017598 0.039014 -0.003987
v 0.018919 0.038830 -0.002732
v 0.018144 0.039802 -0.001393
v 0.016892 0.040051 -0.002746
v 0.017342 0.029842 -0.009223
v 0.018157 0.029362 -0.008949
v 0.018753 0.030326 -0.008530
v 0.017815 0.030725 -0.008886
v 0.020344 0.030930 -0.007495
v 0.021433 0.030329 -0.006834
v 0.021976 0.031564 -0.006004
v 0.020818 0.032133 -0.006802
v 0.023358 0.032087 -0.003933
v 0.024163 0.031151 -0.002695
v 0.024144 0.032376 -0.001362
v 0.023421 0.033357 -0.002696
v 0.017336 0.026972 -0.009412
v 0.017963 0.026111 -0.009140
v 0.018976 0.027038 -0.008694
v 0.018215 0.027824 -0.009040
v 0.020781 0.027203 -0.007630
v 0.021599 0.026196 -0.006972
v 0.022578 0.027393 -0.006088
v 0.021699 0.028357 -0.006890
v 0.024042 0.027527 -0.003964
v 0.024453 0.026258 -0.002716
v 0.024514 0.028808 -0.002703
v 0.016106 0.023422 -0.009545
v 0.016400 0.022191 -0.009227
v 0.017815 0.023047 -0.008864
v 0.017368 0.024227 -0.009222
v 0.019701 0.022719 -0.007825
v 0.020079 0.021250 -0.007136
v 0.021541 0.022390 -0.006238
v 0.021085 0.023821 -0.007069
v 0.022964 0.022081 -0.004032
v 0.022801 0.020457 -0.002752
v 0.023701 0.021899 -0.001380
v 0.023905 0.023455 -0.002734
v 0.013353 0.019434 -0.009137
v 0.013091 0.018003 -0.008586
v 0.014884 0.018602 -0.008520
v 0.014988 0.020069 -0.009050
v 0.016542 0.017752 -0.007567
v 0.016094 0.016136 -0.006644
v 0.018132 0.016925 -0.006050
v 0.018458 0.018610 -0.007049
v 0.019352 0.016265 -0.003907
v 0.018318 0.014751 -0.002562
v 0.020006 0.015895 -0.001341
v 0.020982 0.017441 -0.002720
v 0.009284 0.015703 -0.007946
v 0.008751 0.014318 -0.007296
v 0.010331 0.014659 -0.007220
v 0.010908 0.016087 -0.007935
v 0.011334 0.013589 -0.006251
v 0.010438 0.012162 -0.005329
v 0.012251 0.012566 -0.004916
v 0.013249 0.014014 -0.005981
v 0.013015 0.011748 -0.003151
v 0.011669 0.010485 -0.002020
v 0.013543 0.011260 -0.001087
v 0.015025 0.012482 -0.002292
v 0.003207 0.009916 -0.005825
v 0.002922 0.008882 -0.005326
v 0.003580 0.008846 -0.005168
v 0.003955 0.009972 -0.005725
v 0.003832 0.007633 -0.004363
v 0.003348 0.006412 -0.003769
v 0.003985 0.006352 -0.003397
v 0.004559 0.007618 -0.004061
v 0.004081 0.005163 -0.002214
v 0.003497 0.003979 -0.001493
v 0.004162 0.004363 -0.000775
v 0.004831 0.005433 -0.001574
v 0.001630 0.008184 -0.005194
v 0.001397 0.007338 -0.004822
v 0.001808 0.007041 -0.004601
v 0.002087 0.007999 -0.005022
v 0.001922 0.005698 -0.003922
v 0.001576 0.004602 -0.003527
v 0.001981 0.004215 -0.003140
v 0.002375 0.005395 -0.003593
v 0.002007 0.002743 -0.002133
v 0.001625 0.001656 -0.001525
v 0.002458 0.002683 -0.001483
v 0.000625 0.008853 -0.005641
v 0.000399 0.009150 -0.005796
v 0.000204 0.008734 -0.005604
v 0.000443 0.008356 -0.005414
v 0.004695 0.026613 -0.010817
v 0.003744 0.026997 -0.010745
v 0.003310 0.025621 -0.010746
v 0.004270 0.025226 -0.010772
v 0.000428 0.009834 -0.006110
v 0.000707 0.010104 -0.006216
v 0.000552 0.010574 -0.006426
v 0.000238 0.010233 -0.006290
v 0.001389 0.009096 -0.005676
v 0.001485 0.009792 -0.006000
v 0.001090 0.009747 -0.006023
v 0.001032 0.009185 -0.005763
v 0.002701 0.010799 -0.006340
v 0.002783 0.011737 -0.006775
v 0.002057 0.011465 -0.006714
v 0.002054 0.010645 -0.006338
v 0.004809 0.013415 -0.007364
v 0.004972 0.014668 -0.007901
v 0.003727 0.014214 -0.007795
v 0.003727 0.013072 -0.007304
v 0.008207 0.016732 -0.008523
v 0.008648 0.018124 -0.009052
v 0.007116 0.017818 -0.009020
v 0.006673 0.016398 -0.008496
v 0.012003 0.020283 -0.009588
v 0.012173 0.021606 -0.009947
v 0.010835 0.021199 -0.009955
v 0.010537 0.019856 -0.009563
v 0.014621 0.023894 -0.009997
v 0.014388 0.024977 -0.010162
v 0.013341 0.024489 -0.010305
v 0.013450 0.023339 -0.010136
v 0.015911 0.027053 -0.009876
v 0.015457 0.027798 -0.009979
v 0.014703 0.027301 -0.010168
v 0.015046 0.026470 -0.010092
v 0.016161 0.029526 -0.009663
v 0.015626 0.029885 -0.009773
v 0.015225 0.029410 -0.009928
v 0.015646 0.028943 -0.009863
v 0.015468 0.031269 -0.009596
v 0.014846 0.031262 -0.009758
v 0.014820 0.030671 -0.009863
v 0.015350 0.030633 -0.009740
v 0.014119 0.032473 -0.009695
v 0.013595 0.032224 -0.009867
v 0.013728 0.031667 -0.009941
v 0.014235 0.031812 -0.009803
v 0.012535 0.032885 -0.009923
v 0.012165 0.032252 -0.010111
v 0.012611 0.031872 -0.010114
v 0.012922 0.032378 -0.009967
v 0.010669 0.032357 -0.010250
v 0.010376 0.031394 -0.010447
v 0.011057 0.031058 -0.010443
v 0.011312 0.031918 -0.010278
v 0.008560 0.031053 -0.010539
v 0.008306 0.029831 -0.010719
v 0.009140 0.029561 -0.010745
v 0.009371 0.030694 -0.010599
v 0.006278 0.029122 -0.010713
v 0.005988 0.027731 -0.010832
v 0.006913 0.027497 -0.010877
v 0.007182 0.028830 -0.010797
v 0.011434 0.029092 -0.010618
v 0.012128 0.029065 -0.010531
v 0.012173 0.029869 -0.010452
v 0.011536 0.029972 -0.010526
v 0.002318 0.029755 -0.010106
v 0.003176 0.028990 -0.010420
v 0.003448 0.030464 -0.010094
v 0.002546 0.031193 -0.009674
v 0.001923 0.024910 -0.010657
v 0.001158 0.025722 -0.010630
v 0.000615 0.024549 -0.010601
v 0.001359 0.023707 -0.010543
v 0.001119 0.034236 -0.007549
v 0.001804 0.033408 -0.008422
v 0.001769 0.034682 -0.007534
v 0.001116 0.035288 -0.006483
v 0.000744 0.011482 -0.006801
v 0.001286 0.011888 -0.006948
v 0.001003 0.012596 -0.007254
v 0.000429 0.012083 -0.007057
v 0.001340 0.013936 -0.007785
v 0.002321 0.014640 -0.008030
v 0.001740 0.015513 -0.008373
v 0.000758 0.014720 -0.008096
v 0.001727 0.020236 -0.009851
v 0.002493 0.021340 -0.010131
v 0.001558 0.021881 -0.010238
v 0.000814 0.020843 -0.009995
v 0.004962 0.019171 -0.009546
v 0.006259 0.019116 -0.009502
v 0.006917 0.020556 -0.009930
v 0.005707 0.020568 -0.009951
v 0.008644 0.022037 -0.010279
v 0.009843 0.022226 -0.010273
v 0.010095 0.023529 -0.010517
v 0.009000 0.023375 -0.010545
v 0.011262 0.024964 -0.010613
v 0.012243 0.025222 -0.010527
v 0.012193 0.026285 -0.010591
v 0.011298 0.026094 -0.010686
v 0.012937 0.027465 -0.010490
v 0.013691 0.027723 -0.010356
v 0.013523 0.028494 -0.010349
v 0.012842 0.028316 -0.010473
v 0.013982 0.029367 -0.010197
v 0.014496 0.029565 -0.010076
v 0.014366 0.030083 -0.010044
v 0.013875 0.029966 -0.010154
v 0.000562 0.036685 -0.002683
v 0.000771 0.036508 -0.004016
v 0.000915 0.037112 -0.002697
v 0.000730 0.037077 -0.001336
v 0.009612 0.027115 -0.010842
v 0.010480 0.027103 -0.010783
v 0.010582 0.028172 -0.010756
v 0.009769 0.028254 -0.010811
v 0.007247 0.024677 -0.010771
v 0.008252 0.024640 -0.010752
v 0.008510 0.025937 -0.010854
v 0.007563 0.026014 -0.010873
v 0.004185 0.022243 -0.010355
v 0.005239 0.022041 -0.010322
v 0.005798 0.023406 -0.010593
v 0.004769 0.023588 -0.010609
v 0.001933 0.017175 -0.008948
v 0.002910 0.018218 -0.009273
v 0.001857 0.018728 -0.009435
v 0.000937 0.017826 -0.009165
v 0.012803 0.030513 -0.010282
v 0.013318 0.030498 -0.010194
v 0.013320 0.031063 -0.010118
v 0.012869 0.031112 -0.010192
v 0.000428 0.036745 -0.001330
v -0.004232 0.009598 0.005510
v -0.005916 0.010203 0.005452
v -0.007506 0.011424 0.005818
v -0.009473 0.010776 0.004442
v -0.008807 0.011752 0.005646
v -0.005183 0.008886 0.004786
v -0.005411 0.007687 0.003734
v -0.006367 0.007867 0.003244
v -0.008467 0.009452 0.003523
v -0.010353 0.009318 0.001020
v -0.009962 0.009886 0.002859
v -0.005584 0.006617 0.002432
v -0.009040 0.008317 0.000019
v -0.016391 0.033953 0.008599
v -0.015547 0.032851 0.009263
v -0.015557 0.032012 0.009472
v -0.016190 0.031189 0.009454
v -0.016972 0.031009 0.009223
v -0.018218 0.031708 0.008543
v -0.018491 0.032793 0.008080
v -0.017461 0.034024 0.008111
v -0.018485 0.036523 0.006085
v -0.017390 0.035213 0.007582
v -0.019651 0.032536 0.007521
v -0.021151 0.033405 0.006042
v -0.021263 0.034716 0.005091
v -0.019835 0.036388 0.005107
v -0.022456 0.034144 0.003985
v -0.001164 0.006472 0.004523
v -0.001059 0.007658 0.005079
v -0.000743 0.007997 0.005274
v -0.000254 0.007818 0.005222
v -0.000013 0.007260 0.004971
v -0.000013 0.006021 0.004447
v -0.000298 0.005349 0.004175
v -0.000887 0.005586 0.004197
v -0.001262 0.003502 0.003201
v -0.001230 0.005068 0.003908
v -0.000013 0.004565 0.003891
v -0.000011 0.002940 0.003244
v -0.000316 0.002148 0.002822
v -0.000934 0.002438 0.002790
v -0.004012 0.030112 0.010328
v -0.003239 0.032013 0.009557
v 0.000232 0.035005 0.006222
v -0.002489 0.034207 0.008241
v -0.001765 0.035832 0.006547
v -0.000371 0.035600 0.005243
v -0.000076 0.035523 0.005216
v -0.005141 0.029709 0.010561
v -0.006463 0.030497 0.010546
v -0.006829 0.031897 0.010263
v -0.006137 0.033843 0.009513
v -0.005032 0.034394 0.009010
v -0.003554 0.033520 0.008985
v -0.005166 0.035839 0.008297
v -0.004005 0.037593 0.006491
v -0.002828 0.037800 0.005376
v -0.001810 0.036900 0.005377
v -0.007694 0.031408 0.010471
v -0.008869 0.032250 0.010354
v -0.009201 0.033429 0.010059
v -0.008726 0.035291 0.009350
v -0.007757 0.036004 0.008867
v -0.006373 0.035280 0.008937
v -0.008176 0.037277 0.008175
v -0.007568 0.039101 0.006412
v -0.006289 0.039556 0.005332
v -0.004355 0.038755 0.005361
v -0.009982 0.032864 0.010218
v -0.011055 0.033277 0.010061
v -0.011501 0.034154 0.009772
v -0.011398 0.035838 0.009120
v -0.010634 0.036733 0.008693
v -0.009180 0.036497 0.008791
v -0.011335 0.037690 0.008017
v -0.011318 0.039476 0.006335
v -0.010323 0.040264 0.005284
v -0.008312 0.040068 0.005305
v -0.012076 0.033481 0.009898
v -0.013038 0.033457 0.009746
v -0.013638 0.033970 0.009466
v -0.014000 0.035392 0.008825
v -0.013519 0.036425 0.008434
v -0.012087 0.036710 0.008571
v -0.014472 0.037000 0.007786
v -0.015035 0.038633 0.006216
v -0.014349 0.039726 0.005232
v -0.012348 0.040158 0.005263
v -0.013941 0.033188 0.009620
v -0.014788 0.032690 0.009529
v -0.016247 0.035059 0.008184
v -0.014915 0.035869 0.008297
v -0.018147 0.037810 0.005141
v -0.016293 0.038937 0.005188
v -0.016620 0.030213 0.009486
v -0.016808 0.029062 0.009563
v -0.017499 0.028496 0.009360
v -0.019043 0.028769 0.008653
v -0.019759 0.029806 0.008141
v -0.019271 0.031384 0.008093
v -0.020756 0.029155 0.007601
v -0.022483 0.029567 0.006087
v -0.023051 0.030818 0.005106
v -0.022346 0.032849 0.005092
v -0.016747 0.027727 0.009667
v -0.016418 0.026215 0.009771
v -0.016910 0.025277 0.009555
v -0.018608 0.025129 0.008847
v -0.019755 0.026123 0.008316
v -0.019929 0.028055 0.008218
v -0.020475 0.025060 0.007783
v -0.022319 0.025006 0.006213
v -0.023319 0.026247 0.005176
v -0.023380 0.028635 0.005133
v -0.023784 0.024924 0.004047
v -0.024561 0.024864 0.001424
v -0.015791 0.024538 0.009839
v -0.014837 0.022713 0.009815
v -0.014970 0.021440 0.009506
v -0.016636 0.020833 0.008870
v -0.018217 0.021719 0.008463
v -0.019200 0.024006 0.008417
v -0.018464 0.020230 0.007875
v -0.020233 0.019626 0.006304
v -0.021753 0.020795 0.005278
v -0.022804 0.023620 0.005232
v -0.021579 0.019102 0.004089
v -0.022274 0.018811 0.001434
v -0.013462 0.020760 0.009605
v -0.011761 0.018907 0.009174
v -0.010911 0.017291 0.008572
v -0.012511 0.016301 0.007859
v -0.014539 0.017024 0.007858
v -0.016708 0.019339 0.008333
v -0.014020 0.015525 0.007025
v -0.015351 0.014571 0.005600
v -0.017447 0.015311 0.004916
v -0.020009 0.017919 0.005217
v -0.016385 0.013824 0.003619
v -0.009256 0.012975 0.006418
v -0.012039 0.015058 0.007192
v -0.011144 0.011187 0.003895
v -0.014301 0.013103 0.004400
v -0.011991 0.010180 0.000033
v -0.002848 0.009561 0.005752
v -0.002357 0.008855 0.005468
v -0.002629 0.007834 0.004880
v -0.003208 0.007707 0.004663
v -0.004294 0.008747 0.004981
v -0.002804 0.006562 0.004135
v -0.002902 0.005181 0.003261
v -0.003464 0.005091 0.002806
v -0.004737 0.006410 0.002995
v -0.002952 0.003851 0.002179
v -0.001842 0.008947 0.005596
v -0.001260 0.008384 0.005400
v -0.001537 0.006064 0.004263
v -0.002293 0.006778 0.004409
v -0.001630 0.003042 0.002742
v -0.002453 0.003948 0.002729
v -0.001539 0.038062 0.000025
v -0.002478 0.038971 0.000025
v -0.003962 0.040008 0.000027
v -0.005921 0.040911 0.000022
v -0.008087 0.041497 0.000031
v -0.010367 0.041765 0.000019
v -0.012703 0.041724 0.000018
v -0.014993 0.041313 0.000016
v -0.017194 0.040486 0.000014
v -0.019280 0.039240 0.000038
v -0.000013 0.008282 0.005443
v -0.000017 0.009137 0.005849
v -0.008838 0.028079 0.010908
v -0.009959 0.029332 0.010783
v -0.010884 0.030148 0.010631
v -0.011709 0.030793 0.010461
v -0.012427 0.031280 0.010293
v -0.013002 0.031609 0.010150
v -0.013342 0.031553 0.010096
v -0.013810 0.031110 0.010071
v -0.014340 0.030621 0.010033
v -0.014826 0.030180 0.009991
v -0.014944 0.029794 0.010012
v -0.014754 0.029035 0.010126
v -0.014424 0.028051 0.010259
v -0.013925 0.026885 0.010384
v -0.013227 0.025558 0.010466
v -0.012291 0.024085 0.010458
v -0.010944 0.022511 0.010318
v -0.000295 0.009643 0.006080
v -0.000691 0.009222 0.005867
v -0.000922 0.008603 0.005547
v -0.005145 0.028656 0.010736
v -0.001785 0.009595 0.005923
v -0.010625 0.018950 0.009285
v -0.013484 0.022061 0.009938
v -0.012218 0.022834 0.010266
v -0.015431 0.025551 0.010019
v -0.014164 0.025972 0.010322
v -0.016177 0.028382 0.009813
v -0.015080 0.028454 0.010094
v -0.015958 0.030478 0.009653
v -0.015214 0.030128 0.009907
v -0.014862 0.031938 0.009681
v -0.014314 0.031195 0.009950
v -0.013382 0.032810 0.009840
v -0.013226 0.031959 0.010049
v -0.011663 0.032725 0.010132
v -0.011913 0.031555 0.010323
v -0.009664 0.031795 0.010457
v -0.010162 0.030390 0.010659
v -0.007239 0.029923 0.010711
v -0.007857 0.027890 0.010926
v -0.001957 0.033555 0.008430
v -0.001158 0.036207 0.005374
v -0.000712 0.035797 0.005316
v -0.000573 0.035034 0.006360
v -0.009192 0.025337 0.010840
v -0.008560 0.026643 0.010930
v -0.012171 0.027276 0.010658
v -0.013086 0.026548 0.010525
v -0.012798 0.029838 0.010416
v -0.012287 0.030609 0.010406
v -0.000481 0.036191 0.004046
v -0.011200 0.023783 0.010529
v -0.010277 0.024502 0.010696
v -0.010729 0.029186 0.010737
v -0.011392 0.028154 0.010731
v -0.014180 0.028734 0.010267
v -0.013430 0.029208 0.010369
v -0.012146 0.028201 0.010636
v -0.012810 0.029105 0.010482
v -0.010285 0.025652 0.010802
v -0.011346 0.027143 0.010757
v -0.009480 0.023662 0.010624
v -0.013365 0.029875 0.010315
v -0.013843 0.030545 0.010145
v 0.005462 0.007855 0.003840
v 0.006366 0.007903 0.003269
v 0.008429 0.009425 0.003497
v 0.005562 0.006620 0.002437
v 0.016367 0.033955 0.008598
v 0.015522 0.032852 0.009263
v 0.015532 0.032013 0.009473
v 0.016166 0.031190 0.009456
v 0.016949 0.031010 0.009224
v 0.018195 0.031710 0.008544
v 0.018468 0.032794 0.008081
v 0.017437 0.034025 0.008109
v 0.018459 0.036522 0.006083
v 0.017366 0.035214 0.007580
v 0.019629 0.032538 0.007522
v 0.021128 0.033407 0.006042
v 0.021238 0.034718 0.005091
v 0.019808 0.036388 0.005105
v 0.020127 0.038366 0.001438
v 0.019474 0.037663 0.004011
v 0.022432 0.034145 0.003984
v 0.001137 0.006471 0.004522
v 0.001033 0.007658 0.005078
v 0.000716 0.007997 0.005274
v 0.000228 0.007818 0.005221
v 0.000272 0.005349 0.004175
v 0.000861 0.005586 0.004196
v 0.001236 0.003503 0.003200
v 0.001204 0.005068 0.003907
v 0.000290 0.002149 0.002821
v 0.000908 0.002440 0.002788
v 0.001929 0.036038 0.006510
v 0.000479 0.035669 0.005261
v 0.000198 0.035549 0.005225
v 0.001236 0.037060 0.004087
v 0.006918 0.032053 0.010236
v 0.006204 0.033938 0.009494
v 0.005187 0.035870 0.008294
v 0.003980 0.037594 0.006490
v 0.002803 0.037801 0.005376
v 0.001813 0.036940 0.005359
v 0.007721 0.031481 0.010461
v 0.008845 0.032253 0.010354
v 0.009175 0.033429 0.010060
v 0.008700 0.035293 0.009349
v 0.007730 0.036005 0.008865
v 0.006357 0.035288 0.008934
v 0.008150 0.037279 0.008174
v 0.007541 0.039102 0.006411
v 0.006262 0.039555 0.005330
v 0.004330 0.038754 0.005360
v 0.009957 0.032864 0.010219
v 0.011030 0.033278 0.010063
v 0.011476 0.034155 0.009773
v 0.011373 0.035841 0.009120
v 0.010609 0.036735 0.008691
v 0.009154 0.036498 0.008789
v 0.011311 0.037692 0.008017
v 0.011293 0.039478 0.006334
v 0.010297 0.040264 0.005283
v 0.008286 0.040068 0.005303
v 0.011351 0.040893 0.004087
v 0.012051 0.033481 0.009900
v 0.013013 0.033458 0.009748
v 0.013613 0.033971 0.009467
v 0.013976 0.035394 0.008825
v 0.013495 0.036427 0.008433
v 0.012063 0.036713 0.008570
v 0.014449 0.037003 0.007786
v 0.015011 0.038634 0.006216
v 0.014325 0.039726 0.005231
v 0.012323 0.040158 0.005261
v 0.015587 0.040017 0.004066
v 0.013916 0.033189 0.009622
v 0.014764 0.032691 0.009530
v 0.016223 0.035060 0.008183
v 0.014892 0.035871 0.008296
v 0.018121 0.037809 0.005140
v 0.016269 0.038938 0.005187
v 0.016596 0.030214 0.009487
v 0.016785 0.029063 0.009564
v 0.017477 0.028497 0.009361
v 0.019021 0.028770 0.008653
v 0.019736 0.029807 0.008141
v 0.019249 0.031385 0.008093
v 0.020734 0.029155 0.007601
v 0.022460 0.029568 0.006087
v 0.023027 0.030819 0.005105
v 0.022322 0.032850 0.005092
v 0.023893 0.029895 0.003995
v 0.024690 0.030065 0.001414
v 0.016720 0.027718 0.009670
v 0.016271 0.025986 0.009801
v 0.016690 0.024783 0.009580
v 0.018685 0.024960 0.008781
v 0.019736 0.026076 0.008310
v 0.019907 0.028053 0.008217
v 0.020392 0.025053 0.007822
v 0.022249 0.024973 0.006255
v 0.023294 0.026246 0.005177
v 0.023356 0.028635 0.005132
v 0.019178 0.024145 0.008434
v 0.018618 0.021623 0.008226
v 0.021676 0.020751 0.005318
v 0.022739 0.023588 0.005275
v 0.017481 0.015251 0.004766
v 0.019937 0.017756 0.005096
v 0.002339 0.008852 0.005466
v 0.002603 0.007833 0.004879
v 0.003190 0.007740 0.004681
v 0.002779 0.006561 0.004135
v 0.002877 0.005180 0.003261
v 0.003439 0.005092 0.002807
v 0.004728 0.006443 0.003017
v 0.001823 0.008944 0.005594
v 0.001233 0.008383 0.005400
v 0.001511 0.006064 0.004262
v 0.002267 0.006777 0.004408
v 0.001604 0.003043 0.002741
v 0.002427 0.003947 0.002728
v 0.002492 0.002109 0.000017
v 0.008395 0.027889 0.010925
v 0.009927 0.029363 0.010781
v 0.010858 0.030148 0.010631
v 0.011683 0.030794 0.010461
v 0.012401 0.031281 0.010293
v 0.012977 0.031610 0.010150
v 0.013317 0.031554 0.010096
v 0.013785 0.031111 0.010070
v 0.014316 0.030622 0.010033
v 0.014802 0.030181 0.009991
v 0.014920 0.029795 0.010012
v 0.014730 0.029036 0.010126
v 0.014390 0.028044 0.010261
v 0.013640 0.026696 0.010430
v 0.012430 0.023892 0.010413
v 0.000624 0.009609 0.006052
v 0.000189 0.009605 0.006064
v 0.000780 0.009260 0.005876
v 0.000900 0.008604 0.005547
v 0.015076 0.025158 0.010075
v 0.013655 0.025573 0.010391
v 0.016154 0.028383 0.009814
v 0.015056 0.028455 0.010095
v 0.015934 0.030479 0.009654
v 0.015190 0.030129 0.009907
v 0.014837 0.031939 0.009682
v 0.014289 0.031196 0.009950
v 0.013356 0.032810 0.009842
v 0.013201 0.031959 0.010049
v 0.011638 0.032725 0.010134
v 0.011887 0.031555 0.010323
v 0.009639 0.031795 0.010459
v 0.010137 0.030391 0.010659
v 0.007541 0.030329 0.010668
v 0.001205 0.036305 0.005343
v 0.000792 0.035897 0.005308
v 0.000966 0.035281 0.006392
v 0.011771 0.027023 0.010705
v 0.012575 0.026220 0.010588
v 0.012773 0.029838 0.010415
v 0.012262 0.030610 0.010406
v 0.000466 0.036203 0.004047
v 0.010691 0.029200 0.010737
v 0.011172 0.028196 0.010750
v 0.014157 0.028735 0.010267
v 0.013406 0.029209 0.010368
v 0.011923 0.028119 0.010665
v 0.012778 0.029102 0.010483
v 0.010642 0.027554 0.010818
v 0.013340 0.029876 0.010315
v 0.013819 0.030546 0.010144
v -0.020152 0.038366 0.001438
v -0.019500 0.037664 0.004013
v -0.021156 0.037604 0.000014
v -0.001276 0.001932 0.002238
v -0.000007 0.001329 0.002302
v -0.000002 0.000192 0.000902
v -0.000010 0.035992 0.004031
v -0.001254 0.037051 0.004088
v -0.001197 0.037627 0.001397
v -0.003213 0.038826 0.004130
v -0.003101 0.039418 0.001411
v -0.007113 0.040457 0.004105
v -0.006982 0.041162 0.001417
v -0.011375 0.040893 0.004088
v -0.011501 0.041682 0.001435
v -0.015611 0.040017 0.004067
v -0.016033 0.040838 0.001446
v -0.023917 0.029895 0.003996
v -0.024715 0.030065 0.001414
v 0.009939 0.009886 0.002856
v 0.001250 0.001934 0.002237
v 0.003187 0.038825 0.004130
v 0.003075 0.039418 0.001411
v 0.002451 0.038971 0.000025
v 0.007088 0.040457 0.004104
v 0.023759 0.024922 0.004049
v 0.024920 0.028866 0.000018
v 0.021543 0.019091 0.004098
v 0.016372 0.013822 0.003601
v 0.002927 0.003850 0.002179
v 0.002970 0.002920 0.000808
v -0.008049 0.010469 0.004861
v -0.007198 0.009161 0.004060
v -0.006124 0.008978 0.004467
v -0.006872 0.010253 0.005169
v -0.008821 0.008666 0.001876
v -0.007752 0.007555 0.000940
v -0.006583 0.006996 0.001743
v -0.007495 0.008188 0.002623
v -0.016420 0.032933 0.008938
v -0.017406 0.032920 0.008548
v -0.017237 0.031913 0.008914
v -0.016348 0.032009 0.009219
v -0.018644 0.035224 0.006875
v -0.019960 0.035070 0.006050
v -0.019888 0.033773 0.006848
v -0.018640 0.033971 0.007532
v -0.020772 0.037262 0.002767
v -0.021871 0.036587 0.001427
v -0.022301 0.035409 0.002754
v -0.021141 0.036020 0.003992
v -0.000827 0.006906 0.004765
v -0.000571 0.006133 0.004464
v -0.000279 0.006695 0.004719
v -0.000524 0.007357 0.004996
v -0.000921 0.004066 0.003575
v -0.000613 0.003078 0.003231
v -0.000308 0.003800 0.003586
v -0.000600 0.004690 0.003892
v -0.000958 0.000998 0.001626
v -0.000329 0.000698 0.001656
v -0.000628 0.001474 0.002283
v 0.000238 0.034399 0.007072
v -0.000147 0.034977 0.006234
v -0.000276 0.034316 0.007169
v -0.000114 0.036346 0.002722
v -0.000330 0.036447 0.002726
v -0.000233 0.036037 0.004034
v -0.004442 0.031491 0.010002
v -0.004799 0.032931 0.009570
v -0.005883 0.032389 0.009978
v -0.005561 0.030966 0.010332
v -0.002636 0.035414 0.007517
v -0.002690 0.036655 0.006523
v -0.003869 0.036305 0.007499
v -0.003787 0.034926 0.008342
v -0.001494 0.037784 0.002764
v -0.001916 0.038422 0.001405
v -0.002412 0.038693 0.002777
v -0.001993 0.037852 0.004103
v -0.007116 0.033291 0.009891
v -0.007417 0.034665 0.009433
v -0.008348 0.034036 0.009802
v -0.008021 0.032753 0.010169
v -0.005358 0.037211 0.007443
v -0.005708 0.038463 0.006451
v -0.007022 0.037956 0.007394
v -0.006643 0.036667 0.008233
v -0.003908 0.039713 0.002789
v -0.004867 0.040418 0.001416
v -0.005920 0.040579 0.002804
v -0.005005 0.039764 0.004125
v -0.009591 0.034577 0.009697
v -0.010061 0.035687 0.009248
v -0.010831 0.034894 0.009566
v -0.010366 0.033899 0.009926
v -0.008725 0.038437 0.007346
v -0.009438 0.039440 0.006375
v -0.010452 0.038625 0.007287
v -0.009747 0.037622 0.008106
v -0.008099 0.041138 0.002797
v -0.009204 0.041576 0.001430
v -0.010311 0.041376 0.002797
v -0.009231 0.040832 0.004093
v -0.012048 0.034980 0.009416
v -0.012715 0.035744 0.008974
v -0.013230 0.034823 0.009260
v -0.012593 0.034182 0.009613
v -0.012186 0.038527 0.007214
v -0.013194 0.039216 0.006283
v -0.013901 0.038137 0.007124
v -0.012917 0.037487 0.007908
v -0.012562 0.041304 0.002802
v -0.013803 0.041459 0.001443
v -0.014779 0.040878 0.002805
v -0.013520 0.040639 0.004082
v -0.014369 0.034417 0.009119
v -0.015238 0.034787 0.008694
v -0.015445 0.033777 0.009008
v -0.014629 0.033516 0.009346
v -0.015576 0.037442 0.007024
v -0.016815 0.037724 0.006143
v -0.017178 0.036460 0.006936
v -0.015978 0.036233 0.007670
v -0.016917 0.040051 0.002798
v -0.018169 0.039802 0.001445
v -0.018945 0.038831 0.002784
v -0.017622 0.039015 0.004040
v -0.017838 0.030723 0.008937
v -0.018775 0.030325 0.008582
v -0.018179 0.029361 0.009001
v -0.017365 0.029841 0.009274
v -0.020839 0.032134 0.006853
v -0.022000 0.031563 0.006056
v -0.021455 0.030328 0.006885
v -0.020366 0.030929 0.007547
v -0.023446 0.033357 0.002747
v -0.024187 0.031151 0.002747
v -0.023383 0.032087 0.003985
v -0.018237 0.027824 0.009092
v -0.018999 0.027037 0.008747
v -0.017985 0.026110 0.009192
v -0.017358 0.026972 0.009463
v -0.021722 0.028356 0.006941
v -0.022602 0.027393 0.006140
v -0.021621 0.026196 0.007023
v -0.020803 0.027203 0.007681
v -0.024538 0.028809 0.002754
v -0.024477 0.026258 0.002768
v -0.024067 0.027527 0.004017
v -0.017389 0.024227 0.009273
v -0.017837 0.023048 0.008916
v -0.016421 0.022189 0.009278
v -0.016128 0.023422 0.009595
v -0.021106 0.023821 0.007120
v -0.021564 0.022390 0.006290
v -0.020101 0.021251 0.007187
v -0.019723 0.022720 0.007877
v -0.023929 0.023455 0.002786
v -0.022821 0.020447 0.002803
v -0.022988 0.022081 0.004083
v -0.015000 0.020060 0.009100
v -0.014849 0.018548 0.008558
v -0.012838 0.017768 0.008563
v -0.013311 0.019384 0.009175
v -0.018480 0.018610 0.007100
v -0.018155 0.016925 0.006102
v -0.016115 0.016137 0.006696
v -0.016562 0.017750 0.007618
v -0.021006 0.017441 0.002771
v -0.018341 0.014752 0.002613
v -0.019376 0.016265 0.003959
v -0.010681 0.015168 0.007512
v -0.013242 0.014017 0.006044
v -0.012269 0.012566 0.004970
v -0.010422 0.012145 0.005381
v -0.011205 0.013582 0.006337
v -0.015049 0.012482 0.002344
v -0.013567 0.011260 0.001139
v -0.011693 0.010484 0.002071
v -0.013039 0.011748 0.003203
v -0.003583 0.008742 0.005164
v -0.002919 0.008793 0.005334
v -0.004585 0.007618 0.004112
v -0.004010 0.006352 0.003448
v -0.003373 0.006413 0.003820
v -0.003856 0.007628 0.004412
v -0.004856 0.005433 0.001626
v -0.004187 0.004362 0.000826
v -0.003523 0.003979 0.001544
v -0.004106 0.005163 0.002265
v -0.002112 0.007995 0.005071
v -0.001834 0.007042 0.004652
v -0.001423 0.007338 0.004874
v -0.001655 0.008181 0.005243
v -0.002401 0.005395 0.003645
v -0.002007 0.004214 0.003192
v -0.001602 0.004602 0.003579
v -0.001948 0.005698 0.003974
v -0.002483 0.002682 0.001534
v -0.002066 0.001689 0.000827
v -0.001651 0.001653 0.001577
v -0.002033 0.002742 0.002184
v -0.000468 0.008355 0.005465
v -0.000229 0.008733 0.005654
v -0.000430 0.009128 0.005836
v -0.000635 0.008826 0.005680
v -0.001027 0.009145 0.005798
v -0.001419 0.009035 0.005697
v -0.010422 0.021003 0.009975
v -0.011982 0.021387 0.009959
v -0.011938 0.020075 0.009575
v -0.013464 0.023330 0.010185
v -0.013364 0.024489 0.010356
v -0.014411 0.024977 0.010212
v -0.014643 0.023893 0.010046
v -0.015069 0.026469 0.010143
v -0.014726 0.027300 0.010219
v -0.015480 0.027797 0.010030
v -0.015934 0.027052 0.009926
v -0.015669 0.028942 0.009914
v -0.015249 0.029409 0.009979
v -0.015650 0.029884 0.009824
v -0.016184 0.029525 0.009713
v -0.015374 0.030632 0.009790
v -0.014844 0.030670 0.009915
v -0.014871 0.031261 0.009809
v -0.015492 0.031268 0.009646
v -0.014260 0.031811 0.009853
v -0.013753 0.031666 0.009993
v -0.013620 0.032223 0.009917
v -0.014145 0.032472 0.009745
v -0.012947 0.032378 0.010017
v -0.012636 0.031872 0.010165
v -0.012190 0.032252 0.010161
v -0.012560 0.032885 0.009973
v -0.011337 0.031918 0.010328
v -0.011082 0.031058 0.010495
v -0.010401 0.031394 0.010498
v -0.010693 0.032357 0.010300
v -0.009389 0.030683 0.010651
v -0.009113 0.029458 0.010807
v -0.008154 0.029539 0.010799
v -0.008549 0.030998 0.010597
v -0.006498 0.028573 0.010837
v -0.005914 0.029341 0.010701
v -0.011561 0.029972 0.010578
v -0.012198 0.029868 0.010504
v -0.012153 0.029064 0.010583
v -0.011459 0.029092 0.010669
v -0.001119 0.035232 0.006577
v -0.001756 0.034720 0.007530
v -0.000903 0.034252 0.007462
v -0.010217 0.023593 0.010571
v -0.009790 0.022424 0.010371
v -0.011298 0.026030 0.010736
v -0.012215 0.026282 0.010642
v -0.012265 0.025219 0.010578
v -0.011267 0.024906 0.010660
v -0.012866 0.028315 0.010525
v -0.013547 0.028494 0.010401
v -0.013714 0.027723 0.010408
v -0.012960 0.027465 0.010542
v -0.013899 0.029965 0.010206
v -0.014390 0.030082 0.010095
v -0.014520 0.029564 0.010127
v -0.014006 0.029366 0.010249
v -0.000940 0.037112 0.002749
v -0.000796 0.036505 0.004068
v -0.000588 0.036683 0.002734
v -0.009757 0.028160 0.010868
v -0.010602 0.028160 0.010808
v -0.010462 0.026998 0.010837
v -0.009512 0.026824 0.010897
v -0.012894 0.031111 0.010243
v -0.013345 0.031062 0.010170
v -0.013342 0.030497 0.010246
v -0.012828 0.030512 0.010334
v 0.005343 0.009638 0.005239
v 0.007471 0.008187 0.002621
v 0.006559 0.006995 0.001743
v 0.007727 0.007554 0.000940
v 0.008797 0.008666 0.001876
v 0.016324 0.032011 0.009220
v 0.017214 0.031914 0.008915
v 0.017382 0.032921 0.008548
v 0.016396 0.032935 0.008938
v 0.018616 0.033972 0.007532
v 0.019865 0.033775 0.006849
v 0.019935 0.035071 0.006050
v 0.018619 0.035225 0.006874
v 0.021116 0.036021 0.003992
v 0.022277 0.035410 0.002754
v 0.020747 0.037262 0.002767
v 0.000498 0.007357 0.004995
v 0.000253 0.006694 0.004719
v 0.000544 0.006133 0.004463
v 0.000800 0.006905 0.004764
v 0.000574 0.004690 0.003891
v 0.000281 0.003800 0.003585
v 0.000587 0.003079 0.003230
v 0.000894 0.004066 0.003574
v 0.000602 0.001475 0.002283
v 0.000303 0.000699 0.001655
v 0.000933 0.001000 0.001625
v 0.001189 0.034638 0.007261
v 0.000592 0.035113 0.006282
v 0.000707 0.034511 0.007123
v 0.000217 0.036041 0.004035
v 0.000304 0.036448 0.002726
v 0.000194 0.036575 0.001378
v 0.000089 0.036346 0.002722
v 0.003897 0.036341 0.007497
v 0.002708 0.036695 0.006518
v 0.002901 0.035640 0.007511
v 0.001968 0.037853 0.004102
v 0.002385 0.038693 0.002777
v 0.001891 0.038422 0.001404
v 0.001468 0.037784 0.002764
v 0.007996 0.032757 0.010168
v 0.008322 0.034037 0.009801
v 0.007390 0.034666 0.009431
v 0.007101 0.033308 0.009886
v 0.006617 0.036667 0.008232
v 0.006996 0.037957 0.007393
v 0.005682 0.038462 0.006450
v 0.005336 0.037214 0.007442
v 0.004980 0.039762 0.004124
v 0.005895 0.040578 0.002804
v 0.003883 0.039713 0.002789
v 0.010341 0.033900 0.009927
v 0.010806 0.034896 0.009566
v 0.010036 0.035688 0.009246
v 0.009565 0.034578 0.009696
v 0.009721 0.037623 0.008105
v 0.010427 0.038626 0.007287
v 0.009412 0.039441 0.006374
v 0.008700 0.038438 0.007345
v 0.009206 0.040831 0.004092
v 0.010286 0.041376 0.002796
v 0.008074 0.041138 0.002796
v 0.012568 0.034184 0.009614
v 0.013205 0.034825 0.009261
v 0.012691 0.035746 0.008973
v 0.012023 0.034982 0.009416
v 0.012893 0.037489 0.007907
v 0.013877 0.038139 0.007124
v 0.013170 0.039217 0.006282
v 0.012162 0.038529 0.007214
v 0.013496 0.040638 0.004081
v 0.014755 0.040878 0.002805
v 0.012538 0.041304 0.002802
v 0.014604 0.033517 0.009346
v 0.015421 0.033779 0.009007
v 0.015214 0.034789 0.008693
v 0.014345 0.034419 0.009119
v 0.015954 0.036235 0.007668
v 0.017153 0.036461 0.006934
v 0.016790 0.037724 0.006142
v 0.015552 0.037444 0.007024
v 0.017598 0.039014 0.004039
v 0.018919 0.038830 0.002784
v 0.016892 0.040051 0.002798
v 0.017342 0.029842 0.009274
v 0.018157 0.029362 0.009001
v 0.018753 0.030326 0.008582
v 0.017815 0.030725 0.008938
v 0.020344 0.030930 0.007547
v 0.021433 0.030329 0.006885
v 0.021976 0.031564 0.006055
v 0.020818 0.032133 0.006854
v 0.023358 0.032087 0.003984
v 0.024163 0.031151 0.002746
v 0.023421 0.033357 0.002747
v 0.017316 0.026885 0.009470
v 0.017946 0.025833 0.009183
v 0.018978 0.026982 0.008744
v 0.018216 0.027813 0.009091
v 0.020781 0.027201 0.007681
v 0.021590 0.026190 0.007030
v 0.022578 0.027393 0.006139
v 0.021699 0.028357 0.006941
v 0.024042 0.027527 0.004016
v 0.024453 0.026258 0.002767
v 0.024841 0.027586 0.001418
v 0.024514 0.028808 0.002754
v 0.018108 0.023719 0.008897
v 0.019288 0.022917 0.008165
v 0.021313 0.022246 0.006460
v 0.020829 0.023721 0.007298
v 0.022957 0.022075 0.004090
v 0.022801 0.020457 0.002803
v 0.023905 0.023455 0.002786
v 0.019357 0.016250 0.003925
v 0.018318 0.014751 0.002613
v 0.020982 0.017441 0.002771
v 0.013007 0.011740 0.003196
v 0.015025 0.012482 0.002344
v 0.002923 0.009563 0.005738
v 0.002893 0.008802 0.005340
v 0.003622 0.009053 0.005327
v 0.003876 0.007809 0.004513
v 0.003351 0.006424 0.003827
v 0.004001 0.006393 0.003472
v 0.004652 0.007897 0.004277
v 0.004082 0.005164 0.002266
v 0.003497 0.003978 0.001544
v 0.004831 0.005432 0.001626
v 0.001629 0.008180 0.005243
v 0.001397 0.007338 0.004873
v 0.001808 0.007041 0.004652
v 0.002086 0.007994 0.005071
v 0.001922 0.005698 0.003974
v 0.001576 0.004602 0.003578
v 0.001981 0.004214 0.003191
v 0.002375 0.005394 0.003644
v 0.002007 0.002742 0.002184
v 0.001625 0.001654 0.001577
v 0.002041 0.001689 0.000827
v 0.002458 0.002681 0.001534
v 0.000625 0.008850 0.005691
v 0.000401 0.009163 0.005853
v 0.000204 0.008734 0.005655
v 0.000443 0.008356 0.005465
v 0.001040 0.009142 0.005793
v 0.011791 0.023188 0.010375
v 0.015859 0.026984 0.009941
v 0.015449 0.027789 0.010033
v 0.014627 0.027235 0.010236
v 0.014842 0.026258 0.010184
v 0.016161 0.029526 0.009715
v 0.015626 0.029885 0.009825
v 0.015225 0.029410 0.009980
v 0.015646 0.028943 0.009915
v 0.015468 0.031269 0.009648
v 0.014846 0.031262 0.009810
v 0.014820 0.030671 0.009915
v 0.015350 0.030633 0.009791
v 0.014119 0.032473 0.009746
v 0.013595 0.032224 0.009918
v 0.013728 0.031667 0.009993
v 0.014235 0.031812 0.009854
v 0.012534 0.032885 0.009975
v 0.012165 0.032252 0.010162
v 0.012611 0.031872 0.010166
v 0.012922 0.032378 0.010019
v 0.010669 0.032357 0.010301
v 0.010376 0.031394 0.010499
v 0.011057 0.031058 0.010495
v 0.011312 0.031918 0.010329
v 0.008559 0.031054 0.010590
v 0.008296 0.029873 0.010764
v 0.009115 0.029585 0.010794
v 0.009370 0.030695 0.010650
v 0.011396 0.029085 0.010674
v 0.012090 0.029050 0.010588
v 0.012172 0.029868 0.010504
v 0.011534 0.029972 0.010577
v 0.001717 0.034790 0.007460
v 0.002267 0.035127 0.007533
v 0.001396 0.035563 0.006496
v 0.012373 0.025007 0.010544
v 0.012711 0.027322 0.010578
v 0.013612 0.027670 0.010423
v 0.013514 0.028489 0.010403
v 0.012771 0.028279 0.010538
v 0.013982 0.029367 0.010248
v 0.014496 0.029565 0.010127
v 0.014366 0.030083 0.010095
v 0.013875 0.029966 0.010206
v 0.000562 0.036685 0.002734
v 0.000780 0.036518 0.004065
v 0.000915 0.037112 0.002748
v 0.010515 0.028308 0.010807
v 0.009674 0.028397 0.010860
v 0.012803 0.030513 0.010333
v 0.013318 0.030498 0.010246
v 0.013320 0.031063 0.010169
v 0.012869 0.031112 0.010243
v 0.016068 0.016577 0.007043
v 0.014949 0.015788 0.006904
v -0.001501 0.027043 0.010600
v -0.001646 0.027576 0.010542
v 0.013896 0.022879 0.010032
v 0.007937 0.026453 0.010936
v 0.005257 0.026817 0.010889
v 0.010692 0.013145 0.006140
v 0.010063 0.012340 0.005682
v 0.008983 0.011847 0.005652
v 0.015245 0.022420 0.009656
v 0.011385 0.022618 0.010303
v 0.011856 0.022642 0.010265
v -0.001645 0.012407 0.007203
v -0.002032 0.026701 0.010676
v -0.001608 0.026799 0.010634
v -0.001726 0.030515 0.009808
v -0.001551 0.010278 0.006274
v 0.010591 0.025291 0.010750
v 0.011849 0.015690 0.007617
v 0.011445 0.015723 0.007705
v 0.011216 0.015434 0.007576
v 0.011056 0.014726 0.007173
v 0.001295 0.017701 0.009175
v 0.012689 0.022855 0.010212
v 0.005530 0.013224 0.007246
v 0.005630 0.014287 0.007733
v 0.011061 0.023587 0.010508
v 0.011161 0.022950 0.010388
v -0.007543 0.022317 0.010423
v 0.001411 0.032985 0.008598
v -0.001873 0.013348 0.007584
v -0.004712 0.026368 0.010869
v -0.003201 0.026585 0.010776
v -0.007266 0.014080 0.007447
v -0.007041 0.024895 0.010845
v -0.006661 0.025598 0.010900
v 0.000101 0.032568 0.008621
v 0.010066 0.025878 0.010828
v 0.005146 0.027091 0.010875
v -0.001927 0.028436 0.010416
v -0.002005 0.029429 0.010192
v 0.005604 0.028686 0.010770
v 0.005330 0.027590 0.010857
v 0.017161 0.019001 0.007991
v 0.016847 0.017719 0.007458
v -0.003288 0.011565 0.006696
v 0.016347 0.021509 0.009137
v 0.016990 0.020329 0.008573
v -0.007746 0.019500 0.009632
v 0.007454 0.011613 0.005958
v 0.006023 0.011507 0.006243
v 0.003759 0.017217 0.008977
v 0.002483 0.017696 0.009163
v 0.009117 0.026258 0.010898
v -0.001495 0.011814 0.006958
v 0.010898 0.024467 0.010644
v -0.005893 0.026084 0.010907
v -0.004716 0.011764 0.006617
v 0.013703 0.015469 0.007066
v 0.012583 0.015497 0.007359
v 0.010915 0.013926 0.006663
v -0.005938 0.012008 0.006552
v -0.006586 0.012340 0.006619
v -0.006963 0.013003 0.006923
v -0.001689 0.011490 0.006806
v -0.002269 0.011430 0.006733
v 0.005353 0.011631 0.006443
v 0.005186 0.011976 0.006657
v 0.005279 0.012469 0.006901
v -0.007508 0.015493 0.008094
v -0.007682 0.017400 0.008881
v -0.007319 0.023692 0.010690
v -0.001161 0.031507 0.009309
v 0.005352 0.015419 0.008236
v 0.004879 0.031409 0.010109
v 0.005513 0.030121 0.010524
v 0.002981 0.032870 0.009128
v 0.003932 0.032390 0.009580
v 0.000133 0.017321 0.009058
v -0.000847 0.016579 0.008811
v 0.004781 0.016382 0.008642
v -0.001540 0.015599 0.008460
v -0.001886 0.014478 0.008033
v -0.007674 0.021125 0.010123
v 0.005979 0.026654 0.010919
v 0.006973 0.026559 0.010938
v 0.016238 0.016296 0.006750
v 0.014386 0.015185 0.006632
v -0.001801 0.027113 0.010617
v -0.001965 0.027461 0.010585
v 0.014117 0.023475 0.010090
v 0.007972 0.026839 0.010943
v 0.005569 0.027029 0.010895
v 0.011601 0.013486 0.006133
v 0.010458 0.012241 0.005444
v 0.009138 0.011582 0.005373
v 0.015615 0.022996 0.009667
v 0.011546 0.022889 0.010343
v 0.011778 0.022940 0.010330
v -0.001201 0.012454 0.007241
v -0.002155 0.027040 0.010654
v -0.001860 0.027014 0.010633
v -0.002164 0.030864 0.009764
v 0.010971 0.025702 0.010748
v 0.011768 0.015436 0.007480
v 0.011581 0.015478 0.007539
v 0.011498 0.015342 0.007471
v 0.011510 0.014795 0.007124
v 0.001335 0.017138 0.008994
v 0.012467 0.023225 0.010306
v 0.005059 0.013291 0.007332
v 0.005157 0.014315 0.007787
v 0.011554 0.023586 0.010464
v 0.011475 0.023049 0.010380
v -0.008106 0.022596 0.010472
v -0.001401 0.013397 0.007620
v -0.004808 0.026997 0.010859
v -0.003107 0.027103 0.010734
v -0.008070 0.014248 0.007418
v -0.007499 0.025265 0.010876
v -0.007009 0.026131 0.010928
v -0.000054 0.032985 0.008345
v 0.010297 0.026347 0.010834
v 0.005514 0.027145 0.010890
v -0.002376 0.028163 0.010520
v -0.002565 0.029546 0.010246
v 0.005959 0.028690 0.010794
v 0.005727 0.027584 0.010879
v 0.017719 0.019045 0.007749
v 0.017271 0.017641 0.007197
v -0.003231 0.011008 0.006431
v 0.016841 0.022044 0.009097
v 0.017664 0.020541 0.008364
v -0.008426 0.019740 0.009684
v 0.007537 0.011204 0.005644
v 0.005981 0.010910 0.005888
v 0.003611 0.016725 0.008809
v 0.002436 0.017132 0.008977
v 0.009210 0.026700 0.010908
v -0.001054 0.011693 0.006929
v 0.011411 0.024810 0.010635
v -0.006096 0.026701 0.010921
v -0.004662 0.011188 0.006320
v 0.013284 0.015036 0.006870
v 0.012319 0.015186 0.007212
v 0.011592 0.014131 0.006644
v -0.005993 0.011528 0.006266
v -0.006886 0.012077 0.006402
v -0.007560 0.012971 0.006795
v -0.001400 0.010995 0.006609
v -0.002162 0.010894 0.006496
v 0.004881 0.011010 0.006181
v 0.004664 0.011834 0.006659
v 0.004812 0.012499 0.006977
v -0.008307 0.015767 0.008139
v -0.008425 0.017678 0.008943
v -0.007854 0.024002 0.010729
v -0.001469 0.031988 0.009144
v 0.004962 0.015401 0.008253
v 0.005167 0.031589 0.010104
v 0.005837 0.030202 0.010542
v 0.002835 0.033379 0.008837
v 0.004138 0.032698 0.009507
v 0.001288 0.033381 0.008309
v 0.000254 0.016818 0.008894
v -0.000684 0.016208 0.008685
v 0.004586 0.016035 0.008519
v -0.001139 0.015566 0.008454
v -0.001411 0.014484 0.008047
v -0.008262 0.021357 0.010170
v 0.006133 0.026955 0.010919
v 0.006982 0.026912 0.010939
v 0.015552 0.015979 0.006807
v 0.016643 0.017071 0.007131
v 0.014282 0.015428 0.006860
v 0.008298 0.011583 0.005677
v -0.001702 0.027272 0.010587
v -0.001690 0.026982 0.010623
v -0.001960 0.027926 0.010514
v 0.014652 0.022914 0.009888
v 0.013249 0.023104 0.010178
v 0.008549 0.026544 0.010928
v 0.007434 0.026680 0.010943
v 0.005640 0.026857 0.010905
v 0.005328 0.027003 0.010887
v 0.010639 0.012705 0.005793
v 0.011049 0.013588 0.006379
v 0.009637 0.011946 0.005497
v 0.015984 0.022169 0.009401
v 0.011612 0.022742 0.010309
v 0.011372 0.022848 0.010351
v 0.012175 0.022913 0.010285
v -0.001359 0.012078 0.007077
v -0.001592 0.012862 0.007395
v -0.001890 0.026872 0.010649
v -0.002546 0.026829 0.010709
v -0.001619 0.031164 0.009541
v -0.002095 0.030019 0.010035
v 0.010933 0.025008 0.010697
v 0.010500 0.025747 0.010790
v 0.011648 0.015605 0.007603
v 0.012102 0.015457 0.007429
v 0.011419 0.015519 0.007593
v 0.011299 0.015114 0.007368
v 0.011172 0.014308 0.006872
v 0.000755 0.017388 0.009078
v 0.001889 0.017545 0.009121
v 0.005437 0.013737 0.007500
v 0.005219 0.012833 0.007092
v 0.005361 0.014839 0.007995
v 0.011279 0.023267 0.010436
v 0.011198 0.024053 0.010565
v -0.007643 0.023009 0.010566
v -0.007808 0.021784 0.010291
v 0.000366 0.032827 0.008481
v -0.001734 0.013913 0.007817
v -0.004008 0.026682 0.010826
v -0.005396 0.026433 0.010898
v -0.007620 0.014757 0.007737
v -0.007326 0.013489 0.007128
v -0.007042 0.025385 0.010888
v -0.007358 0.024463 0.010796
v -0.006445 0.026050 0.010918
v -0.000948 0.032006 0.009031
v 0.009728 0.026266 0.010868
v 0.005383 0.027296 0.010877
v -0.002207 0.028904 0.010351
v 0.005651 0.028014 0.010844
v 0.005797 0.029434 0.010678
v 0.017232 0.018336 0.007632
v 0.017326 0.019716 0.008217
v -0.003976 0.011478 0.006572
v -0.002713 0.011306 0.006633
v 0.016911 0.021068 0.008826
v -0.007926 0.020432 0.009918
v -0.007949 0.018509 0.009283
v 0.006643 0.011375 0.006018
v 0.005496 0.011340 0.006252
v 0.003047 0.017355 0.009040
v 0.004242 0.016667 0.008768
v -0.001374 0.011517 0.006838
v -0.005430 0.011709 0.006475
v 0.013042 0.015299 0.007124
v -0.006395 0.012024 0.006474
v -0.006942 0.012543 0.006667
v -0.001872 0.011248 0.006684
v 0.005049 0.011683 0.006522
v 0.005016 0.012199 0.006798
v -0.007821 0.016405 0.008466
v 0.004953 0.015846 0.008429
v 0.005405 0.030855 0.010342
v 0.004542 0.032073 0.009833
v 0.003491 0.032846 0.009278
v 0.001744 0.033150 0.008601
v -0.000295 0.016830 0.008898
v -0.001093 0.016030 0.008620
v -0.001585 0.015008 0.008242
v 0.006547 0.026765 0.010932
v 0.014362 0.013079 0.004291
v 0.012736 0.012597 0.004731
v 0.015234 0.015074 0.006165
v 0.013298 0.014151 0.006136
v 0.012170 0.014737 0.006939
v 0.011753 0.015205 0.007340
v 0.011132 0.011107 0.003765
v 0.011669 0.010485 0.002071
v 0.010129 0.011734 0.005098
v 0.008585 0.011080 0.005157
v 0.007205 0.009184 0.004065
v 0.011997 0.012912 0.005459
v 0.015646 0.014426 0.005219
v 0.009093 0.010428 0.004257
v 0.006860 0.010472 0.005331
v 0.011420 0.012167 0.004936
v 0.009603 0.011130 0.004737
v 0.007956 0.010280 0.004719
v 0.013896 0.013704 0.005416
v 0.006211 0.009293 0.004674
v -0.003728 0.010360 0.006029
v -0.002476 0.010280 0.006168
v -0.005232 0.010599 0.005878
v -0.000948 0.009677 0.006058
v 0.003866 0.011121 0.006403
v 0.001080 0.009619 0.006016
v 0.004473 0.009540 0.005414
v 0.003955 0.010335 0.005975
v 0.001834 0.009561 0.005897
v -0.000794 0.010382 0.006384
v 0.001400 0.009031 0.005695
v 0.004236 0.012097 0.006847
v -0.000599 0.011036 0.006671
v 0.000187 0.010821 0.006590
v 0.000897 0.010761 0.006540
v 0.001648 0.010762 0.006484
v 0.002593 0.010838 0.006422
v -0.000716 0.012024 0.007078
v 0.000211 0.011940 0.007052
v 0.001132 0.011911 0.007016
v 0.002073 0.011915 0.006965
v 0.003099 0.011960 0.006901
v -0.000230 0.011472 0.006860
v 0.000618 0.011367 0.006808
v 0.001451 0.011347 0.006758
v 0.002367 0.011380 0.006700
v 0.003475 0.011527 0.006656
v -0.000872 0.012929 0.007445
v 0.004671 0.013866 0.007630
v 0.004670 0.015011 0.008114
v 0.004481 0.012902 0.007208
v 0.003372 0.012965 0.007335
v 0.002293 0.012998 0.007419
v 0.001246 0.013005 0.007465
v 0.000197 0.012986 0.007476
v -0.000963 0.013996 0.007867
v 0.000184 0.014134 0.007928
v 0.001293 0.014204 0.007942
v 0.002393 0.014185 0.007901
v 0.003518 0.014069 0.007798
v -0.000868 0.015156 0.008309
v 0.000221 0.015480 0.008431
v 0.001323 0.015654 0.008483
v 0.002427 0.015637 0.008453
v 0.003568 0.015399 0.008323
v -0.000374 0.014678 0.008135
v 0.000755 0.014851 0.008197
v 0.001862 0.014897 0.008193
v 0.002978 0.014807 0.008121
v 0.004131 0.014568 0.007966
v -0.000375 0.013498 0.007679
v 0.000733 0.013567 0.007702
v 0.001813 0.013581 0.007680
v 0.002902 0.013539 0.007614
v 0.004028 0.013433 0.007492
v -0.000271 0.015991 0.008612
v 0.000788 0.016378 0.008743
v 0.001882 0.016487 0.008767
v 0.002993 0.016340 0.008690
v 0.004140 0.015857 0.008472
v -0.000119 0.010246 0.006349
v 0.000469 0.010164 0.006305
v 0.001026 0.010148 0.006263
v 0.001729 0.010146 0.006191
v 0.002755 0.010231 0.006105
v 0.003806 0.012474 0.007074
v 0.002720 0.012457 0.007158
v 0.001698 0.012455 0.007220
v 0.000706 0.012457 0.007256
v -0.000295 0.012461 0.007264
v -0.006590 0.011342 0.006015
v -0.007751 0.012346 0.006372
v -0.008898 0.013823 0.007038
v -0.009467 0.015537 0.007891
v -0.009426 0.017287 0.008710
v -0.009462 0.019298 0.009485
v -0.009130 0.021087 0.010065
v -0.008831 0.022458 0.010420
v -0.008661 0.023809 0.010680
v -0.008211 0.025265 0.010866
v -0.007702 0.026389 0.010936
v -0.006902 0.027339 0.010930
v -0.005632 0.027637 0.010868
v -0.004238 0.028027 0.010738
v -0.003235 0.027944 0.010652
v -0.002358 0.027437 0.010628
v -0.001946 0.027149 0.010625
v -0.003434 0.028981 0.010501
v -0.002949 0.030578 0.010012
v -0.002197 0.032140 0.009243
v -0.001255 0.033125 0.008464
v 0.000141 0.033673 0.007803
v 0.001324 0.033964 0.007906
v 0.002688 0.034124 0.008384
v 0.005257 0.034582 0.008989
v -0.000517 0.032163 0.008891
v -0.000725 0.032638 0.008641
v -0.000292 0.032505 0.008669
v 0.000753 0.032830 0.008535
v 0.000623 0.033213 0.008246
v 0.001061 0.033031 0.008480
v 0.002132 0.033015 0.008802
v 0.001998 0.033453 0.008513
v 0.002556 0.033111 0.008882
v 0.001985 0.034027 0.008152
v 0.000747 0.033828 0.007794
v -0.000486 0.033487 0.008011
v 0.006181 0.032775 0.009908
v 0.005733 0.030953 0.010363
v 0.007428 0.029432 0.010791
v 0.003704 0.033556 0.009020
v 0.004395 0.034074 0.008982
v 0.004876 0.032314 0.009817
v 0.005476 0.032544 0.009855
v 0.006880 0.031028 0.010480
v 0.006254 0.030989 0.010419
v 0.006165 0.029484 0.010703
v 0.006741 0.029470 0.010748
v 0.004622 0.033122 0.009456
v 0.005392 0.033478 0.009496
v 0.005584 0.031716 0.010135
v 0.006229 0.031821 0.010203
v 0.006237 0.030231 0.010580
v 0.006873 0.030196 0.010644
v 0.006508 0.027121 0.010928
v 0.007223 0.028735 0.010858
v 0.008578 0.027127 0.010934
v 0.008026 0.028876 0.010865
v 0.007349 0.027745 0.010927
v 0.006483 0.028790 0.010817
v 0.007728 0.028185 0.010911
v 0.008795 0.028588 0.010883
v 0.006871 0.028181 0.010889
v 0.006132 0.028107 0.010862
v 0.007424 0.027136 0.010943
v 0.006424 0.027718 0.010902
v 0.007930 0.027454 0.010940
v 0.009205 0.027625 0.010909
v 0.006883 0.027408 0.010930
v 0.005904 0.027350 0.010898
v 0.005985 0.027140 0.010910
v 0.009898 0.027075 0.010876
v 0.010936 0.026656 0.010790
v 0.011639 0.025869 0.010690
v 0.013778 0.024395 0.010272
v 0.015327 0.024037 0.009899
v 0.016856 0.023365 0.009339
v 0.018201 0.016569 0.005685
v 0.016638 0.015707 0.005991
v 0.017166 0.016803 0.006648
v 0.019750 0.018659 0.006089
v 0.018401 0.017579 0.006432
v 0.018157 0.018352 0.007130
v 0.019755 0.020938 0.007303
v 0.019209 0.019167 0.006884
v 0.020303 0.019838 0.006332
v 0.018539 0.019874 0.007669
v 0.017995 0.022400 0.008712
v 0.012752 0.014435 0.006559
v 0.004092 0.035142 0.008340
v 0.003291 0.034612 0.008340
v 0.010204 0.011017 0.004275
v 0.011451 0.011763 0.004445
v -0.006725 0.006618 0.000020
v -0.023175 0.020323 0.000018
v -0.024307 0.023391 0.000019
v -0.021346 0.017267 0.000035
v -0.015385 0.012228 0.000034
v -0.003568 0.003486 0.000031
v -0.004939 0.005013 0.000031
v -0.000346 0.000039 0.000001
v 0.021131 0.037604 0.000014
v 0.019255 0.039240 0.000013
v 0.024569 0.031268 0.000034
v 0.000321 0.000039 0.000001
v 0.003937 0.040008 0.000027
v 0.001666 0.001029 0.000012
v -0.022705 0.035670 0.000036
v -0.024594 0.031267 0.000018
v -0.024875 0.026257 0.000018
v -0.024946 0.028866 0.000018
v -0.001692 0.001028 0.000012
v -0.002518 0.002110 0.000034
v -0.000969 0.037388 0.000025
v 0.006701 0.006617 0.000020
v 0.009015 0.008317 0.000019
v 0.000091 0.036595 0.000025
v 0.001514 0.038062 0.000025
v 0.024850 0.026257 0.000018
v 0.003543 0.003486 0.000019
v 0.000311 0.036702 0.000027
v -0.010353 0.009318 -0.000968
v -0.024561 0.024864 -0.001372
v -0.022274 0.018811 -0.001382
v 0.020127 0.038366 -0.001386
v 0.024690 0.030065 -0.001362
v -0.020152 0.038366 -0.001386
v -0.000001 0.000192 -0.000851
v -0.001197 0.037627 -0.001345
v -0.003101 0.039418 -0.001359
v -0.006982 0.041162 -0.001366
v -0.011501 0.041682 -0.001384
v -0.016033 0.040838 -0.001395
v -0.024715 0.030065 -0.001363
v 0.003075 0.039418 -0.001359
v 0.002970 0.002921 -0.000757
v -0.007751 0.007555 -0.000888
v -0.021871 0.036587 -0.001376
v -0.001916 0.038422 -0.001353
v -0.004867 0.040418 -0.001365
v -0.009204 0.041576 -0.001378
v -0.013803 0.041459 -0.001392
v -0.018169 0.039802 -0.001393
v -0.013567 0.011260 -0.001087
v -0.004187 0.004363 -0.000774
v -0.002066 0.001690 -0.000776
v 0.007727 0.007555 -0.000888
v 0.000194 0.036575 -0.001327
v 0.001891 0.038422 -0.001353
v 0.024841 0.027586 -0.001366
v 0.002041 0.001690 -0.000776
v -0.005737 0.005916 0.000878
v -0.023224 0.034568 0.001419
v -0.016989 0.013402 0.001282
v -0.002995 0.002921 0.000808
v -0.000453 0.036744 0.001382
v 0.005713 0.005915 0.000878
v 0.023200 0.034568 0.001419
v 0.001172 0.037627 0.001397
v 0.011477 0.041682 0.001435
v 0.016008 0.040838 0.001446
v -0.001316 0.000817 0.000862
v -0.000013 0.036525 0.001377
v 0.010328 0.009319 0.001019
v 0.001290 0.000818 0.000861
v 0.006957 0.041162 0.001417
v 0.024537 0.024864 0.001424
v 0.022250 0.018811 0.001433
v 0.016966 0.013402 0.001282
v -0.000656 0.000341 0.000890
v -0.000219 0.036575 0.001378
v -0.024169 0.032376 0.001414
v -0.024866 0.027586 0.001418
v -0.023726 0.021899 0.001432
v -0.020030 0.015895 0.001393
v -0.000755 0.037076 0.001388
v 0.021847 0.036587 0.001427
v 0.000631 0.000342 0.000890
v 0.004842 0.040418 0.001416
v 0.009180 0.041576 0.001429
v 0.013779 0.041459 0.001443
v 0.018144 0.039802 0.001445
v 0.024144 0.032376 0.001413
v 0.023701 0.021899 0.001432
v 0.020006 0.015895 0.001392
v 0.013543 0.011260 0.001139
v 0.004162 0.004362 0.000826
v 0.000730 0.037077 0.001388
v 0.000428 0.036745 0.001382
v 0.015990 0.016864 0.006019
v 0.014884 0.016077 0.005877
v -0.001532 0.027238 0.009604
v -0.001679 0.027767 0.009532
v 0.013866 0.023089 0.009081
v 0.007912 0.026658 0.009976
v 0.005235 0.027020 0.009917
v 0.010630 0.013438 0.005115
v 0.009990 0.012651 0.004648
v 0.008916 0.012146 0.004621
v 0.015210 0.022632 0.008695
v 0.011359 0.022826 0.009359
v 0.011829 0.022850 0.009320
v -0.001669 0.012626 0.006244
v -0.002062 0.026900 0.009690
v -0.001638 0.026995 0.009644
v -0.001780 0.030658 0.008725
v 0.010563 0.025498 0.009797
v 0.011812 0.015931 0.006633
v 0.011410 0.015962 0.006723
v 0.011180 0.015675 0.006590
v 0.011017 0.014976 0.006177
v 0.001270 0.017912 0.008228
v 0.012661 0.023064 0.009265
v 0.005499 0.013450 0.006277
v 0.005601 0.014508 0.006771
v 0.011035 0.023795 0.009563
v 0.011135 0.023158 0.009445
v -0.007567 0.022526 0.009480
v 0.001468 0.033024 0.007424
v -0.001897 0.013565 0.006627
v -0.004739 0.026572 0.009904
v -0.003230 0.026786 0.009798
v -0.007284 0.014312 0.006469
v -0.007066 0.025102 0.009896
v -0.006686 0.025804 0.009945
v 0.000081 0.032600 0.007456
v 0.010039 0.026084 0.009872
v 0.005124 0.027293 0.009898
v -0.001964 0.028619 0.009391
v -0.002050 0.029596 0.009140
v 0.005586 0.028880 0.009768
v 0.005308 0.027790 0.009871
v 0.017103 0.019241 0.006992
v 0.016774 0.017980 0.006442
v -0.003308 0.011792 0.005725
v 0.016306 0.021725 0.008165
v 0.016942 0.020553 0.007589
v -0.007770 0.019713 0.008683
v 0.007402 0.011879 0.004949
v 0.005982 0.011752 0.005253
v 0.003733 0.017430 0.008028
v 0.002457 0.017908 0.008215
v 0.009090 0.026464 0.009940
v -0.001519 0.012034 0.005998
v 0.010871 0.024674 0.009695
v -0.005919 0.026290 0.009946
v -0.004733 0.011998 0.005636
v 0.013651 0.015740 0.006055
v 0.012542 0.015750 0.006362
v 0.010867 0.014194 0.005653
v -0.005950 0.012250 0.005561
v -0.006597 0.012585 0.005626
v -0.006977 0.013243 0.005935
v -0.001711 0.011712 0.005843
v -0.002291 0.011654 0.005767
v 0.005317 0.011868 0.005461
v 0.005153 0.012208 0.005680
v 0.005247 0.012698 0.005927
v -0.007529 0.015717 0.007128
v -0.007705 0.017617 0.007925
v -0.007344 0.023900 0.009745
v -0.001220 0.031616 0.008194
v 0.005325 0.015635 0.007281
v 0.004880 0.031567 0.009036
v 0.005500 0.030301 0.009489
v 0.003026 0.032964 0.007995
v 0.003956 0.032515 0.008470
v 0.000108 0.017532 0.008111
v -0.000872 0.016792 0.007862
v 0.004754 0.016596 0.007690
v -0.001564 0.015813 0.007509
v -0.001911 0.014694 0.007079
v -0.007699 0.021335 0.009178
v 0.005955 0.026858 0.009950
v 0.006948 0.026764 0.009974
v -0.000568 0.032236 0.007746
v 0.000783 0.032856 0.007356
v 0.002194 0.033075 0.007649
v 0.006054 0.025171 0.009896
v 0.005992 0.024299 0.009802
v 0.005974 0.023366 0.009658
v 0.005900 0.022349 0.009454
v 0.005685 0.021199 0.009173
v 0.005302 0.019920 0.008811
v -0.002538 0.024976 0.009769
v -0.002580 0.023894 0.009675
v -0.002641 0.022693 0.009484
v -0.002724 0.021323 0.009188
v -0.002846 0.019711 0.008765
v -0.002993 0.017887 0.008200
v 0.008818 0.025216 0.009874
v 0.008996 0.024447 0.009782
v 0.009119 0.023612 0.009651
v 0.009221 0.022781 0.009486
v 0.009371 0.021942 0.009283
v 0.009380 0.020855 0.008980
v 0.008576 0.025878 0.009932
v 0.008003 0.016898 0.007609
v 0.006263 0.026007 0.009949
v 0.016119 0.020081 0.007734
v 0.015973 0.018706 0.007200
v 0.015509 0.017441 0.006646
v 0.011486 0.020721 0.008807
v 0.011286 0.019133 0.008266
v 0.011216 0.017651 0.007638
v 0.012555 0.020874 0.008747
v 0.012361 0.019194 0.008182
v 0.012149 0.017661 0.007529
v 0.013668 0.020827 0.008575
v 0.013443 0.019121 0.008005
v 0.013108 0.017547 0.007327
v 0.014888 0.020548 0.008241
v 0.014647 0.018922 0.007692
v 0.014236 0.017442 0.007035
v 0.010757 0.019805 0.008558
v 0.010668 0.018322 0.007992
v 0.010742 0.016905 0.007333
v 0.011757 0.018416 0.007926
v 0.011925 0.019981 0.008523
v 0.012134 0.021659 0.009014
v 0.013006 0.020006 0.008407
v 0.012759 0.018376 0.007784
v 0.012443 0.016890 0.007083
v 0.013854 0.018250 0.007545
v 0.014159 0.019854 0.008164
v 0.014350 0.021601 0.008662
v 0.015438 0.019554 0.007748
v 0.015124 0.018110 0.007169
v 0.014585 0.016788 0.006527
v 0.015561 0.021086 0.008226
v 0.013411 0.016760 0.006820
v 0.013167 0.021764 0.008912
v 0.011639 0.017003 0.007265
v 0.006066 0.012348 0.005592
v 0.007052 0.012449 0.005433
v 0.008502 0.012613 0.005145
v 0.006559 0.012937 0.005835
v 0.007656 0.013141 0.005730
v 0.008952 0.013315 0.005527
v 0.006889 0.013712 0.006209
v 0.008014 0.013921 0.006127
v 0.009237 0.014073 0.005969
v 0.007019 0.014698 0.006701
v 0.008175 0.014824 0.006603
v 0.009403 0.014922 0.006457
v 0.009488 0.015851 0.006956
v 0.008165 0.015823 0.007108
v 0.006883 0.015780 0.007220
v 0.008793 0.016362 0.007294
v 0.007408 0.016330 0.007414
v 0.006079 0.016311 0.007508
v 0.008820 0.015353 0.006788
v 0.007575 0.015276 0.006914
v 0.006442 0.015203 0.007004
v 0.007537 0.014278 0.006410
v 0.008717 0.014422 0.006289
v 0.009930 0.014520 0.006109
v 0.007285 0.013418 0.005973
v 0.008475 0.013607 0.005839
v 0.009749 0.013772 0.005641
v 0.006813 0.012707 0.005648
v 0.008043 0.012866 0.005457
v 0.009411 0.013029 0.005182
v 0.005930 0.012536 0.005726
v 0.006244 0.013150 0.006011
v 0.006484 0.014072 0.006458
v 0.010078 0.015413 0.006626
v 0.015638 0.016946 0.006247
v 0.014922 0.016439 0.006157
v -0.000898 0.027197 0.009569
v -0.001026 0.027844 0.009464
v 0.013796 0.022455 0.008969
v 0.007902 0.026224 0.009963
v 0.004631 0.026782 0.009893
v 0.010139 0.013450 0.005288
v 0.009638 0.012747 0.004871
v 0.008959 0.012442 0.004859
v 0.015035 0.022056 0.008617
v 0.010908 0.022435 0.009311
v 0.011771 0.022226 0.009190
v -0.002118 0.012573 0.006194
v -0.001934 0.026427 0.009723
v -0.001081 0.026743 0.009638
v -0.001145 0.030537 0.008673
v 0.010051 0.025315 0.009820
v 0.011929 0.016429 0.006908
v 0.011271 0.016420 0.007008
v 0.010679 0.015806 0.006754
v 0.010501 0.014983 0.006289
v 0.001445 0.018496 0.008409
v 0.012681 0.022442 0.009137
v 0.005978 0.013465 0.006219
v 0.006090 0.014565 0.006746
v 0.010460 0.023716 0.009595
v 0.010580 0.022988 0.009454
v -0.006990 0.022488 0.009480
v 0.001446 0.032772 0.007586
v -0.002368 0.013548 0.006597
v -0.004674 0.026120 0.009902
v -0.003200 0.026315 0.009818
v -0.006771 0.014405 0.006588
v -0.006546 0.024963 0.009881
v -0.006279 0.025609 0.009929
v 0.000342 0.032453 0.007577
v 0.009651 0.025844 0.009883
v 0.004474 0.027280 0.009858
v -0.001284 0.028678 0.009296
v -0.001360 0.029576 0.009050
v 0.004883 0.028912 0.009698
v 0.004646 0.027900 0.009815
v 0.016608 0.019260 0.007219
v 0.016311 0.018029 0.006693
v -0.003331 0.012228 0.005933
v 0.016087 0.021299 0.008126
v 0.016509 0.020533 0.007751
v -0.007185 0.019684 0.008694
v 0.007525 0.012237 0.005166
v 0.006202 0.012123 0.005429
v 0.004238 0.017712 0.008112
v 0.002995 0.018322 0.008342
v 0.009050 0.026079 0.009926
v -0.001903 0.012080 0.005992
v 0.010309 0.024563 0.009725
v -0.005807 0.025901 0.009935
v -0.004718 0.012397 0.005849
v 0.013769 0.016205 0.006366
v 0.012714 0.016246 0.006649
v 0.010353 0.014179 0.005777
v -0.005865 0.012563 0.005755
v -0.006255 0.012754 0.005792
v -0.006513 0.013367 0.006087
v -0.001955 0.011956 0.005933
v -0.002254 0.011969 0.005914
v 0.005606 0.012135 0.005559
v 0.005539 0.012282 0.005654
v 0.005711 0.012709 0.005860
v -0.006984 0.015798 0.007218
v -0.007135 0.017654 0.007974
v -0.006784 0.023823 0.009737
v -0.000412 0.031702 0.008046
v 0.005823 0.015749 0.007293
v 0.004286 0.031315 0.009007
v 0.004805 0.030170 0.009428
v 0.002755 0.032664 0.008059
v 0.003523 0.032197 0.008491
v 0.000092 0.018086 0.008286
v -0.001059 0.017341 0.008045
v 0.005250 0.016787 0.007739
v -0.002062 0.016009 0.007569
v -0.002397 0.014752 0.007085
v -0.007115 0.021284 0.009178
v 0.005757 0.026403 0.009946
v 0.006891 0.026315 0.009967
v -0.000212 0.032034 0.007839
v 0.000782 0.032631 0.007514
v 0.002091 0.032828 0.007758
v 0.016293 0.017447 0.006313
v 0.015387 0.016503 0.006010
v 0.014270 0.016009 0.006062
v -0.001357 0.027011 0.009621
v -0.001340 0.027466 0.009554
v -0.001607 0.028206 0.009439
v 0.013226 0.022897 0.009154
v 0.014478 0.022721 0.008888
v 0.007373 0.026519 0.009975
v 0.008463 0.026385 0.009958
v 0.004924 0.027074 0.009898
v 0.005358 0.026750 0.009930
v 0.010586 0.013846 0.005466
v 0.010222 0.013065 0.004933
v 0.009436 0.012450 0.004684
v 0.008229 0.012141 0.004875
v 0.015698 0.022042 0.008431
v 0.011044 0.022826 0.009387
v 0.011499 0.022571 0.009293
v 0.012219 0.022740 0.009256
v -0.001996 0.013022 0.006394
v -0.001759 0.012279 0.006089
v -0.002504 0.026663 0.009749
v -0.001676 0.026755 0.009674
v -0.001736 0.030066 0.008937
v -0.001290 0.031084 0.008460
v 0.010174 0.025692 0.009840
v 0.010532 0.025045 0.009761
v 0.012189 0.016018 0.006612
v 0.011587 0.016166 0.006813
v 0.011129 0.015980 0.006781
v 0.010901 0.015410 0.006479
v 0.010734 0.014557 0.005952
v 0.001920 0.018157 0.008301
v 0.000640 0.017984 0.008254
v 0.005566 0.013007 0.006042
v 0.005797 0.013949 0.006486
v 0.005715 0.015128 0.007037
v 0.010758 0.024173 0.009641
v 0.010867 0.023390 0.009509
v -0.007419 0.021927 0.009340
v -0.007258 0.023131 0.009611
v 0.001140 0.032839 0.007453
v 0.001791 0.032949 0.007581
v -0.002148 0.014130 0.006847
v -0.005320 0.026253 0.009928
v -0.003991 0.026487 0.009865
v -0.006940 0.013776 0.006239
v -0.007209 0.014992 0.006821
v -0.006992 0.024544 0.009836
v -0.006723 0.025382 0.009918
v -0.006247 0.025931 0.009945
v -0.000126 0.032336 0.007646
v 0.000482 0.032650 0.007452
v 0.009538 0.026137 0.009905
v 0.004956 0.027532 0.009871
v -0.001817 0.029111 0.009247
v 0.005381 0.029587 0.009627
v 0.005238 0.028285 0.009816
v 0.016897 0.019869 0.007355
v 0.016818 0.018601 0.006794
v -0.002722 0.011890 0.005835
v -0.003975 0.012065 0.005779
v 0.016525 0.021068 0.007911
v -0.007540 0.018693 0.008340
v -0.007528 0.020593 0.008969
v 0.006643 0.011955 0.005218
v 0.005666 0.011929 0.005428
v 0.004484 0.017153 0.007907
v 0.003192 0.017919 0.008207
v -0.001732 0.011933 0.005939
v -0.005389 0.012281 0.005683
v 0.013105 0.015877 0.006313
v -0.006235 0.012521 0.005662
v -0.006636 0.012927 0.005818
v -0.002015 0.011805 0.005860
v 0.005368 0.012099 0.005582
v 0.005367 0.012436 0.005768
v -0.007411 0.016611 0.007534
v -0.000690 0.031875 0.007975
v 0.005258 0.016228 0.007523
v 0.004269 0.031969 0.008768
v 0.005037 0.030864 0.009278
v 0.002536 0.032911 0.007858
v 0.003363 0.032654 0.008245
v -0.000519 0.017368 0.008057
v -0.001426 0.016464 0.007743
v -0.001989 0.015310 0.007313
v 0.006454 0.026610 0.009966
v 0.010170 0.016314 0.007105
v 0.011050 0.021375 0.009034
v -0.000208 0.026934 0.009582
v -0.006507 0.016766 0.007663
v -0.001585 0.017888 0.008219
v -0.006372 0.015179 0.007000
v -0.002814 0.014168 0.006832
v -0.005976 0.013071 0.006014
v -0.002276 0.012224 0.006028
v -0.002395 0.016905 0.007879
v -0.003762 0.017036 0.007889
v -0.005129 0.016975 0.007815
v -0.002724 0.015433 0.007336
v -0.003864 0.015500 0.007312
v -0.005106 0.015421 0.007207
v -0.006177 0.013952 0.006441
v -0.005006 0.014145 0.006665
v -0.003839 0.014201 0.006784
v -0.002627 0.013029 0.006359
v -0.003633 0.013099 0.006312
v -0.004846 0.013137 0.006205
v -0.003225 0.013607 0.006570
v -0.004334 0.013630 0.006492
v -0.005521 0.013556 0.006328
v -0.003315 0.014817 0.007070
v -0.004460 0.014802 0.006995
v -0.005682 0.014654 0.006830
v -0.005792 0.016063 0.007425
v -0.004469 0.016220 0.007560
v -0.003183 0.016200 0.007606
v -0.002909 0.012573 0.006134
v -0.004100 0.012674 0.006065
v -0.005395 0.012763 0.005942
v -0.002499 0.025978 0.009781
v -0.004410 0.017885 0.008167
v -0.005297 0.025686 0.009912
v -0.005843 0.017784 0.008084
v -0.005831 0.019607 0.008705
v -0.005758 0.021193 0.009172
v -0.005653 0.022512 0.009490
v -0.005515 0.023771 0.009722
v -0.005379 0.024861 0.009856
v -0.001192 0.026019 0.009702
v -0.001038 0.025037 0.009714
v -0.001025 0.023986 0.009647
v -0.001065 0.022813 0.009482
v -0.001163 0.021469 0.009204
v -0.001345 0.019851 0.008798
v 0.007385 0.025951 0.009955
v 0.007449 0.025185 0.009901
v 0.007517 0.024363 0.009808
v 0.007577 0.023492 0.009673
v 0.007611 0.022567 0.009487
v 0.007592 0.021556 0.009241
v -0.003962 0.025839 0.009866
v -0.003991 0.024888 0.009821
v -0.004063 0.023807 0.009702
v -0.004151 0.022588 0.009491
v -0.004239 0.021217 0.009178
v -0.004329 0.019630 0.008735
v -0.001825 0.025524 0.009749
v -0.001804 0.024490 0.009711
v -0.001838 0.023362 0.009583
v -0.001905 0.022095 0.009352
v -0.002017 0.020616 0.009005
v -0.002186 0.018835 0.008509
v -0.004668 0.025329 0.009874
v -0.004738 0.024348 0.009788
v -0.004847 0.023172 0.009613
v -0.004948 0.021889 0.009347
v -0.005037 0.020430 0.008965
v -0.005103 0.018735 0.008438
v 0.008051 0.025565 0.009924
v 0.008195 0.024810 0.009851
v 0.008307 0.023981 0.009738
v 0.008389 0.023116 0.009584
v 0.008460 0.022215 0.009385
v 0.008494 0.021209 0.009120
v -0.005943 0.025286 0.009903
v -0.006115 0.024413 0.009817
v -0.006314 0.023119 0.009614
v -0.006451 0.021883 0.009343
v -0.006551 0.020497 0.008964
v -0.006580 0.018696 0.008381
v 0.009352 0.025561 0.009880
v 0.009619 0.024904 0.009807
v 0.009802 0.024081 0.009693
v 0.009915 0.023269 0.009550
v 0.010081 0.022530 0.009388
v 0.010333 0.021749 0.009183
v -0.000241 0.025531 0.009698
v -0.000185 0.024551 0.009684
v -0.000202 0.023474 0.009578
v -0.000277 0.022252 0.009370
v -0.000449 0.020820 0.009044
v -0.000762 0.019081 0.008582
v -0.003240 0.025436 0.009821
v -0.003296 0.024403 0.009754
v -0.003365 0.023256 0.009601
v -0.003442 0.021974 0.009350
v -0.003534 0.020494 0.008985
v -0.003646 0.018796 0.008484
v 0.006792 0.025587 0.009933
v 0.006761 0.024758 0.009861
v 0.006780 0.023886 0.009746
v 0.006789 0.022954 0.009580
v 0.006730 0.021934 0.009352
v 0.006566 0.020791 0.009050
v 0.009440 0.016928 0.007490
v 0.009320 0.018201 0.008050
v 0.009283 0.019522 0.008550
v 0.007503 0.020406 0.008914
v 0.007515 0.019210 0.008523
v 0.007738 0.018045 0.008090
v 0.006515 0.016844 0.007693
v 0.005922 0.017879 0.008115
v 0.005316 0.018824 0.008463
v 0.008646 0.017514 0.007819
v 0.008486 0.018746 0.008313
v 0.008436 0.019998 0.008751
v 0.010063 0.017577 0.007723
v 0.010027 0.018964 0.008300
v 0.010141 0.020397 0.008799
v 0.005447 0.017320 0.007931
v 0.004477 0.018229 0.008283
v 0.003828 0.018990 0.008543
v 0.007073 0.017414 0.007884
v 0.006648 0.018500 0.008310
v 0.006415 0.019584 0.008684
v 0.005400 0.025604 0.009912
v 0.003630 0.025580 0.009846
v 0.001657 0.025534 0.009742
v 0.005216 0.024723 0.009840
v 0.003469 0.024667 0.009786
v 0.001612 0.024612 0.009714
v 0.005154 0.023792 0.009720
v 0.003393 0.023689 0.009669
v 0.001563 0.023586 0.009610
v 0.005082 0.022785 0.009541
v 0.003279 0.022610 0.009480
v 0.001467 0.022430 0.009414
v 0.004868 0.021649 0.009288
v 0.002987 0.021371 0.009204
v 0.001212 0.021097 0.009117
v 0.004377 0.020325 0.008938
v 0.002336 0.019918 0.008822
v 0.000700 0.019542 0.008712
v 0.000186 0.020165 0.008878
v 0.001835 0.020515 0.008978
v 0.003662 0.020829 0.009074
v 0.000495 0.021679 0.009247
v 0.002256 0.021908 0.009317
v 0.004085 0.022126 0.009392
v 0.000635 0.022959 0.009502
v 0.002438 0.023098 0.009552
v 0.004250 0.023234 0.009614
v 0.000685 0.024068 0.009651
v 0.002508 0.024148 0.009703
v 0.004323 0.024229 0.009765
v 0.000701 0.025066 0.009708
v 0.002584 0.025105 0.009779
v 0.004440 0.025152 0.009856
v -0.000363 0.026379 0.009648
v 0.004750 0.026044 0.009906
v 0.003854 0.026400 0.009861
v 0.001713 0.026327 0.009717
v 0.003733 0.026994 0.009826
v 0.001755 0.026961 0.009662
v 0.002718 0.025972 0.009798
v 0.000671 0.025955 0.009688
v 0.002775 0.026677 0.009772
v 0.000702 0.026650 0.009634
v 0.002804 0.019325 0.008653
v 0.001075 0.018973 0.008551
v -0.000322 0.018439 0.008394
v -0.000593 0.031340 0.008248
v -0.000176 0.027532 0.009487
v 0.003944 0.028386 0.009686
v -0.000493 0.029155 0.009103
v 0.003776 0.030606 0.009137
v 0.003271 0.031590 0.008679
v 0.000152 0.031612 0.008081
v 0.000445 0.032234 0.007736
v 0.003768 0.027604 0.009774
v 0.001794 0.027610 0.009574
v -0.000345 0.028286 0.009335
v 0.001809 0.028391 0.009426
v 0.004017 0.029498 0.009479
v 0.001782 0.029313 0.009189
v -0.000471 0.030054 0.008801
v 0.001687 0.030280 0.008859
v -0.000220 0.030965 0.008405
v 0.001575 0.031163 0.008479
v 0.002685 0.032266 0.008232
v 0.001483 0.031863 0.008125
v 0.000761 0.031389 0.008244
v 0.002272 0.031739 0.008372
v 0.000628 0.030606 0.008592
v 0.002607 0.030917 0.008794
v 0.000609 0.029675 0.008944
v 0.002851 0.029932 0.009178
v 0.000671 0.028776 0.009224
v 0.002915 0.028897 0.009460
v 0.000762 0.027939 0.009428
v 0.002847 0.027987 0.009629
v 0.002180 0.032625 0.007899
v 0.001411 0.032387 0.007818
v 0.002767 0.027293 0.009716
v 0.000781 0.027244 0.009557
v 0.000857 0.032008 0.007924
v 0.001952 0.032294 0.008017
v 0.001043 0.032521 0.007648
v 0.001759 0.032672 0.007746
v -0.006465 0.013222 -0.007070
v -0.007207 0.012165 -0.006334
v -0.005531 0.010712 -0.005828
v -0.004957 0.011763 -0.006531
v -0.007802 0.011050 -0.005394
v -0.008269 0.009951 -0.004189
v -0.006248 0.008407 -0.003843
v -0.005951 0.009567 -0.004946
v -0.008650 0.009019 -0.002679
v -0.008971 0.008417 -0.000924
v -0.006679 0.006724 -0.000857
v -0.006477 0.007388 -0.002474
v -0.015966 0.032450 -0.009184
v -0.016920 0.033460 -0.008516
v -0.017841 0.032335 -0.008488
v -0.016686 0.031529 -0.009163
v -0.018040 0.034618 -0.007501
v -0.019254 0.035824 -0.006013
v -0.020596 0.034261 -0.005991
v -0.019180 0.033276 -0.007470
v -0.020354 0.036877 -0.003950
v -0.021052 0.037513 -0.001381
v -0.022598 0.035602 -0.001371
v -0.021844 0.035107 -0.003936
v -0.000787 0.007481 -0.004977
v -0.000860 0.006273 -0.004435
v -0.000290 0.006049 -0.004400
v -0.000267 0.007284 -0.004926
v -0.000907 0.004848 -0.003845
v -0.000929 0.003254 -0.003165
v -0.000309 0.002974 -0.003190
v -0.000304 0.004596 -0.003840
v -0.000939 0.001661 -0.002213
v -0.000979 0.000534 -0.000827
v -0.000339 0.000230 -0.000848
v -0.000321 0.001365 -0.002246
v -0.000493 0.027900 -0.010355
v -0.000387 0.030364 -0.009655
v -0.001175 0.030534 -0.009667
v -0.001496 0.028133 -0.010380
v -0.000272 0.032801 -0.008435
v -0.000172 0.034797 -0.006474
v -0.000507 0.034891 -0.006476
v -0.000819 0.032921 -0.008436
v -0.000122 0.035999 -0.003993
v -0.000114 0.036537 -0.001326
v -0.000331 0.036642 -0.001328
v -0.000354 0.036097 -0.003997
v -0.005038 0.030409 -0.010349
v -0.004276 0.032415 -0.009597
v -0.005507 0.033379 -0.009506
v -0.006242 0.031427 -0.010257
v -0.003253 0.034457 -0.008356
v -0.002188 0.036222 -0.006486
v -0.003295 0.037120 -0.006457
v -0.004480 0.035379 -0.008282
v -0.001578 0.037422 -0.004045
v -0.001511 0.037994 -0.001349
v -0.002438 0.038903 -0.001356
v -0.002524 0.038327 -0.004057
v -0.007430 0.032351 -0.010164
v -0.006773 0.034275 -0.009421
v -0.008068 0.035005 -0.009341
v -0.008612 0.033118 -0.010065
v -0.005893 0.036274 -0.008213
v -0.004820 0.038048 -0.006420
v -0.006630 0.038816 -0.006380
v -0.007406 0.037003 -0.008153
v -0.004047 0.039314 -0.004079
v -0.003921 0.039936 -0.001362
v -0.005907 0.040833 -0.001366
v -0.006044 0.040149 -0.004064
v -0.009786 0.033690 -0.009944
v -0.009391 0.035519 -0.009251
v -0.010731 0.035793 -0.009136
v -0.010938 0.034054 -0.009800
v -0.008956 0.037484 -0.008091
v -0.008501 0.039309 -0.006343
v -0.010376 0.039495 -0.006305
v -0.010540 0.037690 -0.008013
v -0.008174 0.040685 -0.004047
v -0.008086 0.041409 -0.001377
v -0.010343 0.041667 -0.001380
v -0.010300 0.040900 -0.004039
v -0.012052 0.034197 -0.009641
v -0.012060 0.035823 -0.008997
v -0.013362 0.035600 -0.008847
v -0.013122 0.034107 -0.009486
v -0.012129 0.037623 -0.007914
v -0.012259 0.039385 -0.006259
v -0.014121 0.038966 -0.006200
v -0.013699 0.037279 -0.007796
v -0.012451 0.040808 -0.004034
v -0.012658 0.041616 -0.001388
v -0.014929 0.041200 -0.001394
v -0.014575 0.040376 -0.004025
v -0.014141 0.033772 -0.009350
v -0.014627 0.035120 -0.008704
v -0.015828 0.034397 -0.008590
v -0.015099 0.033207 -0.009248
v -0.015233 0.036650 -0.007674
v -0.015935 0.038217 -0.006128
v -0.017668 0.037157 -0.006060
v -0.016700 0.035753 -0.007570
v -0.016629 0.039562 -0.004003
v -0.017115 0.040372 -0.001395
v -0.019186 0.039132 -0.001391
v -0.018583 0.038380 -0.003974
v -0.017200 0.030447 -0.009191
v -0.018531 0.031038 -0.008507
v -0.018947 0.029569 -0.008563
v -0.017465 0.029191 -0.009262
v -0.020048 0.031753 -0.007479
v -0.021620 0.032506 -0.005995
v -0.022286 0.030585 -0.006018
v -0.020603 0.030063 -0.007519
v -0.022968 0.033138 -0.003933
v -0.023751 0.033484 -0.001364
v -0.024490 0.031238 -0.001362
v -0.023698 0.031009 -0.003938
v -0.017465 0.027756 -0.009360
v -0.019062 0.027926 -0.008646
v -0.018848 0.026105 -0.008746
v -0.017175 0.026145 -0.009461
v -0.020824 0.028202 -0.007586
v -0.022589 0.028505 -0.006060
v -0.022514 0.026230 -0.006123
v -0.020689 0.026157 -0.007679
v -0.024042 0.028737 -0.003954
v -0.024843 0.028852 -0.001364
v -0.024775 0.026258 -0.001369
v -0.023984 0.026257 -0.003979
v -0.016562 0.024368 -0.009534
v -0.018272 0.024108 -0.008838
v -0.017297 0.021952 -0.008864
v -0.015602 0.022443 -0.009522
v -0.020156 0.023913 -0.007784
v -0.022006 0.023724 -0.006202
v -0.020980 0.021016 -0.006262
v -0.019165 0.021486 -0.007845
v -0.023454 0.023528 -0.004014
v -0.024213 0.023408 -0.001376
v -0.023087 0.020355 -0.001384
v -0.022376 0.020604 -0.004045
v -0.014229 0.020434 -0.009328
v -0.015841 0.019707 -0.008709
v -0.013841 0.017543 -0.008241
v -0.012418 0.018459 -0.008874
v -0.017604 0.018978 -0.007739
v -0.019292 0.018244 -0.006188
v -0.016823 0.015699 -0.005830
v -0.015363 0.016602 -0.007300
v -0.020586 0.017647 -0.003997
v -0.021260 0.017312 -0.001370
v -0.018590 0.014594 -0.001294
v -0.017958 0.014992 -0.003763
v -0.010350 0.016594 -0.008258
v -0.011520 0.015575 -0.007560
v -0.009233 0.013786 -0.006900
v -0.008295 0.014842 -0.007643
v -0.012699 0.014529 -0.006605
v -0.013810 0.013533 -0.005231
v -0.010819 0.011650 -0.004633
v -0.010078 0.012699 -0.005930
v -0.014716 0.012751 -0.003359
v -0.015290 0.012298 -0.001159
v -0.011901 0.010266 -0.001023
v -0.011437 0.010794 -0.002964
v -0.003744 0.010484 -0.006041
v -0.004179 0.009425 -0.005370
v -0.003092 0.008318 -0.004986
v -0.002774 0.009402 -0.005631
v -0.004478 0.008238 -0.004541
v -0.004668 0.007002 -0.003531
v -0.003425 0.005745 -0.003288
v -0.003302 0.007074 -0.004209
v -0.004798 0.005875 -0.002291
v -0.004911 0.005129 -0.000798
v -0.003552 0.003623 -0.000760
v -0.003495 0.004488 -0.002158
v -0.001992 0.008534 -0.005314
v -0.002213 0.007413 -0.004702
v -0.001486 0.006728 -0.004525
v -0.001347 0.007893 -0.005099
v -0.002355 0.006103 -0.003989
v -0.002432 0.004670 -0.003162
v -0.001619 0.003824 -0.003139
v -0.001575 0.005353 -0.003880
v -0.002468 0.003266 -0.002121
v -0.002504 0.002270 -0.000763
v -0.001675 0.001204 -0.000793
v -0.001639 0.002296 -0.002157
v -0.000696 0.008455 -0.005446
v -0.000241 0.008300 -0.005397
v -0.000222 0.009128 -0.005792
v -0.000614 0.009193 -0.005807
v -0.005003 0.025770 -0.010822
v -0.003566 0.024729 -0.010712
v -0.003101 0.026561 -0.010719
v -0.004431 0.027495 -0.010756
v -0.000238 0.009860 -0.006128
v -0.000299 0.010634 -0.006460
v -0.000842 0.010471 -0.006369
v -0.000650 0.009785 -0.006080
v -0.001162 0.008820 -0.005574
v -0.000945 0.009477 -0.005914
v -0.001310 0.010085 -0.006159
v -0.001691 0.009434 -0.005806
v -0.002340 0.010287 -0.006138
v -0.001790 0.010945 -0.006504
v -0.002416 0.012047 -0.006948
v -0.003160 0.011370 -0.006566
v -0.004205 0.012678 -0.007081
v -0.003238 0.013412 -0.007489
v -0.004359 0.015107 -0.008120
v -0.005546 0.014203 -0.007653
v -0.007262 0.015873 -0.008234
v -0.006099 0.016952 -0.008745
v -0.008149 0.018669 -0.009280
v -0.009217 0.017603 -0.008808
v -0.011141 0.019378 -0.009354
v -0.010019 0.020356 -0.009756
v -0.011612 0.022042 -0.010108
v -0.012823 0.021196 -0.009766
v -0.014130 0.023013 -0.009965
v -0.012862 0.023695 -0.010280
v -0.013796 0.025249 -0.010299
v -0.015075 0.024740 -0.009993
v -0.015716 0.026322 -0.009926
v -0.014473 0.026657 -0.010225
v -0.014927 0.027900 -0.010106
v -0.016086 0.027739 -0.009818
v -0.016209 0.028977 -0.009708
v -0.015186 0.028959 -0.009983
v -0.015266 0.029799 -0.009883
v -0.016102 0.030024 -0.009625
v -0.015752 0.030890 -0.009592
v -0.015063 0.030407 -0.009853
v -0.014589 0.030935 -0.009880
v -0.015192 0.031618 -0.009608
v -0.014510 0.032225 -0.009658
v -0.014031 0.031443 -0.009919
v -0.013487 0.031850 -0.009965
v -0.013769 0.032671 -0.009737
v -0.012979 0.032880 -0.009851
v -0.012947 0.031955 -0.010048
v -0.012290 0.031736 -0.010189
v -0.012121 0.032832 -0.009999
v -0.011186 0.032566 -0.010165
v -0.011509 0.031328 -0.010357
v -0.010632 0.030745 -0.010528
v -0.010185 0.032100 -0.010329
v -0.009130 0.031446 -0.010475
v -0.009673 0.029995 -0.010681
v -0.008637 0.029091 -0.010797
v -0.008030 0.030621 -0.010592
v -0.006890 0.029650 -0.010678
v -0.007526 0.028054 -0.010864
v -0.006324 0.026923 -0.010874
v -0.005699 0.028578 -0.010737
v -0.011158 0.029598 -0.010609
v -0.011938 0.030309 -0.010441
v -0.012489 0.029467 -0.010449
v -0.011788 0.028627 -0.010609
v -0.002070 0.030910 -0.009678
v -0.003111 0.031544 -0.009661
v -0.003812 0.029419 -0.010411
v -0.002607 0.028630 -0.010413
v -0.002098 0.023956 -0.010589
v -0.000693 0.023552 -0.010514
v -0.000592 0.025604 -0.010613
v -0.001800 0.025920 -0.010655
v -0.000901 0.035108 -0.006481
v -0.001424 0.035532 -0.006484
v -0.002251 0.033691 -0.008409
v -0.001456 0.033191 -0.008432
v -0.000394 0.011553 -0.006840
v -0.000524 0.012665 -0.007293
v -0.001519 0.012475 -0.007186
v -0.001131 0.011361 -0.006734
v -0.000690 0.013985 -0.007816
v -0.000876 0.015494 -0.008380
v -0.002692 0.015524 -0.008353
v -0.002031 0.013841 -0.007727
v -0.000879 0.020047 -0.009797
v -0.000794 0.021697 -0.010192
v -0.002387 0.022173 -0.010311
v -0.002636 0.020541 -0.009938
v -0.004783 0.019944 -0.009782
v -0.006639 0.021240 -0.010123
v -0.007280 0.019888 -0.009720
v -0.005220 0.018367 -0.009280
v -0.008292 0.022656 -0.010429
v -0.009688 0.024086 -0.010627
v -0.010578 0.023001 -0.010393
v -0.009075 0.021445 -0.010114
v -0.010831 0.025452 -0.010694
v -0.011767 0.026703 -0.010655
v -0.012702 0.025903 -0.010511
v -0.011772 0.024508 -0.010517
v -0.012536 0.027814 -0.010545
v -0.013163 0.028779 -0.010397
v -0.013966 0.028250 -0.010287
v -0.013422 0.027155 -0.010420
v -0.013673 0.029602 -0.010236
v -0.014115 0.030302 -0.010071
v -0.014662 0.029901 -0.010010
v -0.014363 0.029173 -0.010145
v -0.000592 0.036886 -0.001333
v -0.000951 0.037321 -0.001341
v -0.001000 0.036747 -0.004026
v -0.000628 0.036325 -0.004008
v -0.009286 0.027736 -0.010853
v -0.010274 0.028738 -0.010754
v -0.010965 0.027646 -0.010739
v -0.010010 0.026527 -0.010810
v -0.006951 0.025399 -0.010837
v -0.008186 0.026611 -0.010886
v -0.008900 0.025291 -0.010797
v -0.007599 0.023977 -0.010678
v -0.004004 0.023044 -0.010506
v -0.005553 0.024170 -0.010703
v -0.006089 0.022662 -0.010457
v -0.004404 0.021462 -0.010183
v -0.000969 0.017065 -0.008921
v -0.000942 0.018562 -0.009387
v -0.002842 0.019007 -0.009516
v -0.003006 0.017371 -0.008996
v -0.012607 0.030876 -0.010271
v -0.013143 0.031325 -0.010118
v -0.013583 0.030801 -0.010109
v -0.013082 0.030179 -0.010280
v 0.006441 0.013222 -0.007071
v 0.004933 0.011762 -0.006531
v 0.005506 0.010711 -0.005828
v 0.007183 0.012164 -0.006335
v 0.007778 0.011049 -0.005395
v 0.005926 0.009567 -0.004946
v 0.006224 0.008406 -0.003843
v 0.008245 0.009951 -0.004189
v 0.008626 0.009019 -0.002678
v 0.006453 0.007387 -0.002474
v 0.006655 0.006723 -0.000857
v 0.008946 0.008417 -0.000924
v 0.015941 0.032452 -0.009185
v 0.016663 0.031531 -0.009165
v 0.017818 0.032337 -0.008489
v 0.016896 0.033461 -0.008515
v 0.018016 0.034619 -0.007499
v 0.019157 0.033278 -0.007471
v 0.020572 0.034263 -0.005992
v 0.019226 0.035827 -0.006012
v 0.020328 0.036877 -0.003949
v 0.021820 0.035108 -0.003936
v 0.022573 0.035602 -0.001371
v 0.021027 0.037513 -0.001381
v 0.000761 0.007480 -0.004977
v 0.000241 0.007284 -0.004926
v 0.000264 0.006049 -0.004400
v 0.000834 0.006273 -0.004434
v 0.000881 0.004848 -0.003844
v 0.000278 0.004596 -0.003839
v 0.000283 0.002975 -0.003189
v 0.000903 0.003255 -0.003164
v 0.000913 0.001663 -0.002212
v 0.000296 0.001366 -0.002245
v 0.000314 0.000230 -0.000848
v 0.000953 0.000535 -0.000826
v 0.000467 0.027900 -0.010355
v 0.001470 0.028133 -0.010381
v 0.001150 0.030536 -0.009667
v 0.000362 0.030365 -0.009654
v 0.000247 0.032802 -0.008435
v 0.000794 0.032922 -0.008436
v 0.000482 0.034891 -0.006476
v 0.000146 0.034797 -0.006473
v 0.000097 0.035999 -0.003992
v 0.000329 0.036098 -0.003997
v 0.000305 0.036643 -0.001328
v 0.000089 0.036537 -0.001326
v 0.005012 0.030409 -0.010349
v 0.006216 0.031427 -0.010258
v 0.005479 0.033379 -0.009505
v 0.004248 0.032416 -0.009595
v 0.003227 0.034457 -0.008354
v 0.004452 0.035379 -0.008282
v 0.003268 0.037120 -0.006457
v 0.002163 0.036221 -0.006485
v 0.001552 0.037422 -0.004044
v 0.002497 0.038327 -0.004056
v 0.002412 0.038904 -0.001356
v 0.001486 0.037994 -0.001349
v 0.007404 0.032351 -0.010165
v 0.008586 0.033118 -0.010065
v 0.008041 0.035006 -0.009340
v 0.006746 0.034275 -0.009419
v 0.005866 0.036275 -0.008212
v 0.007379 0.037004 -0.008152
v 0.006603 0.038816 -0.006379
v 0.004794 0.038047 -0.006419
v 0.004021 0.039313 -0.004079
v 0.006019 0.040148 -0.004063
v 0.005876 0.040830 -0.001366
v 0.003895 0.039935 -0.001362
v 0.009761 0.033691 -0.009945
v 0.010913 0.034055 -0.009800
v 0.010706 0.035795 -0.009135
v 0.009365 0.035520 -0.009249
v 0.008930 0.037485 -0.008090
v 0.010515 0.037692 -0.008012
v 0.010351 0.039496 -0.006304
v 0.008475 0.039310 -0.006341
v 0.008148 0.040684 -0.004046
v 0.010275 0.040900 -0.004038
v 0.010319 0.041667 -0.001380
v 0.008061 0.041409 -0.001377
v 0.012028 0.034199 -0.009642
v 0.013097 0.034108 -0.009487
v 0.013338 0.035602 -0.008847
v 0.012035 0.035825 -0.008996
v 0.012105 0.037625 -0.007913
v 0.013675 0.037282 -0.007796
v 0.014097 0.038967 -0.006199
v 0.012234 0.039386 -0.006258
v 0.012427 0.040808 -0.004033
v 0.014550 0.040376 -0.004024
v 0.014905 0.041200 -0.001394
v 0.012633 0.041616 -0.001388
v 0.014116 0.033773 -0.009351
v 0.015075 0.033208 -0.009248
v 0.015804 0.034398 -0.008588
v 0.014603 0.035122 -0.008704
v 0.015210 0.036652 -0.007673
v 0.016675 0.035754 -0.007568
v 0.017643 0.037157 -0.006058
v 0.015911 0.038218 -0.006127
v 0.016605 0.039562 -0.004002
v 0.018558 0.038379 -0.003973
v 0.019161 0.039132 -0.001390
v 0.017090 0.040372 -0.001395
v 0.017176 0.030448 -0.009192
v 0.017443 0.029192 -0.009263
v 0.018924 0.029570 -0.008562
v 0.018509 0.031039 -0.008507
v 0.020026 0.031755 -0.007479
v 0.020581 0.030064 -0.007519
v 0.022263 0.030586 -0.006017
v 0.021596 0.032508 -0.005995
v 0.022943 0.033138 -0.003932
v 0.023673 0.031010 -0.003937
v 0.024465 0.031238 -0.001362
v 0.023726 0.033484 -0.001364
v 0.017443 0.027756 -0.009360
v 0.017153 0.026146 -0.009462
v 0.018827 0.026105 -0.008746
v 0.019040 0.027926 -0.008646
v 0.020802 0.028203 -0.007586
v 0.020667 0.026158 -0.007679
v 0.022492 0.026230 -0.006123
v 0.022566 0.028505 -0.006059
v 0.024017 0.028736 -0.003953
v 0.023960 0.026257 -0.003979
v 0.024751 0.026258 -0.001369
v 0.024818 0.028851 -0.001364
v 0.016541 0.024369 -0.009535
v 0.015580 0.022443 -0.009523
v 0.017275 0.021951 -0.008864
v 0.018250 0.024108 -0.008838
v 0.020135 0.023914 -0.007784
v 0.019143 0.021485 -0.007845
v 0.020957 0.021016 -0.006261
v 0.021983 0.023724 -0.006202
v 0.023431 0.023529 -0.004014
v 0.022352 0.020604 -0.004045
v 0.023063 0.020355 -0.001384
v 0.024189 0.023408 -0.001376
v 0.014208 0.020434 -0.009330
v 0.012396 0.018458 -0.008876
v 0.013819 0.017542 -0.008242
v 0.015819 0.019706 -0.008709
v 0.017582 0.018978 -0.007739
v 0.015341 0.016601 -0.007301
v 0.016800 0.015699 -0.005830
v 0.019269 0.018243 -0.006187
v 0.020562 0.017647 -0.003997
v 0.017934 0.014992 -0.003763
v 0.018566 0.014594 -0.001293
v 0.021236 0.017312 -0.001370
v 0.010327 0.016593 -0.008260
v 0.008272 0.014841 -0.007644
v 0.009209 0.013785 -0.006901
v 0.011497 0.015574 -0.007561
v 0.012677 0.014528 -0.006606
v 0.010054 0.012698 -0.005930
v 0.010795 0.011650 -0.004633
v 0.013787 0.013532 -0.005231
v 0.014693 0.012751 -0.003359
v 0.011413 0.010795 -0.002964
v 0.011876 0.010267 -0.001023
v 0.015266 0.012298 -0.001159
v 0.003720 0.010483 -0.006041
v 0.002749 0.009401 -0.005631
v 0.003066 0.008317 -0.004987
v 0.004154 0.009424 -0.005370
v 0.004453 0.008237 -0.004541
v 0.003277 0.007073 -0.004209
v 0.003400 0.005744 -0.003288
v 0.004643 0.007000 -0.003532
v 0.004773 0.005874 -0.002291
v 0.003469 0.004487 -0.002158
v 0.003527 0.003623 -0.000760
v 0.004886 0.005128 -0.000798
v 0.001966 0.008534 -0.005314
v 0.001321 0.007892 -0.005099
v 0.001460 0.006727 -0.004525
v 0.002187 0.007412 -0.004702
v 0.002330 0.006102 -0.003989
v 0.001549 0.005353 -0.003880
v 0.001593 0.003825 -0.003138
v 0.002407 0.004669 -0.003162
v 0.002442 0.003266 -0.002121
v 0.001613 0.002297 -0.002157
v 0.001649 0.001205 -0.000793
v 0.002478 0.002270 -0.000763
v 0.000670 0.008455 -0.005445
v 0.000588 0.009193 -0.005807
v 0.000196 0.009128 -0.005791
v 0.000215 0.008300 -0.005397
v 0.004977 0.025772 -0.010822
v 0.004406 0.027495 -0.010756
v 0.003075 0.026561 -0.010720
v 0.003540 0.024731 -0.010712
v 0.000212 0.009860 -0.006127
v 0.000624 0.009784 -0.006079
v 0.000817 0.010471 -0.006369
v 0.000273 0.010633 -0.006459
v 0.001137 0.008819 -0.005573
v 0.001665 0.009433 -0.005805
v 0.001284 0.010085 -0.006159
v 0.000919 0.009476 -0.005914
v 0.002315 0.010286 -0.006138
v 0.003135 0.011369 -0.006566
v 0.002391 0.012047 -0.006948
v 0.001765 0.010945 -0.006504
v 0.004181 0.012678 -0.007082
v 0.005523 0.014203 -0.007654
v 0.004335 0.015107 -0.008120
v 0.003214 0.013412 -0.007490
v 0.007239 0.015872 -0.008236
v 0.009194 0.017603 -0.008810
v 0.008126 0.018669 -0.009281
v 0.006076 0.016952 -0.008746
v 0.011119 0.019378 -0.009356
v 0.012801 0.021197 -0.009768
v 0.011590 0.022042 -0.010109
v 0.009996 0.020356 -0.009757
v 0.014108 0.023014 -0.009967
v 0.015053 0.024741 -0.009995
v 0.013773 0.025250 -0.010300
v 0.012840 0.023696 -0.010281
v 0.015694 0.026324 -0.009928
v 0.016063 0.027740 -0.009819
v 0.014904 0.027901 -0.010106
v 0.014450 0.026658 -0.010225
v 0.016186 0.028978 -0.009710
v 0.016078 0.030025 -0.009627
v 0.015242 0.029800 -0.009884
v 0.015163 0.028960 -0.009983
v 0.015727 0.030891 -0.009593
v 0.015168 0.031618 -0.009609
v 0.014564 0.030936 -0.009880
v 0.015039 0.030408 -0.009853
v 0.014485 0.032226 -0.009659
v 0.013744 0.032671 -0.009738
v 0.013462 0.031850 -0.009965
v 0.014006 0.031444 -0.009919
v 0.012954 0.032880 -0.009852
v 0.012096 0.032833 -0.010000
v 0.012265 0.031737 -0.010190
v 0.012922 0.031956 -0.010049
v 0.011162 0.032566 -0.010166
v 0.010161 0.032099 -0.010331
v 0.010607 0.030745 -0.010528
v 0.011484 0.031328 -0.010357
v 0.009105 0.031445 -0.010477
v 0.008005 0.030620 -0.010594
v 0.008612 0.029091 -0.010798
v 0.009648 0.029995 -0.010681
v 0.006866 0.029649 -0.010680
v 0.005674 0.028578 -0.010738
v 0.006299 0.026924 -0.010875
v 0.007501 0.028054 -0.010865
v 0.011133 0.029598 -0.010609
v 0.011763 0.028627 -0.010609
v 0.012464 0.029468 -0.010448
v 0.011913 0.030309 -0.010440
v 0.002044 0.030912 -0.009678
v 0.002581 0.028630 -0.010415
v 0.003786 0.029419 -0.010411
v 0.003085 0.031546 -0.009659
v 0.002072 0.023958 -0.010589
v 0.001773 0.025920 -0.010656
v 0.000566 0.025604 -0.010614
v 0.000666 0.023553 -0.010514
v 0.000875 0.035109 -0.006481
v 0.001431 0.033192 -0.008432
v 0.002225 0.033692 -0.008407
v 0.001399 0.035532 -0.006483
v 0.000369 0.011553 -0.006840
v 0.001105 0.011361 -0.006733
v 0.001494 0.012475 -0.007186
v 0.000499 0.012665 -0.007293
v 0.000664 0.013985 -0.007816
v 0.002006 0.013842 -0.007727
v 0.002667 0.015525 -0.008353
v 0.000851 0.015494 -0.008380
v 0.000854 0.020048 -0.009797
v 0.002611 0.020543 -0.009938
v 0.002362 0.022176 -0.010311
v 0.000768 0.021699 -0.010192
v 0.004759 0.019945 -0.009782
v 0.005195 0.018367 -0.009281
v 0.007256 0.019888 -0.009721
v 0.006615 0.021241 -0.010124
v 0.008268 0.022657 -0.010429
v 0.009052 0.021446 -0.010115
v 0.010555 0.023002 -0.010393
v 0.009665 0.024086 -0.010627
v 0.010808 0.025452 -0.010694
v 0.011749 0.024508 -0.010517
v 0.012679 0.025904 -0.010511
v 0.011744 0.026703 -0.010655
v 0.012512 0.027814 -0.010545
v 0.013399 0.027156 -0.010420
v 0.013942 0.028250 -0.010287
v 0.013138 0.028780 -0.010397
v 0.013649 0.029603 -0.010236
v 0.014340 0.029174 -0.010144
v 0.014638 0.029902 -0.010010
v 0.014091 0.030303 -0.010071
v 0.000567 0.036887 -0.001333
v 0.000602 0.036326 -0.004008
v 0.000975 0.036747 -0.004026
v 0.000926 0.037322 -0.001341
v 0.009262 0.027736 -0.010854
v 0.009985 0.026528 -0.010810
v 0.010940 0.027646 -0.010739
v 0.010249 0.028738 -0.010754
v 0.006926 0.025400 -0.010838
v 0.007576 0.023978 -0.010678
v 0.008876 0.025291 -0.010798
v 0.008162 0.026611 -0.010887
v 0.003980 0.023047 -0.010506
v 0.004379 0.021464 -0.010183
v 0.006065 0.022664 -0.010457
v 0.005528 0.024172 -0.010703
v 0.000944 0.017066 -0.008921
v 0.002981 0.017372 -0.008996
v 0.002818 0.019008 -0.009516
v 0.000917 0.018563 -0.009387
v 0.012582 0.030877 -0.010271
v 0.013057 0.030180 -0.010279
v 0.013558 0.030802 -0.010109
v 0.013118 0.031326 -0.010117
v -0.007798 0.010972 0.005385
v -0.008269 0.009949 0.004238
v -0.006250 0.008407 0.003893
v -0.005998 0.009562 0.004975
v -0.008650 0.009018 0.002730
v -0.008971 0.008416 0.000976
v -0.006679 0.006724 0.000908
v -0.006478 0.007388 0.002525
v -0.015966 0.032450 0.009236
v -0.016920 0.033460 0.008568
v -0.017841 0.032335 0.008540
v -0.016686 0.031530 0.009215
v -0.018040 0.034618 0.007552
v -0.019254 0.035824 0.006064
v -0.020596 0.034261 0.006043
v -0.019180 0.033276 0.007521
v -0.020354 0.036877 0.004001
v -0.021052 0.037513 0.001433
v -0.022598 0.035602 0.001423
v -0.021844 0.035107 0.003987
v -0.000787 0.007481 0.005029
v -0.000860 0.006274 0.004486
v -0.000290 0.006049 0.004451
v -0.000267 0.007284 0.004977
v -0.000907 0.004847 0.003897
v -0.000929 0.003253 0.003217
v -0.000309 0.002974 0.003241
v -0.000304 0.004596 0.003891
v -0.000939 0.001660 0.002265
v -0.000979 0.000533 0.000878
v -0.000339 0.000229 0.000899
v -0.000322 0.001365 0.002297
v 0.000049 0.034980 0.006217
v -0.000347 0.034994 0.006280
v -0.000120 0.036003 0.004031
v -0.000114 0.036537 0.001378
v -0.000331 0.036642 0.001380
v -0.000351 0.036098 0.004039
v -0.004816 0.030528 0.010338
v -0.004016 0.032500 0.009552
v -0.005495 0.033385 0.009552
v -0.006221 0.031429 0.010305
v -0.003105 0.034506 0.008319
v -0.002184 0.036222 0.006535
v -0.003294 0.037120 0.006509
v -0.004473 0.035380 0.008331
v -0.001578 0.037422 0.004096
v -0.001511 0.037994 0.001401
v -0.002438 0.038903 0.001408
v -0.002524 0.038327 0.004108
v -0.007426 0.032344 0.010217
v -0.006773 0.034275 0.009472
v -0.008068 0.035005 0.009393
v -0.008612 0.033116 0.010117
v -0.005893 0.036274 0.008264
v -0.004820 0.038048 0.006471
v -0.006630 0.038816 0.006431
v -0.007406 0.037003 0.008204
v -0.004047 0.039314 0.004130
v -0.003921 0.039936 0.001414
v -0.005907 0.040833 0.001417
v -0.006044 0.040149 0.004115
v -0.009786 0.033690 0.009996
v -0.009391 0.035519 0.009302
v -0.010731 0.035793 0.009187
v -0.010938 0.034054 0.009851
v -0.008956 0.037484 0.008143
v -0.008501 0.039309 0.006394
v -0.010376 0.039495 0.006356
v -0.010540 0.037690 0.008064
v -0.008174 0.040685 0.004098
v -0.008086 0.041409 0.001429
v -0.010343 0.041667 0.001432
v -0.010300 0.040900 0.004090
v -0.012052 0.034197 0.009692
v -0.012060 0.035823 0.009049
v -0.013362 0.035600 0.008899
v -0.013122 0.034107 0.009537
v -0.012129 0.037623 0.007965
v -0.012259 0.039385 0.006311
v -0.014121 0.038966 0.006251
v -0.013699 0.037279 0.007848
v -0.012451 0.040808 0.004086
v -0.012658 0.041616 0.001439
v -0.014929 0.041200 0.001445
v -0.014575 0.040376 0.004076
v -0.014141 0.033772 0.009402
v -0.014627 0.035120 0.008756
v -0.015828 0.034397 0.008642
v -0.015099 0.033207 0.009300
v -0.015233 0.036650 0.007725
v -0.015935 0.038217 0.006179
v -0.017668 0.037157 0.006112
v -0.016699 0.035753 0.007622
v -0.016629 0.039562 0.004054
v -0.017115 0.040372 0.001446
v -0.019186 0.039132 0.001442
v -0.018583 0.038380 0.004026
v -0.017200 0.030447 0.009243
v -0.018531 0.031038 0.008558
v -0.018947 0.029569 0.008614
v -0.017465 0.029191 0.009313
v -0.020048 0.031753 0.007530
v -0.021620 0.032506 0.006047
v -0.022286 0.030585 0.006069
v -0.020603 0.030063 0.007570
v -0.022968 0.033138 0.003984
v -0.023751 0.033484 0.001416
v -0.024490 0.031238 0.001413
v -0.023698 0.031009 0.003989
v -0.017465 0.027756 0.009411
v -0.019062 0.027926 0.008698
v -0.018848 0.026105 0.008798
v -0.017175 0.026145 0.009512
v -0.020824 0.028202 0.007638
v -0.022589 0.028505 0.006111
v -0.022514 0.026230 0.006174
v -0.020689 0.026155 0.007730
v -0.024042 0.028737 0.004005
v -0.024843 0.028852 0.001416
v -0.024775 0.026258 0.001421
v -0.023984 0.026257 0.004031
v -0.016562 0.024368 0.009585
v -0.018272 0.024108 0.008889
v -0.017297 0.021952 0.008915
v -0.015601 0.022442 0.009573
v -0.020156 0.023913 0.007835
v -0.022006 0.023724 0.006254
v -0.020980 0.021016 0.006313
v -0.019165 0.021486 0.007896
v -0.023454 0.023528 0.004066
v -0.024213 0.023408 0.001428
v -0.023087 0.020355 0.001435
v -0.022376 0.020604 0.004096
v -0.014217 0.020422 0.009378
v -0.015834 0.019700 0.008760
v -0.013678 0.017384 0.008240
v -0.012219 0.018326 0.008890
v -0.017604 0.018978 0.007790
v -0.019292 0.018244 0.006239
v -0.016823 0.015699 0.005882
v -0.015353 0.016596 0.007351
v -0.020586 0.017647 0.004048
v -0.021260 0.017312 0.001421
v -0.018590 0.014594 0.001345
v -0.017958 0.014992 0.003814
v -0.011728 0.015510 0.007535
v -0.012615 0.014535 0.006683
v -0.013807 0.013533 0.005284
v -0.010812 0.011649 0.004687
v -0.009932 0.012630 0.005972
v -0.014716 0.012751 0.003411
v -0.015290 0.012298 0.001211
v -0.011901 0.010266 0.001074
v -0.011437 0.010794 0.003016
v -0.004040 0.009033 0.005223
v -0.003086 0.008297 0.005027
v -0.002704 0.009073 0.005522
v -0.004475 0.008228 0.004587
v -0.004668 0.007001 0.003583
v -0.003425 0.005744 0.003339
v -0.003302 0.007073 0.004260
v -0.004798 0.005874 0.002342
v -0.004911 0.005128 0.000849
v -0.003552 0.003623 0.000811
v -0.003494 0.004487 0.002209
v -0.001990 0.008518 0.005357
v -0.002213 0.007412 0.004753
v -0.001486 0.006728 0.004577
v -0.001347 0.007892 0.005150
v -0.002355 0.006103 0.004041
v -0.002432 0.004669 0.003214
v -0.001619 0.003823 0.003191
v -0.001575 0.005353 0.003932
v -0.002468 0.003265 0.002172
v -0.002504 0.002269 0.000814
v -0.001675 0.001203 0.000844
v -0.001639 0.002294 0.002209
v -0.000694 0.008452 0.005495
v -0.000241 0.008300 0.005448
v -0.000230 0.009142 0.005849
v -0.000577 0.009076 0.005804
v -0.001159 0.008809 0.005620
v -0.001671 0.009188 0.005739
v -0.011446 0.019339 0.009363
v -0.011408 0.021914 0.010144
v -0.012707 0.021053 0.009790
v -0.014125 0.023007 0.010016
v -0.012854 0.023690 0.010331
v -0.013796 0.025249 0.010350
v -0.015075 0.024740 0.010044
v -0.015716 0.026323 0.009978
v -0.014473 0.026657 0.010276
v -0.014927 0.027900 0.010158
v -0.016086 0.027739 0.009870
v -0.016209 0.028977 0.009760
v -0.015186 0.028959 0.010034
v -0.015266 0.029799 0.009935
v -0.016102 0.030024 0.009677
v -0.015752 0.030890 0.009643
v -0.015063 0.030407 0.009904
v -0.014589 0.030935 0.009931
v -0.015192 0.031618 0.009660
v -0.014510 0.032225 0.009710
v -0.014031 0.031443 0.009971
v -0.013487 0.031850 0.010017
v -0.013769 0.032671 0.009788
v -0.012979 0.032880 0.009902
v -0.012947 0.031955 0.010100
v -0.012290 0.031736 0.010241
v -0.012121 0.032832 0.010050
v -0.011186 0.032566 0.010216
v -0.011509 0.031328 0.010408
v -0.010632 0.030745 0.010579
v -0.010185 0.032100 0.010381
v -0.009125 0.031439 0.010528
v -0.009666 0.029982 0.010734
v -0.008485 0.028760 0.010875
v -0.007916 0.030458 0.010664
v -0.006558 0.029567 0.010717
v -0.005397 0.029222 0.010673
v -0.011158 0.029598 0.010660
v -0.011938 0.030309 0.010492
v -0.012489 0.029467 0.010500
v -0.011788 0.028627 0.010661
v -0.000825 0.035102 0.006472
v -0.001422 0.035498 0.006569
v -0.002070 0.034142 0.008106
v -0.009988 0.023946 0.010640
v -0.010547 0.023087 0.010462
v -0.010770 0.025265 0.010735
v -0.011764 0.026694 0.010707
v -0.012702 0.025902 0.010562
v -0.011768 0.024503 0.010568
v -0.012536 0.027814 0.010596
v -0.013163 0.028779 0.010448
v -0.013966 0.028250 0.010339
v -0.013422 0.027155 0.010472
v -0.013673 0.029602 0.010288
v -0.014115 0.030302 0.010123
v -0.014662 0.029901 0.010061
v -0.014363 0.029173 0.010196
v -0.000592 0.036886 0.001384
v -0.000951 0.037321 0.001392
v -0.000999 0.036746 0.004079
v -0.000627 0.036324 0.004057
v -0.009175 0.027445 0.010914
v -0.010270 0.028726 0.010807
v -0.010959 0.027632 0.010791
v -0.009873 0.026204 0.010859
v -0.012607 0.030876 0.010323
v -0.013143 0.031325 0.010169
v -0.013583 0.030801 0.010161
v -0.013082 0.030179 0.010331
v -0.001161 0.010345 0.006341
v 0.008626 0.009017 0.002726
v 0.006455 0.007390 0.002528
v 0.006655 0.006723 0.000908
v 0.008946 0.008417 0.000975
v 0.015941 0.032452 0.009236
v 0.016663 0.031531 0.009216
v 0.017818 0.032337 0.008540
v 0.016896 0.033461 0.008567
v 0.018016 0.034619 0.007551
v 0.019157 0.033278 0.007522
v 0.020572 0.034263 0.006043
v 0.019226 0.035827 0.006063
v 0.020328 0.036877 0.004000
v 0.021820 0.035108 0.003987
v 0.022573 0.035602 0.001423
v 0.021027 0.037513 0.001433
v 0.000761 0.007480 0.005028
v 0.000241 0.007284 0.004977
v 0.000263 0.006049 0.004451
v 0.000834 0.006273 0.004486
v 0.000881 0.004848 0.003896
v 0.000278 0.004596 0.003890
v 0.000283 0.002974 0.003240
v 0.000903 0.003254 0.003215
v 0.000913 0.001661 0.002264
v 0.000295 0.001365 0.002296
v 0.000313 0.000230 0.000899
v 0.000953 0.000534 0.000877
v 0.000776 0.035189 0.006332
v 0.000411 0.035051 0.006244
v 0.000102 0.036004 0.004032
v 0.000337 0.036106 0.004040
v 0.000305 0.036643 0.001380
v 0.000089 0.036537 0.001378
v 0.003278 0.037127 0.006508
v 0.002268 0.036339 0.006510
v 0.001556 0.037426 0.004095
v 0.002498 0.038327 0.004108
v 0.002412 0.038904 0.001408
v 0.001486 0.037994 0.001401
v 0.007418 0.032370 0.010213
v 0.008586 0.033118 0.010117
v 0.008041 0.035006 0.009391
v 0.006757 0.034289 0.009467
v 0.005873 0.036279 0.008263
v 0.007379 0.037004 0.008203
v 0.006603 0.038816 0.006430
v 0.004794 0.038048 0.006470
v 0.004021 0.039313 0.004130
v 0.006019 0.040148 0.004115
v 0.005876 0.040830 0.001417
v 0.003895 0.039935 0.001414
v 0.009761 0.033691 0.009996
v 0.010913 0.034055 0.009852
v 0.010706 0.035795 0.009186
v 0.009365 0.035520 0.009301
v 0.008930 0.037485 0.008142
v 0.010515 0.037692 0.008063
v 0.010351 0.039496 0.006355
v 0.008475 0.039310 0.006393
v 0.008148 0.040684 0.004097
v 0.010275 0.040900 0.004089
v 0.010319 0.041667 0.001431
v 0.008061 0.041409 0.001428
v 0.012028 0.034199 0.009694
v 0.013097 0.034108 0.009538
v 0.013338 0.035602 0.008898
v 0.012035 0.035825 0.009048
v 0.012105 0.037625 0.007964
v 0.013675 0.037282 0.007847
v 0.014097 0.038967 0.006250
v 0.012234 0.039386 0.006310
v 0.012427 0.040808 0.004085
v 0.014550 0.040376 0.004075
v 0.014905 0.041200 0.001445
v 0.012633 0.041616 0.001439
v 0.014116 0.033773 0.009403
v 0.015075 0.033208 0.009299
v 0.015804 0.034398 0.008640
v 0.014603 0.035122 0.008755
v 0.015210 0.036652 0.007725
v 0.016675 0.035754 0.007620
v 0.017643 0.037157 0.006110
v 0.015911 0.038218 0.006178
v 0.016605 0.039562 0.004053
v 0.018558 0.038379 0.004025
v 0.019161 0.039132 0.001442
v 0.017090 0.040372 0.001446
v 0.017176 0.030448 0.009244
v 0.017443 0.029192 0.009314
v 0.018924 0.029570 0.008614
v 0.018509 0.031039 0.008558
v 0.020026 0.031755 0.007531
v 0.020581 0.030064 0.007570
v 0.022263 0.030586 0.006069
v 0.021596 0.032508 0.006046
v 0.022943 0.033138 0.003983
v 0.023673 0.031010 0.003988
v 0.024465 0.031238 0.001413
v 0.023726 0.033484 0.001415
v 0.017440 0.027746 0.009413
v 0.017081 0.025874 0.009525
v 0.018836 0.025949 0.008782
v 0.019040 0.027919 0.008697
v 0.020802 0.028202 0.007638
v 0.020660 0.026149 0.007735
v 0.022486 0.026222 0.006179
v 0.022566 0.028505 0.006110
v 0.024017 0.028736 0.004004
v 0.023960 0.026257 0.004030
v 0.024751 0.026258 0.001420
v 0.024818 0.028851 0.001415
v 0.018642 0.024286 0.008726
v 0.019935 0.023937 0.007963
v 0.021835 0.023633 0.006376
v 0.023426 0.023524 0.004071
v 0.022341 0.020588 0.004102
v 0.023063 0.020355 0.001435
v 0.024189 0.023408 0.001427
v 0.020560 0.017626 0.004021
v 0.017944 0.014984 0.003783
v 0.018566 0.014594 0.001345
v 0.021236 0.017312 0.001421
v 0.014699 0.012748 0.003397
v 0.011413 0.010788 0.003002
v 0.015266 0.012298 0.001211
v 0.002693 0.009073 0.005520
v 0.003068 0.008332 0.005046
v 0.003282 0.007095 0.004272
v 0.003401 0.005748 0.003342
v 0.004692 0.007119 0.003654
v 0.004774 0.005877 0.002346
v 0.003469 0.004486 0.002210
v 0.003527 0.003622 0.000811
v 0.004886 0.005128 0.000849
v 0.001965 0.008516 0.005357
v 0.001321 0.007892 0.005150
v 0.001460 0.006727 0.004576
v 0.002187 0.007411 0.004753
v 0.002330 0.006102 0.004040
v 0.001549 0.005352 0.003931
v 0.001593 0.003824 0.003190
v 0.002406 0.004668 0.003213
v 0.002442 0.003264 0.002172
v 0.001613 0.002296 0.002208
v 0.001649 0.001204 0.000844
v 0.002478 0.002269 0.000814
v 0.000670 0.008454 0.005496
v 0.000594 0.009203 0.005863
v 0.000195 0.009142 0.005849
v 0.000215 0.008300 0.005448
v 0.006085 0.010151 0.005359
v 0.011952 0.025431 0.010629
v 0.015528 0.026110 0.010015
v 0.016057 0.027732 0.009873
v 0.014895 0.027893 0.010160
v 0.014208 0.026452 0.010321
v 0.016186 0.028978 0.009761
v 0.016078 0.030025 0.009678
v 0.015242 0.029800 0.009935
v 0.015163 0.028960 0.010034
v 0.015727 0.030891 0.009645
v 0.015168 0.031618 0.009661
v 0.014564 0.030936 0.009931
v 0.015039 0.030408 0.009904
v 0.014485 0.032226 0.009711
v 0.013743 0.032671 0.009790
v 0.013462 0.031850 0.010017
v 0.014006 0.031444 0.009971
v 0.012954 0.032880 0.009904
v 0.012096 0.032833 0.010052
v 0.012265 0.031737 0.010241
v 0.012922 0.031956 0.010100
v 0.011162 0.032566 0.010218
v 0.010161 0.032099 0.010382
v 0.010607 0.030745 0.010579
v 0.011484 0.031328 0.010408
v 0.009105 0.031445 0.010528
v 0.008016 0.030645 0.010641
v 0.009644 0.029999 0.010732
v 0.011127 0.029598 0.010661
v 0.011647 0.028595 0.010676
v 0.012460 0.029466 0.010501
v 0.011912 0.030309 0.010492
v 0.001174 0.035403 0.006452
v 0.001645 0.035778 0.006510
v -0.001984 0.010269 0.006222
v 0.012031 0.023436 0.010390
v 0.012295 0.027696 0.010630
v 0.013150 0.026988 0.010513
v 0.013932 0.028244 0.010341
v 0.013130 0.028775 0.010450
v 0.013649 0.029603 0.010287
v 0.014340 0.029174 0.010196
v 0.014638 0.029902 0.010061
v 0.014091 0.030303 0.010122
v 0.000567 0.036887 0.001384
v 0.000611 0.036337 0.004056
v 0.000983 0.036758 0.004076
v 0.000926 0.037322 0.001392
v 0.010779 0.028003 0.010795
v 0.010218 0.028791 0.010804
v 0.012582 0.030877 0.010322
v 0.013057 0.030180 0.010330
v 0.013558 0.030802 0.010160
v 0.013118 0.031326 0.010169
v 0.000944 0.009326 0.005891
v 0.007461 0.011463 0.005852
v 0.000715 0.032938 0.008460
v 0.016157 0.016488 0.006934
v 0.014916 0.015634 0.006795
v -0.001667 0.027092 0.010607
v -0.001810 0.027551 0.010559
v 0.013941 0.023075 0.010059
v 0.007959 0.026623 0.010940
v 0.005412 0.026921 0.010893
v 0.010912 0.013165 0.006086
v 0.010182 0.012276 0.005581
v 0.009021 0.011731 0.005542
v 0.015352 0.022601 0.009664
v 0.011466 0.022758 0.010325
v 0.011837 0.022806 0.010299
v -0.001467 0.012435 0.007222
v -0.002122 0.026855 0.010669
v -0.001760 0.026911 0.010635
v -0.001895 0.030606 0.009805
v 0.010745 0.025408 0.010747
v 0.011826 0.015550 0.007538
v 0.011517 0.015593 0.007620
v 0.011355 0.015373 0.007516
v 0.011234 0.014726 0.007136
v 0.001320 0.017512 0.009115
v 0.012647 0.023025 0.010248
v 0.005347 0.013250 0.007280
v 0.005445 0.014279 0.007746
v 0.011248 0.023612 0.010496
v 0.011316 0.023015 0.010388
v -0.007737 0.022369 0.010431
v -0.001690 0.013367 0.007598
v -0.004747 0.026565 0.010869
v -0.003218 0.026768 0.010766
v -0.007485 0.014085 0.007419
v -0.007214 0.024986 0.010854
v -0.006796 0.025745 0.010910
v -0.000614 0.032290 0.008833
v 0.010170 0.026036 0.010829
v 0.005324 0.027120 0.010883
v -0.002106 0.028384 0.010450
v -0.002200 0.029455 0.010214
v 0.005771 0.028675 0.010785
v 0.005505 0.027569 0.010867
v 0.017341 0.019018 0.007918
v 0.017000 0.017687 0.007368
v -0.003293 0.011385 0.006608
v 0.016503 0.021656 0.009122
v 0.017184 0.020406 0.008522
v -0.007956 0.019533 0.009635
v 0.005981 0.011326 0.006143
v 0.003675 0.017054 0.008922
v 0.002455 0.017508 0.009101
v 0.009165 0.026431 0.010902
v -0.001316 0.011774 0.006951
v 0.011084 0.024543 0.010637
v -0.005970 0.026272 0.010913
v -0.004726 0.011585 0.006522
v 0.013645 0.015319 0.006975
v 0.012515 0.015358 0.007283
v 0.011121 0.013947 0.006629
v -0.005983 0.011853 0.006456
v -0.006702 0.012240 0.006539
v -0.007146 0.012965 0.006871
v -0.001573 0.011338 0.006747
v -0.002246 0.011248 0.006652
v 0.005203 0.011475 0.006382
v 0.004997 0.011935 0.006663
v 0.005097 0.012490 0.006936
v -0.007730 0.015519 0.008083
v -0.007899 0.017431 0.008880
v -0.007508 0.023756 0.010697
v -0.001292 0.031633 0.009275
v 0.005187 0.015371 0.008227
v 0.005016 0.031504 0.010104
v 0.005674 0.030165 0.010532
v 0.002134 0.033152 0.008725
v 0.004023 0.032522 0.009550
v 0.000208 0.017152 0.009004
v -0.000733 0.016453 0.008769
v 0.004657 0.016266 0.008604
v -0.001376 0.015543 0.008443
v -0.001703 0.014462 0.008032
v -0.007873 0.021165 0.010129
v 0.006057 0.026806 0.010919
v 0.006988 0.026725 0.010939
v 0.014133 0.013421 0.004939
v 0.011929 0.014972 0.007155
v 0.012457 0.014566 0.006742
v 0.010912 0.012206 0.005219
v 0.008186 0.009829 0.004143
v 0.009655 0.010856 0.004412
v 0.011848 0.012152 0.004691
v 0.009375 0.011383 0.005096
v 0.007721 0.010775 0.005248
v 0.013022 0.014306 0.006372
v 0.006295 0.008536 0.003975
v -0.000669 0.011579 0.006895
v -0.004477 0.010444 0.005943
v -0.003060 0.010322 0.006110
v 0.003396 0.010338 0.006067
v -0.000866 0.009330 0.005904
v 0.001658 0.009181 0.005734
v 0.004282 0.010063 0.005762
v 0.004584 0.008751 0.004890
v 0.004109 0.011679 0.006654
v 0.001138 0.008808 0.005619
v -0.000790 0.012462 0.007256
v 0.000200 0.011403 0.006832
v 0.001031 0.011351 0.006784
v 0.001892 0.011356 0.006729
v 0.002890 0.011430 0.006673
v -0.000942 0.014566 0.008087
v 0.004593 0.013358 0.007409
v 0.004696 0.014423 0.007869
v -0.000756 0.015744 0.008522
v 0.000196 0.014778 0.008173
v 0.001309 0.014891 0.008203
v 0.002416 0.014871 0.008167
v 0.003551 0.014702 0.008053
v -0.000936 0.013445 0.007650
v 0.000186 0.013540 0.007696
v 0.001274 0.013581 0.007697
v 0.002354 0.013567 0.007653
v 0.003459 0.013495 0.007560
v 0.000032 0.032682 0.008551
v 0.000250 0.016215 0.008690
v 0.001334 0.016466 0.008768
v 0.002429 0.016454 0.008745
v 0.003581 0.016128 0.008595
v 0.004611 0.015587 0.008346
v 0.002199 0.010176 0.006150
v 0.001348 0.010147 0.006232
v 0.000742 0.010151 0.006286
v 0.000184 0.010191 0.006324
v -0.000444 0.010330 0.006378
v 0.000208 0.012459 0.007264
v 0.001201 0.012456 0.007241
v 0.002203 0.012455 0.007191
v 0.003254 0.012463 0.007119
v 0.004357 0.012490 0.007025
v -0.008348 0.013026 0.006666
v -0.007177 0.011800 0.006162
v -0.005947 0.010927 0.005912
v -0.004947 0.027787 0.010817
v -0.006297 0.027531 0.010904
v -0.007360 0.026912 0.010943
v -0.007970 0.025859 0.010912
v -0.008457 0.024558 0.010788
v -0.008751 0.023103 0.010555
v -0.008959 0.021808 0.010263
v -0.009323 0.020249 0.009808
v -0.009445 0.018269 0.009107
v -0.009468 0.016394 0.008309
v -0.009253 0.014663 0.007459
v -0.002761 0.027649 0.010642
v -0.002093 0.027268 0.010624
v -0.001879 0.027092 0.010627
v 0.002986 0.034342 0.008376
v 0.002340 0.034046 0.008286
v 0.001032 0.033901 0.007835
v -0.000166 0.033586 0.007880
v -0.001718 0.032707 0.008839
v -0.002613 0.031390 0.009658
v -0.003208 0.029783 0.010286
v -0.003632 0.028290 0.010644
v 0.001396 0.033106 0.008524
v 0.003001 0.033025 0.009059
v 0.001639 0.034008 0.008017
v 0.000447 0.033752 0.007779
v -0.000845 0.033349 0.008195
v 0.004337 0.032910 0.009471
v 0.007183 0.030202 0.010665
v 0.006545 0.031890 0.010229
v 0.005773 0.033676 0.009505
v 0.004993 0.033304 0.009471
v 0.005347 0.031658 0.010113
v 0.005895 0.031769 0.010170
v 0.006011 0.030226 0.010556
v 0.006542 0.030217 0.010610
v 0.008552 0.029181 0.010841
v 0.007969 0.027130 0.010944
v 0.006939 0.027138 0.010937
v 0.006198 0.027080 0.010919
v 0.007599 0.028744 0.010869
v 0.007843 0.027780 0.010931
v 0.006840 0.028772 0.010837
v 0.006191 0.028746 0.010802
v 0.009030 0.028095 0.010902
v 0.006874 0.027741 0.010916
v 0.006034 0.027652 0.010890
v 0.005733 0.027159 0.010899
v 0.011318 0.026289 0.010742
v 0.010462 0.026907 0.010834
v 0.009242 0.027125 0.010912
v 0.013020 0.024663 0.010424
v 0.011642 0.023021 0.010358
v 0.014552 0.024221 0.010102
v 0.016121 0.023762 0.009640
v 0.017424 0.022835 0.009035
v 0.019161 0.017682 0.005868
v 0.017018 0.015478 0.005473
v 0.016386 0.016004 0.006425
v 0.017750 0.017583 0.006881
v 0.018614 0.022259 0.008384
v 0.019829 0.019226 0.006400
v 0.018401 0.019094 0.007390
v 0.020818 0.020919 0.006398
v 0.018605 0.020743 0.007963
v 0.013605 0.013946 0.005813
v 0.011647 0.015365 0.007459
v 0.003658 0.034866 0.008336
v 0.004598 0.035479 0.008325
v 0.010917 0.011302 0.004186
v 0.011876 0.010267 0.001074
v 0.006767 0.025179 0.009902
v 0.015781 0.018060 0.006922
v 0.006768 0.024329 0.009809
v 0.006789 0.023426 0.009669
v 0.006772 0.022456 0.009475
v 0.006661 0.021378 0.009211
v -0.003214 0.025916 0.009827
v -0.003267 0.024929 0.009798
v -0.003329 0.023849 0.009689
v -0.003401 0.022635 0.009488
v -0.003484 0.021263 0.009183
v -0.003588 0.019667 0.008751
v -0.000317 0.025985 0.009678
v 0.005281 0.025168 0.009881
v 0.005178 0.024262 0.009786
v 0.005127 0.023298 0.009639
v 0.005001 0.022235 0.009425
v 0.004666 0.021012 0.009126
v 0.009179 0.025839 0.009906
v 0.009500 0.025254 0.009847
v 0.009721 0.024503 0.009755
v 0.009862 0.023667 0.009624
v 0.009978 0.022888 0.009472
v 0.010231 0.022184 0.009299
v -0.005857 0.025622 0.009923
v -0.006027 0.024899 0.009871
v -0.006216 0.023789 0.009730
v -0.006390 0.022492 0.009486
v -0.006506 0.021234 0.009174
v -0.006577 0.019641 0.008698
v 0.007965 0.025917 0.009948
v 0.008129 0.025196 0.009892
v 0.008254 0.024401 0.009800
v 0.008350 0.023553 0.009667
v 0.008426 0.022674 0.009491
v 0.008489 0.021737 0.009264
v -0.004661 0.025761 0.009894
v -0.004696 0.024861 0.009841
v -0.004791 0.023781 0.009713
v -0.004899 0.022546 0.009492
v -0.004995 0.021187 0.009173
v -0.005075 0.019606 0.008718
v -0.001868 0.026015 0.009740
v -0.001805 0.025014 0.009740
v -0.001818 0.023936 0.009660
v -0.001865 0.022754 0.009482
v -0.001952 0.021391 0.009195
v -0.002098 0.019762 0.008778
v 0.005807 0.016825 0.007726
v 0.007259 0.016869 0.007655
v 0.008730 0.016922 0.007556
v 0.016096 0.020765 0.007969
v 0.016084 0.019383 0.007473
v 0.015177 0.016873 0.006381
v -0.000588 0.019993 0.008833
v 0.011369 0.019910 0.008547
v 0.011235 0.018381 0.007965
v 0.011227 0.016964 0.007302
v 0.012461 0.020010 0.008476
v 0.012255 0.018413 0.007866
v 0.012032 0.016968 0.007190
v 0.013568 0.019952 0.008303
v 0.013291 0.018322 0.007680
v 0.012902 0.016811 0.006957
v 0.014792 0.019721 0.007982
v 0.014468 0.018167 0.007375
v 0.011641 0.021544 0.009032
v 0.012634 0.021738 0.008976
v 0.013745 0.021727 0.008810
v 0.014964 0.021381 0.008466
v 0.005764 0.012314 0.005631
v 0.006486 0.012392 0.005529
v 0.007758 0.012524 0.005300
v 0.013979 0.016746 0.006675
v 0.007081 0.013048 0.005797
v 0.008287 0.013229 0.005638
v 0.009609 0.013397 0.005404
v 0.007437 0.013828 0.006180
v 0.008616 0.014001 0.006056
v 0.009850 0.014135 0.005871
v 0.007583 0.014765 0.006659
v 0.008784 0.014876 0.006536
v 0.010006 0.014960 0.006370
v 0.008823 0.015844 0.007040
v 0.007515 0.015799 0.007167
v 0.009162 0.012700 0.004999
v 0.006091 0.012809 0.005849
v 0.006386 0.013574 0.006215
v 0.006505 0.014626 0.006728
v 0.006294 0.015769 0.007266
v 0.015873 0.016927 0.006125
v 0.014851 0.016205 0.005997
v -0.001309 0.027208 0.009591
v -0.001455 0.027807 0.009505
v 0.013834 0.022868 0.009045
v 0.007891 0.026462 0.009971
v 0.005052 0.026894 0.009912
v 0.010451 0.013458 0.005192
v 0.009877 0.012717 0.004753
v 0.008902 0.012271 0.004737
v 0.015117 0.022435 0.008678
v 0.011234 0.022651 0.009334
v 0.011831 0.022625 0.009275
v -0.001868 0.012595 0.006219
v -0.002007 0.026704 0.009704
v -0.001471 0.026861 0.009649
v -0.001561 0.030588 0.008714
v 0.010376 0.025399 0.009804
v 0.011860 0.016115 0.006734
v 0.011340 0.016123 0.006829
v 0.010994 0.015740 0.006664
v 0.010813 0.014987 0.006226
v 0.001271 0.018122 0.008295
v 0.012683 0.022844 0.009220
v 0.005699 0.013434 0.006243
v 0.005807 0.014528 0.006760
v 0.010819 0.023758 0.009574
v 0.010931 0.023076 0.009445
v -0.007350 0.022502 0.009479
v 0.001461 0.032908 0.007499
v -0.002100 0.013549 0.006611
v -0.004703 0.026376 0.009904
v -0.003208 0.026588 0.009809
v -0.007081 0.014341 0.006514
v -0.006865 0.025032 0.009889
v -0.006528 0.025683 0.009937
v 0.000177 0.032511 0.007524
v 0.009905 0.025939 0.009874
v 0.004898 0.027282 0.009886
v -0.001739 0.028646 0.009356
v -0.001820 0.029577 0.009111
v 0.005356 0.028898 0.009743
v 0.005085 0.027844 0.009854
v 0.016915 0.019228 0.007070
v 0.016613 0.018004 0.006545
v -0.003296 0.011973 0.005814
v 0.016171 0.021579 0.008172
v 0.016764 0.020495 0.007640
v -0.007551 0.019705 0.008689
v 0.007423 0.012033 0.005052
v 0.006051 0.011918 0.005339
v 0.003872 0.017582 0.008077
v 0.002548 0.018097 0.008275
v 0.009041 0.026279 0.009935
v -0.001711 0.012068 0.006000
v 0.010661 0.024620 0.009706
v -0.005843 0.026111 0.009942
v -0.004712 0.012169 0.005730
v 0.013673 0.015902 0.006173
v 0.012604 0.015925 0.006466
v 0.010667 0.014195 0.005709
v -0.005894 0.012397 0.005657
v -0.006463 0.012682 0.005710
v -0.006792 0.013297 0.006000
v -0.001832 0.011846 0.005894
v -0.002299 0.011825 0.005845
v 0.005459 0.011994 0.005506
v 0.005342 0.012246 0.005668
v 0.005445 0.012682 0.005888
v -0.007318 0.015738 0.007159
v -0.007489 0.017626 0.007942
v -0.007130 0.023861 0.009740
v -0.000896 0.031524 0.008189
v 0.005524 0.015701 0.007295
v 0.004688 0.031454 0.009037
v 0.005273 0.030246 0.009474
v 0.002935 0.032825 0.008034
v 0.003815 0.032372 0.008494
v 0.000036 0.017723 0.008172
v -0.001005 0.016952 0.007916
v 0.004931 0.016705 0.007723
v -0.001758 0.015898 0.007536
v -0.002116 0.014721 0.007083
v -0.007480 0.021316 0.009179
v 0.005887 0.026663 0.009950
v 0.006925 0.026566 0.009973
v -0.000426 0.032133 0.007793
v 0.000807 0.032754 0.007433
v 0.002148 0.032959 0.007704
v -0.002750 0.013573 0.006586
v 0.010128 0.016906 0.007407
v 0.010140 0.015841 0.006856
v -0.002277 0.017848 0.008198
v -0.002570 0.016116 0.007595
v -0.006280 0.014523 0.006707
v -0.006072 0.013464 0.006207
v -0.000163 0.027210 0.009543
v -0.002461 0.012564 0.006166
v -0.002096 0.012051 0.005964
v -0.003759 0.013628 0.006540
v -0.004930 0.013610 0.006424
v -0.002807 0.014788 0.007083
v -0.003873 0.014823 0.007042
v -0.005066 0.014748 0.006926
v -0.006447 0.015922 0.007318
v -0.005125 0.016164 0.007505
v -0.003821 0.016234 0.007595
v 0.006840 0.025979 0.009955
v -0.003470 0.012618 0.006104
v -0.004767 0.012725 0.006009
v -0.005901 0.012777 0.005868
v -0.003703 0.017903 0.008191
v -0.005121 0.017844 0.008132
v -0.006554 0.017713 0.008027
v 0.008557 0.018127 0.008072
v 0.008440 0.019372 0.008540
v 0.008465 0.020621 0.008948
v 0.010030 0.018263 0.008022
v 0.010059 0.019671 0.008558
v 0.010266 0.021119 0.009014
v 0.004979 0.017803 0.008122
v 0.004040 0.018579 0.008408
v 0.004023 0.019611 0.008732
v 0.006859 0.017959 0.008104
v 0.006486 0.019031 0.008499
v 0.006461 0.020182 0.008871
v 0.000992 0.020345 0.008927
v 0.002721 0.020669 0.009025
v -0.000347 0.021571 0.009223
v 0.001365 0.021793 0.009279
v 0.003165 0.022016 0.009354
v -0.000230 0.022888 0.009488
v 0.001526 0.023032 0.009525
v 0.003349 0.023167 0.009585
v -0.000188 0.024027 0.009643
v 0.001591 0.024113 0.009673
v 0.003428 0.024190 0.009736
v -0.000198 0.025061 0.009701
v 0.001632 0.025086 0.009736
v 0.003530 0.025129 0.009822
v -0.000002 0.031312 0.008234
v -0.000297 0.026675 0.009617
v 0.005577 0.026034 0.009934
v 0.001686 0.025952 0.009735
v 0.003764 0.026012 0.009859
v 0.001735 0.026655 0.009691
v 0.003803 0.026714 0.009846
v 0.001853 0.019143 0.008601
v 0.000353 0.018734 0.008482
v -0.000948 0.018127 0.008298
v 0.003850 0.027959 0.009740
v 0.004010 0.028918 0.009601
v 0.003937 0.030063 0.009325
v 0.003545 0.031125 0.008917
v 0.002977 0.031972 0.008445
v 0.000162 0.031905 0.007915
v 0.000653 0.032460 0.007611
v 0.001532 0.031534 0.008302
v -0.000372 0.030535 0.008603
v 0.001631 0.030740 0.008671
v -0.000508 0.029598 0.008963
v 0.001744 0.029792 0.009039
v -0.000430 0.028719 0.009226
v 0.001802 0.028840 0.009319
v -0.000244 0.027890 0.009418
v 0.001803 0.027985 0.009510
v 0.001774 0.027278 0.009622
v 0.003721 0.027289 0.009802
v 0.001437 0.032138 0.007968
v 0.002411 0.032481 0.008049
v 0.001421 0.032598 0.007697
v 0.002015 0.032718 0.007797
v 0.016054 0.016627 0.006865
v 0.015521 0.016167 0.006746
v 0.014938 0.015838 0.006726
v 0.014320 0.015630 0.006782
v 0.013694 0.015516 0.006890
v 0.013098 0.015490 0.007031
v 0.012576 0.015541 0.007185
v 0.012154 0.015635 0.007331
v 0.011843 0.015732 0.007446
v 0.011615 0.015786 0.007517
v 0.011439 0.015765 0.007534
v 0.011305 0.015662 0.007497
v 0.011209 0.015476 0.007404
v 0.011130 0.015180 0.007241
v 0.011050 0.014769 0.007000
v 0.010973 0.014340 0.006731
v 0.010907 0.013972 0.006488
v 0.010824 0.013611 0.006243
v 0.010681 0.013196 0.005962
v 0.010434 0.012773 0.005689
v 0.010050 0.012394 0.005502
v 0.009555 0.012096 0.005426
v 0.008972 0.011899 0.005472
v 0.008270 0.011766 0.005606
v 0.007445 0.011659 0.005783
v 0.006642 0.011584 0.005947
v 0.006016 0.011550 0.006071
v 0.005590 0.011575 0.006172
v 0.005347 0.011673 0.006272
v 0.005228 0.011827 0.006377
v 0.005180 0.012016 0.006487
v 0.005196 0.012242 0.006603
v 0.005273 0.012509 0.006731
v 0.005393 0.012843 0.006885
v 0.005524 0.013263 0.007078
v 0.005617 0.013764 0.007308
v 0.005625 0.014325 0.007566
v 0.005534 0.014904 0.007827
v 0.005348 0.015456 0.008070
v 0.005090 0.015963 0.008286
v 0.004776 0.016419 0.008476
v 0.004345 0.016846 0.008650
v 0.003754 0.017254 0.008812
v 0.003098 0.017572 0.008935
v 0.002478 0.017733 0.008998
v 0.001886 0.017773 0.009017
v 0.001291 0.017738 0.009010
v 0.000699 0.017607 0.008972
v 0.000129 0.017357 0.008893
v -0.000396 0.017016 0.008782
v -0.000851 0.016616 0.008646
v -0.001235 0.016157 0.008484
v -0.001544 0.015636 0.008294
v -0.001766 0.015080 0.008085
v -0.001890 0.014516 0.007867
v -0.001923 0.013948 0.007643
v -0.001877 0.013386 0.007417
v -0.001776 0.012871 0.007209
v -0.001649 0.012445 0.007036
v -0.001542 0.012109 0.006899
v -0.001499 0.011853 0.006791
v -0.001545 0.011662 0.006707
v -0.001693 0.011529 0.006638
v -0.001937 0.011462 0.006590
v -0.002273 0.011469 0.006565
v -0.002719 0.011526 0.006549
v -0.003292 0.011604 0.006527
v -0.003973 0.011698 0.006493
v -0.004719 0.011804 0.006446
v -0.005411 0.011922 0.006401
v -0.005940 0.012050 0.006379
v -0.006318 0.012197 0.006392
v -0.006588 0.012383 0.006446
v -0.006792 0.012652 0.006562
v -0.006966 0.013045 0.006751
v -0.007123 0.013543 0.006996
v -0.007269 0.014120 0.007276
v -0.007400 0.014779 0.007586
v -0.007512 0.015532 0.007926
v -0.007606 0.016414 0.008304
v -0.007686 0.017438 0.008715
v -0.007738 0.018515 0.009116
v -0.007750 0.019537 0.009467
v -0.007727 0.020433 0.009749
v -0.007679 0.021162 0.009959
v -0.007616 0.021776 0.010121
v -0.007547 0.022353 0.010259
v -0.007454 0.022988 0.010394
v -0.007323 0.023728 0.010525
v -0.007180 0.024425 0.010624
v -0.007045 0.024931 0.010680
v -0.006888 0.025304 0.010713
v -0.006665 0.025634 0.010734
v -0.006342 0.025912 0.010744
v -0.005898 0.026120 0.010740
v -0.005349 0.026276 0.010727
v -0.004717 0.026404 0.010701
v -0.003995 0.026517 0.010662
v -0.003206 0.026620 0.010606
v -0.002505 0.026696 0.010545
v -0.002037 0.026735 0.010504
v -0.001765 0.026769 0.010480
v -0.001613 0.026833 0.010462
v -0.001536 0.026933 0.010447
v -0.001506 0.027077 0.010427
v -0.001540 0.027293 0.010401
v -0.001651 0.027609 0.010366
v -0.001800 0.028009 0.010311
v -0.001933 0.028468 0.010238
v -0.002014 0.028958 0.010139
v -0.002013 0.029458 0.010009
v -0.001920 0.029983 0.009839
v -0.001735 0.030540 0.009620
v -0.001478 0.031072 0.009368
v -0.001171 0.031526 0.009115
v -0.000846 0.031891 0.008885
v -0.000526 0.032176 0.008692
v -0.000215 0.032393 0.008536
v 0.000098 0.032574 0.008419
v 0.000420 0.032721 0.008349
v 0.000758 0.032834 0.008330
v 0.001095 0.032923 0.008349
v 0.001421 0.032991 0.008394
v 0.001762 0.033029 0.008474
v 0.002143 0.033025 0.008601
v 0.002556 0.032978 0.008752
v 0.002989 0.032886 0.008931
v 0.003447 0.032710 0.009137
v 0.003936 0.032411 0.009387
v 0.004426 0.031984 0.009658
v 0.004879 0.031437 0.009922
v 0.005253 0.030812 0.010157
v 0.005510 0.030152 0.010344
v 0.005628 0.029451 0.010488
v 0.005601 0.028720 0.010596
v 0.005480 0.028075 0.010659
v 0.005326 0.027625 0.010686
v 0.005198 0.027331 0.010698
v 0.005142 0.027126 0.010705
v 0.005159 0.026974 0.010712
v 0.005253 0.026852 0.010720
v 0.005508 0.026758 0.010733
v 0.005975 0.026690 0.010750
v 0.006509 0.026639 0.010764
v 0.006968 0.026595 0.010770
v 0.007413 0.026548 0.010773
v 0.007933 0.026489 0.010769
v 0.008514 0.026408 0.010756
v 0.009112 0.026294 0.010732
v 0.009649 0.026132 0.010698
v 0.010062 0.025914 0.010662
v 0.010363 0.025644 0.010624
v 0.010586 0.025327 0.010584
v 0.010756 0.024948 0.010538
v 0.010893 0.024503 0.010479
v 0.010994 0.024042 0.010412
v 0.011057 0.023623 0.010344
v 0.011102 0.023268 0.010281
v 0.011157 0.022986 0.010224
v 0.011243 0.022781 0.010177
v 0.011381 0.022654 0.010138
v 0.011580 0.022618 0.010115
v 0.011851 0.022678 0.010100
v 0.012214 0.022787 0.010084
v 0.012685 0.022891 0.010047
v 0.013251 0.022947 0.009979
v 0.013891 0.022916 0.009866
v 0.014568 0.022760 0.009705
v 0.015239 0.022457 0.009489
v 0.015845 0.022040 0.009235
v 0.016340 0.021546 0.008968
v 0.016718 0.020986 0.008691
v 0.016982 0.020368 0.008402
v 0.017128 0.019713 0.008108
v 0.017151 0.019043 0.007817
v 0.017051 0.018385 0.007541
v 0.016835 0.017764 0.007281
v 0.016502 0.017175 0.007054
v 0.016007 0.016798 0.006252
v 0.015477 0.016342 0.006133
v 0.014899 0.016011 0.006111
v 0.014284 0.015797 0.006174
v 0.013663 0.015678 0.006285
v 0.013071 0.015645 0.006431
v 0.012552 0.015692 0.006589
v 0.012131 0.015782 0.006738
v 0.011820 0.015876 0.006857
v 0.011594 0.015929 0.006929
v 0.011418 0.015908 0.006947
v 0.011284 0.015805 0.006909
v 0.011188 0.015620 0.006815
v 0.011108 0.015327 0.006651
v 0.011026 0.014919 0.006405
v 0.010946 0.014495 0.006131
v 0.010878 0.014133 0.005884
v 0.010791 0.013778 0.005635
v 0.010644 0.013371 0.005349
v 0.010395 0.012953 0.005071
v 0.010006 0.012580 0.004884
v 0.009513 0.012278 0.004805
v 0.008932 0.012078 0.004856
v 0.008235 0.011935 0.004996
v 0.007414 0.011818 0.005179
v 0.006615 0.011735 0.005349
v 0.005991 0.011696 0.005479
v 0.005568 0.011718 0.005583
v 0.005325 0.011814 0.005685
v 0.005207 0.011967 0.005792
v 0.005160 0.012155 0.005903
v 0.005176 0.012380 0.006021
v 0.005254 0.012646 0.006150
v 0.005374 0.012979 0.006304
v 0.005506 0.013399 0.006498
v 0.005599 0.013898 0.006730
v 0.005607 0.014458 0.006991
v 0.005518 0.015035 0.007254
v 0.005332 0.015586 0.007499
v 0.005074 0.016092 0.007717
v 0.004760 0.016547 0.007907
v 0.004330 0.016973 0.008082
v 0.003739 0.017381 0.008245
v 0.003083 0.017699 0.008368
v 0.002463 0.017860 0.008432
v 0.001871 0.017899 0.008451
v 0.001276 0.017864 0.008444
v 0.000684 0.017733 0.008406
v 0.000113 0.017484 0.008327
v -0.000411 0.017143 0.008215
v -0.000866 0.016743 0.008079
v -0.001249 0.016284 0.007916
v -0.001559 0.015764 0.007726
v -0.001781 0.015209 0.007516
v -0.001905 0.014645 0.007297
v -0.001937 0.014077 0.007072
v -0.001891 0.013516 0.006845
v -0.001790 0.013002 0.006636
v -0.001663 0.012576 0.006462
v -0.001556 0.012240 0.006325
v -0.001513 0.011984 0.006217
v -0.001559 0.011794 0.006132
v -0.001706 0.011661 0.006063
v -0.001950 0.011595 0.006014
v -0.002286 0.011603 0.005987
v -0.002732 0.011660 0.005970
v -0.003304 0.011740 0.005946
v -0.003984 0.011836 0.005910
v -0.004729 0.011944 0.005860
v -0.005419 0.012065 0.005812
v -0.005947 0.012195 0.005787
v -0.006325 0.012344 0.005799
v -0.006595 0.012529 0.005852
v -0.006799 0.012798 0.005970
v -0.006974 0.013189 0.006160
v -0.007132 0.013684 0.006409
v -0.007280 0.014259 0.006692
v -0.007412 0.014915 0.007005
v -0.007524 0.015666 0.007348
v -0.007620 0.016545 0.007729
v -0.007700 0.017567 0.008143
v -0.007752 0.018643 0.008547
v -0.007765 0.019664 0.008900
v -0.007742 0.020559 0.009183
v -0.007693 0.021287 0.009394
v -0.007631 0.021901 0.009557
v -0.007562 0.022478 0.009695
v -0.007469 0.023112 0.009829
v -0.007338 0.023852 0.009960
v -0.007195 0.024549 0.010057
v -0.007061 0.025055 0.010113
v -0.006903 0.025428 0.010144
v -0.006681 0.025757 0.010163
v -0.006358 0.026035 0.010170
v -0.005913 0.026243 0.010166
v -0.005365 0.026398 0.010151
v -0.004733 0.026526 0.010124
v -0.004012 0.026638 0.010081
v -0.003224 0.026740 0.010021
v -0.002524 0.026815 0.009958
v -0.002056 0.026854 0.009915
v -0.001783 0.026887 0.009891
v -0.001632 0.026950 0.009870
v -0.001555 0.027050 0.009852
v -0.001525 0.027193 0.009831
v -0.001559 0.027408 0.009804
v -0.001671 0.027723 0.009762
v -0.001821 0.028120 0.009705
v -0.001955 0.028578 0.009625
v -0.002039 0.029063 0.009518
v -0.002040 0.029558 0.009380
v -0.001949 0.030077 0.009201
v -0.001768 0.030625 0.008972
v -0.001512 0.031148 0.008710
v -0.001206 0.031591 0.008449
v -0.000882 0.031943 0.008211
v -0.000557 0.032219 0.008007
v -0.000238 0.032419 0.007848
v 0.000086 0.032593 0.007722
v 0.000420 0.032736 0.007647
v 0.000776 0.032850 0.007625
v 0.001122 0.032941 0.007645
v 0.001455 0.033015 0.007692
v 0.001797 0.033057 0.007777
v 0.002180 0.033061 0.007912
v 0.002586 0.033028 0.008066
v 0.003016 0.032942 0.008254
v 0.003468 0.032776 0.008465
v 0.003951 0.032486 0.008723
v 0.004435 0.032068 0.009006
v 0.004880 0.031531 0.009281
v 0.005250 0.030913 0.009528
v 0.005503 0.030260 0.009725
v 0.005619 0.029563 0.009880
v 0.005590 0.028836 0.009997
v 0.005468 0.028193 0.010067
v 0.005313 0.027744 0.010096
v 0.005185 0.027451 0.010112
v 0.005129 0.027247 0.010121
v 0.005145 0.027095 0.010129
v 0.005240 0.026974 0.010139
v 0.005494 0.026879 0.010152
v 0.005961 0.026812 0.010171
v 0.006495 0.026762 0.010186
v 0.006953 0.026717 0.010194
v 0.007398 0.026670 0.010198
v 0.007918 0.026612 0.010195
v 0.008499 0.026531 0.010183
v 0.009096 0.026417 0.010159
v 0.009633 0.026256 0.010126
v 0.010045 0.026037 0.010090
v 0.010347 0.025767 0.010054
v 0.010570 0.025451 0.010015
v 0.010740 0.025072 0.009969
v 0.010877 0.024627 0.009912
v 0.010978 0.024166 0.009845
v 0.011041 0.023748 0.009779
v 0.011086 0.023392 0.009716
v 0.011141 0.023111 0.009660
v 0.011227 0.022906 0.009613
v 0.011365 0.022778 0.009575
v 0.011564 0.022743 0.009550
v 0.011835 0.022803 0.009536
v 0.012198 0.022912 0.009519
v 0.012668 0.023016 0.009481
v 0.013234 0.023072 0.009411
v 0.013873 0.023041 0.009298
v 0.014549 0.022886 0.009133
v 0.015218 0.022584 0.008914
v 0.015823 0.022168 0.008656
v 0.016315 0.021675 0.008387
v 0.016691 0.021118 0.008105
v 0.016953 0.020502 0.007813
v 0.017096 0.019851 0.007516
v 0.017116 0.019186 0.007220
v 0.017013 0.018537 0.006936
v 0.016791 0.017921 0.006674
v 0.016457 0.017338 0.006441
v 0.021578 0.009002 0.011416
v 0.020887 0.008142 0.011072
v 0.019919 0.007827 0.011198
v 0.004610 0.018490 0.014558
v 0.004641 0.019029 0.014475
v 0.004400 0.019789 0.014343
v 0.018774 0.014026 0.014028
v 0.019979 0.013856 0.013773
v 0.012931 0.017812 0.014923
v 0.014045 0.017697 0.014904
v 0.010064 0.018560 0.014831
v 0.010509 0.018032 0.014870
v 0.015832 0.005368 0.010498
v 0.015494 0.004613 0.010000
v 0.014932 0.004073 0.009741
v 0.013871 0.003874 0.009952
v 0.021172 0.013240 0.013331
v 0.016265 0.014226 0.014338
v 0.016778 0.013673 0.014172
v 0.017772 0.013883 0.014128
v 0.003306 0.004549 0.011329
v 0.003575 0.003799 0.011020
v 0.003073 0.017925 0.014719
v 0.004230 0.018026 0.014631
v 0.004271 0.021582 0.013836
v 0.004655 0.022531 0.013401
v 0.015437 0.017138 0.014808
v 0.015755 0.016511 0.014734
v 0.017852 0.007874 0.011745
v 0.017165 0.008013 0.011941
v 0.016403 0.007779 0.011928
v 0.016149 0.006962 0.011500
v 0.015986 0.006086 0.010974
v 0.007954 0.010117 0.013384
v 0.006307 0.009884 0.013320
v 0.011403 0.004576 0.010970
v 0.011640 0.005520 0.011422
v 0.011568 0.006706 0.011985
v 0.015963 0.015668 0.014617
v 0.016075 0.014873 0.014480
v -0.001493 0.013443 0.014296
v -0.001339 0.014652 0.014566
v 0.006681 0.024242 0.012495
v 0.007331 0.024358 0.012614
v 0.003141 0.005680 0.011795
v 0.000273 0.017551 0.014879
v 0.001593 0.017759 0.014823
v -0.001080 0.005381 0.011274
v -0.001323 0.006593 0.011844
v -0.001095 0.016021 0.014784
v -0.000863 0.016852 0.014865
v -0.000572 0.017356 0.014892
v 0.005641 0.023799 0.012654
v 0.006092 0.024118 0.012463
v 0.015003 0.017557 0.014860
v 0.010093 0.019106 0.014794
v 0.004207 0.020659 0.014142
v 0.010466 0.021092 0.014535
v 0.010345 0.019873 0.014730
v 0.022167 0.011448 0.012447
v 0.022070 0.010169 0.011906
v 0.002897 0.003675 0.010910
v 0.001560 0.003850 0.010852
v 0.021956 0.012517 0.012887
v -0.001615 0.010232 0.013312
v -0.001598 0.012098 0.013924
v 0.012337 0.003702 0.010275
v 0.011387 0.003653 0.010459
v 0.010383 0.008797 0.012887
v 0.009161 0.009620 0.013207
v 0.003706 0.003529 0.010910
v 0.000189 0.004023 0.010751
v 0.018773 0.007732 0.011459
v -0.000579 0.004149 0.010686
v -0.000819 0.004539 0.010862
v 0.003500 0.003450 0.010859
v 0.011060 0.003703 0.010551
v 0.011171 0.004004 0.010699
v -0.001503 0.008200 0.012537
v 0.005099 0.023398 0.012915
v 0.011131 0.007828 0.012485
v 0.009483 0.023343 0.013704
v 0.010157 0.022294 0.014192
v 0.007978 0.024307 0.012849
v 0.008691 0.024019 0.013212
v 0.005053 0.009280 0.013132
v 0.003874 0.008365 0.012820
v 0.003283 0.006907 0.012281
v 0.011947 0.017893 0.014915
v 0.022003 0.008939 0.011162
v 0.021023 0.007947 0.010854
v 0.019833 0.007399 0.010896
v 0.004001 0.018633 0.014580
v 0.003997 0.018990 0.014531
v 0.003734 0.019700 0.014428
v 0.018790 0.014658 0.014149
v 0.020105 0.014472 0.013870
v 0.012956 0.018255 0.014933
v 0.014056 0.018116 0.014918
v 0.010703 0.018680 0.014861
v 0.011052 0.018464 0.014885
v 0.016342 0.005380 0.010358
v 0.015943 0.004560 0.009790
v 0.015061 0.003886 0.009523
v 0.013784 0.003538 0.009717
v 0.021377 0.013755 0.013390
v 0.016784 0.014491 0.014352
v 0.017121 0.014329 0.014290
v 0.017755 0.014498 0.014258
v 0.003767 0.004590 0.011372
v 0.004002 0.003829 0.011060
v 0.003033 0.018399 0.014688
v 0.003773 0.018470 0.014620
v 0.003603 0.021651 0.013913
v 0.004038 0.022715 0.013414
v 0.015904 0.017353 0.014790
v 0.016297 0.016658 0.014706
v 0.017685 0.007377 0.011466
v 0.017149 0.007522 0.011660
v 0.016839 0.007398 0.011640
v 0.016662 0.006921 0.011380
v 0.016500 0.006093 0.010857
v 0.007428 0.009486 0.013190
v 0.006242 0.009320 0.013145
v 0.010930 0.004570 0.011038
v 0.011156 0.005487 0.011465
v 0.011074 0.006623 0.011990
v 0.016535 0.015752 0.014584
v 0.016643 0.014978 0.014455
v -0.002074 0.013487 0.014296
v -0.001911 0.014698 0.014569
v 0.006695 0.024487 0.012331
v 0.007374 0.024606 0.012466
v 0.003620 0.005665 0.011809
v 0.000193 0.017983 0.014887
v 0.001545 0.018223 0.014814
v -0.001573 0.005276 0.011139
v -0.001853 0.006505 0.011738
v -0.001637 0.016135 0.014796
v -0.001346 0.017013 0.014881
v -0.000800 0.017621 0.014906
v 0.005316 0.023967 0.012540
v 0.005983 0.024281 0.012334
v 0.015190 0.017841 0.014862
v 0.010743 0.019035 0.014843
v 0.003515 0.020641 0.014235
v 0.011179 0.021144 0.014603
v 0.011026 0.019776 0.014795
v 0.022647 0.011442 0.012245
v 0.022561 0.010133 0.011660
v 0.002827 0.003250 0.010704
v 0.001575 0.003427 0.010642
v 0.022244 0.012706 0.012837
v -0.002195 0.010230 0.013285
v -0.002184 0.012145 0.013922
v 0.012168 0.003331 0.010076
v 0.011122 0.003311 0.010313
v 0.009887 0.008560 0.012820
v 0.008640 0.009286 0.013107
v 0.003999 0.003383 0.010867
v 0.000140 0.003657 0.010541
v 0.018623 0.007243 0.011157
v -0.000764 0.003938 0.010527
v -0.001238 0.004392 0.010698
v 0.003608 0.003184 0.010748
v 0.010763 0.003558 0.010523
v 0.010732 0.003971 0.010753
v -0.002062 0.008134 0.012465
v 0.004667 0.023501 0.012909
v 0.010631 0.007680 0.012454
v 0.010001 0.023638 0.013712
v 0.010813 0.022490 0.014243
v 0.008160 0.024586 0.012758
v 0.009039 0.024339 0.013164
v 0.005146 0.008730 0.012954
v 0.004308 0.007871 0.012654
v 0.003777 0.006796 0.012253
v 0.012052 0.018347 0.014920
v 0.002484 0.008535 0.012849
v 0.001120 0.008562 0.012816
v -0.000261 0.008425 0.012704
v 0.002290 0.007022 0.012288
v 0.001086 0.007018 0.012225
v -0.000183 0.006857 0.012072
v -0.000041 0.005605 0.011520
v 0.001150 0.005725 0.011689
v 0.002264 0.005731 0.011770
v 0.002470 0.004602 0.011295
v 0.001337 0.004664 0.011223
v 0.000116 0.004659 0.011074
v 0.014307 0.004489 0.010279
v 0.012946 0.004323 0.010522
v 0.011895 0.004164 0.010654
v 0.014678 0.005230 0.010700
v 0.013425 0.005057 0.010871
v 0.012307 0.004833 0.010959
v 0.014893 0.006016 0.011160
v 0.013680 0.005894 0.011312
v 0.012550 0.005722 0.011399
v 0.012547 0.006776 0.011918
v 0.013753 0.006855 0.011811
v 0.015019 0.006924 0.011665
v 0.012287 0.007854 0.012419
v 0.013665 0.007888 0.012314
v 0.015049 0.007890 0.012166
v 0.020441 0.008965 0.011805
v 0.020874 0.010356 0.012424
v 0.021078 0.011859 0.012958
v 0.019833 0.012262 0.013387
v 0.019586 0.010574 0.012824
v 0.019211 0.009024 0.012145
v 0.018171 0.009149 0.012394
v 0.018452 0.010708 0.013063
v 0.018660 0.012418 0.013632
v 0.017589 0.012356 0.013741
v 0.017398 0.010721 0.013190
v 0.017257 0.009218 0.012552
v 0.016247 0.009145 0.012630
v 0.016255 0.010594 0.013241
v 0.016437 0.012119 0.013766
v 0.014980 0.012991 0.014107
v 0.014853 0.013907 0.014346
v 0.014731 0.014732 0.014528
v 0.014626 0.015568 0.014675
v 0.014477 0.016387 0.014788
v 0.014268 0.017096 0.014861
v 0.002645 0.010352 0.013453
v 0.002783 0.012087 0.013949
v 0.002881 0.013567 0.014305
v 0.002950 0.014842 0.014546
v 0.003007 0.015985 0.014688
v 0.003045 0.017025 0.014740
v 0.011070 0.012108 0.013955
v 0.011376 0.013331 0.014279
v 0.011514 0.014412 0.014520
v 0.011546 0.015376 0.014691
v 0.011575 0.016280 0.014809
v 0.011699 0.017136 0.014882
v -0.000283 0.010247 0.013364
v -0.000236 0.011981 0.013916
v -0.000144 0.013413 0.014300
v -0.000026 0.014679 0.014570
v 0.000122 0.015899 0.014758
v 0.000233 0.016832 0.014845
v 0.004473 0.017074 0.014671
v 0.004543 0.016060 0.014646
v 0.004524 0.014960 0.014533
v 0.004460 0.013711 0.014313
v 0.004321 0.012239 0.013974
v 0.004100 0.010446 0.013487
v 0.012980 0.017114 0.014887
v 0.013045 0.016321 0.014815
v 0.013112 0.015471 0.014701
v 0.013162 0.014574 0.014541
v 0.013175 0.013612 0.014327
v 0.013117 0.012538 0.014043
v 0.001595 0.016916 0.014807
v 0.001539 0.015907 0.014727
v 0.001455 0.014750 0.014563
v 0.001368 0.013463 0.014303
v 0.001279 0.011990 0.013929
v 0.001192 0.010306 0.013418
v 0.014939 0.009090 0.012729
v 0.014852 0.010397 0.013263
v 0.014879 0.011733 0.013731
v 0.013043 0.011338 0.013678
v 0.013170 0.010168 0.013270
v 0.013440 0.009006 0.012810
v 0.011812 0.008902 0.012865
v 0.011152 0.009905 0.013255
v 0.010763 0.010859 0.013581
v 0.010128 0.017142 0.014841
v 0.008205 0.017089 0.014749
v 0.006255 0.017064 0.014661
v 0.009930 0.016235 0.014771
v 0.008105 0.016176 0.014705
v 0.006260 0.016118 0.014645
v 0.009853 0.015279 0.014652
v 0.008042 0.015176 0.014593
v 0.006231 0.015068 0.014543
v 0.009750 0.014235 0.014467
v 0.007933 0.014063 0.014401
v 0.006143 0.013886 0.014345
v 0.009482 0.013044 0.014201
v 0.007648 0.012774 0.014114
v 0.005931 0.012494 0.014032
v 0.008850 0.011636 0.013829
v 0.007056 0.011285 0.013725
v 0.005512 0.010850 0.013602
v 0.008336 0.017888 0.014746
v 0.006230 0.017872 0.014616
v 0.008323 0.018518 0.014701
v 0.006314 0.018482 0.014552
v 0.005254 0.023084 0.013076
v 0.008364 0.019161 0.014631
v 0.006349 0.019117 0.014454
v 0.006279 0.019873 0.014295
v 0.008451 0.019950 0.014513
v 0.008471 0.020954 0.014288
v 0.006196 0.020761 0.014047
v 0.006167 0.021671 0.013734
v 0.008311 0.021973 0.013952
v 0.006240 0.022565 0.013363
v 0.008008 0.022895 0.013537
v 0.007668 0.023583 0.013136
v 0.006382 0.023258 0.013036
v 0.007391 0.024038 0.012819
v 0.006502 0.023829 0.012727
v 0.021553 0.008402 0.010974
v 0.020447 0.007615 0.010832
v 0.004032 0.018776 0.014559
v 0.003884 0.019305 0.014487
v 0.019429 0.014627 0.014035
v 0.013475 0.018197 0.014931
v 0.010798 0.018558 0.014871
v 0.016194 0.004976 0.010070
v 0.015553 0.004189 0.009603
v 0.014479 0.003684 0.009575
v 0.020774 0.014171 0.013649
v 0.016922 0.014364 0.014314
v 0.017392 0.014389 0.014275
v 0.003895 0.004165 0.011198
v 0.003501 0.018438 0.014645
v 0.003925 0.018533 0.014599
v 0.003783 0.022196 0.013679
v 0.016126 0.017036 0.014752
v 0.017375 0.007470 0.011588
v 0.016973 0.007500 0.011678
v 0.016743 0.007214 0.011545
v 0.016580 0.006515 0.011132
v 0.006833 0.009450 0.013183
v 0.018224 0.014602 0.014219
v 0.011062 0.004989 0.011232
v 0.011164 0.006046 0.011726
v 0.016598 0.015333 0.014518
v 0.016698 0.014697 0.014400
v -0.002004 0.014064 0.014434
v 0.007031 0.024562 0.012379
v 0.003666 0.005104 0.011581
v 0.000824 0.018111 0.014859
v 0.002333 0.018325 0.014752
v -0.001721 0.005850 0.011423
v -0.001503 0.016640 0.014851
v -0.001123 0.017342 0.014900
v 0.005644 0.024139 0.012411
v 0.015602 0.017623 0.014827
v 0.010687 0.018831 0.014852
v 0.003600 0.020158 0.014345
v 0.003513 0.021134 0.014095
v 0.011149 0.020418 0.014723
v 0.010871 0.019328 0.014826
v 0.022666 0.010779 0.011947
v 0.022337 0.009519 0.011397
v 0.002255 0.003330 0.010679
v 0.021869 0.013263 0.013120
v 0.022505 0.012092 0.012543
v -0.002207 0.011251 0.013638
v 0.012965 0.003417 0.009904
v 0.011545 0.003290 0.010208
v 0.009296 0.008968 0.012983
v 0.008020 0.009446 0.013170
v 0.014653 0.018002 0.014895
v 0.004045 0.003573 0.010953
v 0.016434 0.016213 0.014650
v -0.000356 0.017828 0.014901
v 0.000830 0.003536 0.010591
v 0.019214 0.007278 0.011009
v 0.018105 0.007288 0.011316
v 0.016431 0.005732 0.010608
v -0.000387 0.003789 0.010516
v -0.001034 0.004124 0.010580
v -0.001413 0.004782 0.010889
v 0.003852 0.003250 0.010798
v 0.003272 0.003192 0.010721
v 0.010880 0.003406 0.010416
v 0.010716 0.003747 0.010635
v 0.010810 0.004237 0.010882
v -0.001966 0.007255 0.012083
v -0.002142 0.009155 0.012880
v -0.001780 0.015438 0.014699
v 0.004343 0.023154 0.013149
v 0.010888 0.007174 0.012236
v 0.010443 0.023105 0.013990
v 0.011063 0.021839 0.014444
v 0.008590 0.024502 0.012950
v 0.009520 0.024053 0.013425
v 0.005671 0.009071 0.013066
v 0.004691 0.008330 0.012817
v 0.010318 0.008135 0.012645
v 0.003999 0.007351 0.012464
v 0.003653 0.006232 0.012034
v -0.002136 0.012874 0.014133
v 0.011518 0.018397 0.014905
v 0.012511 0.018302 0.014929
v 0.004995 0.023774 0.012700
v 0.006346 0.024395 0.012311
v 0.007757 0.024613 0.012604
v 0.011618 0.016710 0.014851
v 0.011555 0.015837 0.014757
v 0.011538 0.014905 0.014613
v 0.011463 0.013887 0.014409
v 0.011248 0.012738 0.014128
v 0.010865 0.011458 0.013766
v 0.003025 0.016514 0.014724
v 0.002983 0.015433 0.014630
v 0.002922 0.014231 0.014439
v 0.002839 0.012861 0.014143
v 0.002717 0.011249 0.013720
v 0.002571 0.009426 0.013155
v 0.014382 0.016754 0.014828
v 0.014559 0.015985 0.014737
v 0.014682 0.015151 0.014606
v 0.014784 0.014319 0.014441
v 0.014935 0.013480 0.014238
v 0.014943 0.012393 0.013934
v 0.014139 0.017417 0.014886
v 0.013566 0.008436 0.012564
v 0.011826 0.017545 0.014904
v 0.021682 0.011620 0.012688
v 0.021536 0.010245 0.012155
v 0.021072 0.008980 0.011601
v 0.017049 0.012260 0.013762
v 0.016850 0.010671 0.013221
v 0.016779 0.009189 0.012593
v 0.018119 0.012412 0.013702
v 0.017924 0.010733 0.013137
v 0.017712 0.009199 0.012484
v 0.019232 0.012366 0.013530
v 0.019006 0.010659 0.012960
v 0.018671 0.009086 0.012281
v 0.020451 0.012086 0.013196
v 0.020211 0.010460 0.012647
v 0.019799 0.008980 0.011990
v 0.016320 0.011343 0.013513
v 0.016231 0.009860 0.012947
v 0.016305 0.008443 0.012288
v 0.017320 0.009955 0.012881
v 0.017489 0.011519 0.013478
v 0.017697 0.013197 0.013968
v 0.018569 0.011545 0.013362
v 0.018322 0.009914 0.012739
v 0.018007 0.008428 0.012038
v 0.019418 0.009788 0.012500
v 0.019723 0.011392 0.013119
v 0.019913 0.013140 0.013617
v 0.021001 0.011093 0.012703
v 0.020687 0.009648 0.012124
v 0.020148 0.008326 0.011481
v 0.021124 0.012625 0.013181
v 0.018974 0.008298 0.011774
v 0.018731 0.013302 0.013867
v 0.017203 0.008541 0.012220
v 0.011629 0.003887 0.010546
v 0.012615 0.003987 0.010388
v 0.014065 0.004152 0.010100
v 0.012122 0.004476 0.010790
v 0.013219 0.004680 0.010685
v 0.014516 0.004854 0.010481
v 0.012453 0.005251 0.011164
v 0.013577 0.005459 0.011082
v 0.014801 0.005611 0.010924
v 0.012583 0.006237 0.011655
v 0.013738 0.006362 0.011558
v 0.014966 0.006461 0.011412
v 0.015051 0.007390 0.011911
v 0.013728 0.007362 0.012063
v 0.012446 0.007318 0.012175
v 0.014356 0.007900 0.012249
v 0.012971 0.007868 0.012369
v 0.011642 0.007850 0.012462
v 0.014383 0.006891 0.011743
v 0.013138 0.006815 0.011869
v 0.012005 0.006741 0.011959
v 0.013100 0.005817 0.011365
v 0.014280 0.005961 0.011244
v 0.015493 0.006059 0.011064
v 0.012848 0.004957 0.010928
v 0.014038 0.005145 0.010794
v 0.015312 0.005311 0.010596
v 0.012376 0.004246 0.010603
v 0.013606 0.004405 0.010411
v 0.014974 0.004567 0.010137
v 0.011493 0.004074 0.010680
v 0.011807 0.004688 0.010966
v 0.012047 0.005610 0.011412
v 0.015641 0.006951 0.011581
v 0.021201 0.008485 0.011202
v 0.020485 0.007977 0.011111
v 0.004665 0.018735 0.014523
v 0.004538 0.019382 0.014419
v 0.019360 0.013994 0.013924
v 0.013465 0.017763 0.014918
v 0.010194 0.018321 0.014848
v 0.015702 0.004989 0.010242
v 0.015201 0.004285 0.009826
v 0.014522 0.003981 0.009814
v 0.020598 0.013595 0.013571
v 0.016471 0.013973 0.014266
v 0.017334 0.013765 0.014145
v 0.003445 0.004111 0.011148
v 0.003630 0.017966 0.014678
v 0.004483 0.018281 0.014593
v 0.004418 0.022075 0.013628
v 0.015614 0.016853 0.014775
v 0.017492 0.007967 0.011863
v 0.016834 0.007959 0.011963
v 0.016242 0.007344 0.011708
v 0.016065 0.006522 0.011244
v 0.007008 0.010035 0.013364
v 0.018244 0.013980 0.014092
v 0.011541 0.005003 0.011174
v 0.011653 0.006103 0.011701
v 0.016024 0.015255 0.014549
v 0.016143 0.014526 0.014409
v -0.001426 0.014027 0.014435
v 0.007009 0.024310 0.012541
v 0.003195 0.005087 0.011552
v 0.000889 0.017658 0.014857
v 0.002363 0.017853 0.014773
v -0.001208 0.005944 0.011543
v -0.000983 0.016501 0.014836
v -0.000715 0.017148 0.014884
v 0.005905 0.023991 0.012531
v 0.015214 0.017383 0.014838
v 0.010037 0.018819 0.014813
v 0.004279 0.020217 0.014251
v 0.004203 0.021114 0.014004
v 0.010446 0.020450 0.014653
v 0.010210 0.019439 0.014770
v 0.022172 0.010799 0.012174
v 0.021874 0.009567 0.011648
v 0.002232 0.003767 0.010888
v 0.021651 0.012838 0.013080
v 0.022072 0.012071 0.012706
v -0.001622 0.011222 0.013649
v 0.013088 0.003775 0.010121
v 0.011766 0.003662 0.010384
v 0.009801 0.009250 0.013067
v 0.008558 0.009861 0.013297
v 0.014613 0.017617 0.014880
v 0.003660 0.003618 0.010947
v 0.015872 0.016101 0.014680
v -0.000244 0.017439 0.014890
v 0.000845 0.003936 0.010804
v 0.019332 0.007743 0.011320
v 0.018277 0.007784 0.011604
v 0.015916 0.005717 0.010732
v -0.000301 0.004101 0.010710
v -0.000692 0.004292 0.010747
v -0.000949 0.004906 0.011042
v 0.003609 0.003494 0.010888
v 0.003309 0.003507 0.010869
v 0.011169 0.003673 0.010513
v 0.011102 0.003820 0.010608
v 0.011274 0.004248 0.010815
v -0.001421 0.007337 0.012173
v -0.001572 0.009192 0.012928
v -0.001221 0.015361 0.014691
v 0.005151 0.023241 0.013001
v 0.011387 0.007287 0.012248
v 0.009849 0.022853 0.013962
v 0.010368 0.021708 0.014382
v 0.008318 0.024202 0.013014
v 0.009086 0.023735 0.013446
v 0.005655 0.009624 0.013241
v 0.004504 0.008879 0.013000
v 0.010813 0.008325 0.012694
v 0.003501 0.007547 0.012524
v 0.003166 0.006290 0.012040
v -0.001552 0.012823 0.014132
v 0.011321 0.017941 0.014901
v 0.012454 0.017854 0.014922
v 0.005351 0.023572 0.012794
v 0.006345 0.024169 0.012469
v 0.007654 0.024366 0.012713
v 0.021856 0.008985 0.011268
v 0.020950 0.008042 0.010964
v 0.019833 0.007547 0.011017
v 0.004206 0.018550 0.014575
v 0.004223 0.019005 0.014508
v 0.003956 0.019745 0.014394
v 0.018789 0.014436 0.014109
v 0.020041 0.014259 0.013843
v 0.012936 0.018057 0.014930
v 0.014027 0.017923 0.014913
v 0.010487 0.018612 0.014852
v 0.010921 0.018288 0.014884
v 0.016150 0.005384 0.010420
v 0.015786 0.004604 0.009888
v 0.014999 0.003988 0.009638
v 0.013792 0.003680 0.009829
v 0.021261 0.013580 0.013386
v 0.016607 0.014365 0.014341
v 0.017062 0.014109 0.014248
v 0.017782 0.014278 0.014210
v 0.003567 0.004560 0.011349
v 0.003804 0.003817 0.011043
v 0.003059 0.018201 0.014704
v 0.003888 0.018293 0.014629
v 0.003827 0.021605 0.013891
v 0.004273 0.022622 0.013415
v 0.015738 0.017230 0.014795
v 0.016095 0.016583 0.014716
v 0.017752 0.007556 0.011567
v 0.017151 0.007704 0.011768
v 0.016692 0.007518 0.011736
v 0.016464 0.006948 0.011434
v 0.016297 0.006095 0.010907
v 0.007483 0.009695 0.013256
v 0.006203 0.009522 0.013208
v 0.011129 0.004546 0.010997
v 0.011360 0.005487 0.011440
v 0.011279 0.006666 0.011992
v 0.016321 0.015711 0.014596
v 0.016431 0.014929 0.014464
v -0.001855 0.013465 0.014295
v -0.001695 0.014669 0.014566
v 0.006703 0.024378 0.012408
v 0.007354 0.024488 0.012536
v 0.003415 0.005668 0.011802
v 0.000243 0.017792 0.014883
v 0.001572 0.018025 0.014820
v -0.001377 0.005315 0.011193
v -0.001646 0.006530 0.011776
v -0.001429 0.016082 0.014791
v -0.001160 0.016921 0.014873
v -0.000684 0.017469 0.014899
v 0.005437 0.023875 0.012600
v 0.006045 0.024188 0.012407
v 0.015101 0.017675 0.014860
v 0.010519 0.019070 0.014826
v 0.003746 0.020649 0.014202
v 0.010944 0.021125 0.014582
v 0.010801 0.019823 0.014771
v 0.022461 0.011407 0.012310
v 0.022381 0.010140 0.011749
v 0.002841 0.003429 0.010790
v 0.001588 0.003604 0.010734
v 0.022088 0.012606 0.012866
v -0.001976 0.010232 0.013295
v -0.001965 0.012131 0.013924
v 0.012206 0.003493 0.010173
v 0.011229 0.003468 0.010383
v 0.010047 0.008692 0.012862
v 0.008755 0.009457 0.013161
v 0.003831 0.003472 0.010894
v 0.000175 0.003820 0.010638
v 0.018668 0.007416 0.011268
v -0.000672 0.004060 0.010617
v -0.001073 0.004466 0.010773
v 0.003549 0.003343 0.010815
v 0.010931 0.003638 0.010537
v 0.010930 0.003974 0.010723
v -0.001848 0.008149 0.012489
v 0.004873 0.023413 0.012930
v 0.010821 0.007767 0.012478
v 0.009832 0.023507 0.013723
v 0.010600 0.022402 0.014233
v 0.008099 0.024449 0.012812
v 0.008926 0.024193 0.013199
v 0.005044 0.008907 0.013012
v 0.004137 0.008003 0.012698
v 0.003574 0.006849 0.012268
v 0.012017 0.018148 0.014920
v 0.015733 0.007852 0.012059
v 0.016613 0.012914 0.013989
v 0.005355 0.018472 0.014537
v -0.000944 0.008305 0.012617
v 0.003978 0.009427 0.013173
v -0.000809 0.006717 0.011955
v 0.002749 0.005706 0.011786
v -0.000413 0.004609 0.010969
v 0.003287 0.003763 0.010983
v 0.003169 0.008444 0.012834
v 0.001802 0.008574 0.012844
v 0.000434 0.008513 0.012770
v 0.002839 0.006971 0.012291
v 0.001699 0.007038 0.012267
v 0.000457 0.006959 0.012162
v -0.000614 0.005490 0.011396
v 0.000557 0.005684 0.011619
v 0.001724 0.005739 0.011739
v 0.002936 0.004567 0.011314
v 0.001930 0.004637 0.011266
v 0.000717 0.004675 0.011160
v 0.002338 0.005145 0.011525
v 0.001229 0.005168 0.011447
v 0.000042 0.005094 0.011283
v 0.002248 0.006356 0.012025
v 0.001103 0.006340 0.011949
v -0.000119 0.006192 0.011785
v -0.000229 0.007601 0.012379
v 0.001094 0.007759 0.012515
v 0.002380 0.007739 0.012561
v 0.002654 0.004112 0.011088
v 0.001464 0.004212 0.011020
v 0.000168 0.004301 0.010896
v 0.003064 0.017517 0.014736
v 0.001153 0.009424 0.013122
v 0.000266 0.017224 0.014867
v -0.000280 0.009323 0.013039
v -0.000267 0.011145 0.013660
v -0.000194 0.012731 0.014126
v -0.000089 0.014051 0.014445
v 0.000048 0.015309 0.014677
v 0.000184 0.016399 0.014811
v 0.004371 0.017557 0.014657
v 0.004525 0.016575 0.014668
v 0.004539 0.015525 0.014601
v 0.004498 0.014351 0.014437
v 0.004400 0.013007 0.014159
v 0.004218 0.011389 0.013753
v 0.012948 0.017489 0.014910
v 0.013012 0.016723 0.014856
v 0.013080 0.015901 0.014763
v 0.013140 0.015031 0.014628
v 0.013174 0.014105 0.014442
v 0.013155 0.013094 0.014196
v 0.001601 0.017378 0.014821
v 0.001572 0.016427 0.014776
v 0.001500 0.015345 0.014657
v 0.001412 0.014126 0.014445
v 0.001324 0.012755 0.014133
v 0.001234 0.011169 0.013690
v 0.003738 0.017062 0.014704
v 0.003759 0.016029 0.014666
v 0.003725 0.014900 0.014538
v 0.003659 0.013634 0.014307
v 0.003546 0.012154 0.013960
v 0.003378 0.010373 0.013464
v 0.000895 0.016867 0.014829
v 0.000825 0.015886 0.014743
v 0.000716 0.014710 0.014567
v 0.000615 0.013427 0.014301
v 0.000526 0.011968 0.013920
v 0.000460 0.010273 0.013392
v 0.013614 0.017104 0.014878
v 0.013759 0.016349 0.014806
v 0.013870 0.015519 0.014693
v 0.013952 0.014654 0.014539
v 0.014023 0.013753 0.014340
v 0.014057 0.012747 0.014075
v -0.000380 0.016824 0.014857
v -0.000551 0.015951 0.014772
v -0.000750 0.014657 0.014569
v -0.000888 0.013421 0.014298
v -0.000988 0.012036 0.013919
v -0.001017 0.010234 0.013336
v 0.014916 0.017100 0.014834
v 0.015182 0.016442 0.014762
v 0.015365 0.015619 0.014647
v 0.015478 0.014808 0.014505
v 0.015645 0.014069 0.014343
v 0.015896 0.013287 0.014138
v 0.005322 0.017069 0.014653
v 0.005378 0.016089 0.014638
v 0.005361 0.015013 0.014533
v 0.005287 0.013790 0.014325
v 0.005115 0.012358 0.013999
v 0.004802 0.010620 0.013537
v 0.002323 0.016974 0.014776
v 0.002268 0.015942 0.014709
v 0.002198 0.014794 0.014555
v 0.002121 0.013512 0.014305
v 0.002029 0.012032 0.013939
v 0.001918 0.010334 0.013439
v 0.012356 0.017125 0.014888
v 0.012324 0.016297 0.014816
v 0.012343 0.015425 0.014701
v 0.012352 0.014492 0.014534
v 0.012293 0.013473 0.014307
v 0.012129 0.012329 0.014004
v 0.015003 0.008466 0.012445
v 0.014883 0.009739 0.013005
v 0.014847 0.011061 0.013505
v 0.013066 0.011944 0.013868
v 0.013079 0.010749 0.013478
v 0.013301 0.009583 0.013045
v 0.012078 0.008382 0.012648
v 0.011485 0.009417 0.013070
v 0.010879 0.010363 0.013417
v 0.014209 0.009052 0.012774
v 0.014049 0.010284 0.013268
v 0.013999 0.011537 0.013705
v 0.015626 0.009116 0.012678
v 0.015590 0.010503 0.013255
v 0.015704 0.011935 0.013754
v 0.011010 0.008859 0.012886
v 0.010040 0.009767 0.013238
v 0.009391 0.010528 0.013498
v 0.012636 0.008952 0.012839
v 0.012211 0.010039 0.013264
v 0.011978 0.011123 0.013639
v 0.010964 0.017142 0.014867
v 0.009193 0.017118 0.014801
v 0.007221 0.017072 0.014697
v 0.010779 0.016261 0.014795
v 0.009032 0.016206 0.014741
v 0.007175 0.016150 0.014669
v 0.010717 0.015330 0.014675
v 0.008956 0.015227 0.014623
v 0.007126 0.015125 0.014565
v 0.010645 0.014323 0.014496
v 0.008842 0.014148 0.014435
v 0.007030 0.013969 0.014369
v 0.010431 0.013187 0.014243
v 0.008550 0.012910 0.014158
v 0.006775 0.012635 0.014071
v 0.009940 0.011863 0.013893
v 0.007899 0.011456 0.013777
v 0.006263 0.011081 0.013667
v 0.005749 0.011703 0.013833
v 0.007399 0.012054 0.013932
v 0.009225 0.012367 0.014029
v 0.006058 0.013218 0.014202
v 0.007819 0.013447 0.014271
v 0.009648 0.013664 0.014347
v 0.006199 0.014497 0.014457
v 0.008002 0.014636 0.014507
v 0.009813 0.014773 0.014569
v 0.006249 0.015606 0.014606
v 0.008072 0.015686 0.014658
v 0.009886 0.015768 0.014719
v 0.006264 0.016604 0.014663
v 0.008147 0.016643 0.014734
v 0.010003 0.016691 0.014811
v 0.005200 0.017918 0.014603
v 0.010313 0.017582 0.014861
v 0.009417 0.017938 0.014816
v 0.007276 0.017865 0.014672
v 0.009296 0.018533 0.014781
v 0.007318 0.018499 0.014617
v 0.008282 0.017510 0.014753
v 0.006234 0.017494 0.014643
v 0.008338 0.018215 0.014727
v 0.006265 0.018189 0.014588
v 0.008367 0.010863 0.013608
v 0.006638 0.010511 0.013506
v 0.005241 0.009978 0.013349
v 0.004970 0.022879 0.013203
v 0.005387 0.019070 0.014442
v 0.009507 0.019925 0.014641
v 0.005070 0.020694 0.014058
v 0.009339 0.022145 0.014092
v 0.008834 0.023129 0.013633
v 0.005715 0.023151 0.013036
v 0.006008 0.023772 0.012691
v 0.009331 0.019142 0.014729
v 0.007357 0.019148 0.014529
v 0.005219 0.019824 0.014290
v 0.007372 0.019929 0.014381
v 0.009580 0.021036 0.014434
v 0.007345 0.020852 0.014144
v 0.005092 0.021592 0.013756
v 0.007250 0.021819 0.013814
v 0.005343 0.022503 0.013360
v 0.007138 0.022702 0.013434
v 0.008249 0.023804 0.013187
v 0.007046 0.023402 0.013080
v 0.006324 0.022927 0.013199
v 0.007835 0.023277 0.013327
v 0.006191 0.022144 0.013547
v 0.008170 0.022456 0.013749
v 0.006172 0.021214 0.013898
v 0.008414 0.021470 0.014133
v 0.006234 0.020315 0.014178
v 0.008478 0.020435 0.014415
v 0.006325 0.019477 0.014383
v 0.008411 0.019525 0.014584
v 0.007743 0.024164 0.012854
v 0.006974 0.023926 0.012772
v 0.008330 0.018831 0.014671
v 0.006344 0.018782 0.014512
v 0.006420 0.023547 0.012879
v 0.007515 0.023832 0.012971
v 0.006606 0.024059 0.012603
v 0.007322 0.024211 0.012701
v 0.012331 0.016718 0.014857
v 0.021344 0.009598 0.011877
v 0.012331 0.015867 0.014764
v 0.012352 0.014964 0.014624
v 0.012335 0.013994 0.014429
v 0.012224 0.012917 0.014166
v 0.002349 0.017454 0.014781
v 0.002296 0.016467 0.014752
v 0.002234 0.015387 0.014644
v 0.002162 0.014173 0.014443
v 0.002079 0.012802 0.014138
v 0.001975 0.011205 0.013706
v 0.005246 0.017524 0.014633
v 0.010844 0.016706 0.014836
v 0.010741 0.015801 0.014741
v 0.010690 0.014837 0.014594
v 0.010564 0.013773 0.014380
v 0.010229 0.012551 0.014081
v 0.014743 0.017377 0.014861
v 0.015063 0.016793 0.014802
v 0.015284 0.016041 0.014709
v 0.015425 0.015206 0.014579
v 0.015542 0.014426 0.014426
v 0.015794 0.013722 0.014254
v -0.000293 0.017161 0.014878
v -0.000463 0.016438 0.014825
v -0.000653 0.015327 0.014685
v -0.000827 0.014030 0.014441
v -0.000943 0.012772 0.014129
v -0.001014 0.011180 0.013653
v 0.013528 0.017456 0.014903
v 0.013692 0.016734 0.014846
v 0.013818 0.015939 0.014755
v 0.013913 0.015091 0.014622
v 0.013989 0.014213 0.014446
v 0.014052 0.013275 0.014218
v 0.000902 0.017299 0.014849
v 0.000868 0.016400 0.014795
v 0.000772 0.015319 0.014668
v 0.000664 0.014084 0.014446
v 0.000568 0.012726 0.014128
v 0.000489 0.011144 0.013673
v 0.003695 0.017554 0.014695
v 0.003758 0.016552 0.014695
v 0.003745 0.015475 0.014615
v 0.003698 0.014293 0.014437
v 0.003611 0.012929 0.014150
v 0.003465 0.011301 0.013733
v 0.011371 0.008364 0.012681
v 0.012822 0.008408 0.012609
v 0.014293 0.008461 0.012510
v 0.021659 0.012303 0.012924
v 0.021647 0.010921 0.012427
v 0.020740 0.008411 0.011336
v 0.004975 0.011531 0.013788
v 0.016932 0.011448 0.013502
v 0.016798 0.009920 0.012919
v 0.016790 0.008503 0.012257
v 0.018024 0.011549 0.013431
v 0.017818 0.009951 0.012821
v 0.017595 0.008506 0.012145
v 0.019132 0.011491 0.013258
v 0.018854 0.009860 0.012634
v 0.018465 0.008350 0.011912
v 0.020355 0.011260 0.012937
v 0.020032 0.009706 0.012329
v 0.017204 0.013083 0.013987
v 0.018198 0.013276 0.013931
v 0.019308 0.013266 0.013765
v 0.020527 0.012919 0.013420
v 0.011327 0.003852 0.010585
v 0.012049 0.003930 0.010484
v 0.013321 0.004062 0.010255
v 0.019542 0.008284 0.011630
v 0.012644 0.004586 0.010751
v 0.013850 0.004767 0.010593
v 0.015172 0.004935 0.010359
v 0.013000 0.005366 0.011135
v 0.014180 0.005540 0.011011
v 0.015413 0.005673 0.010826
v 0.013146 0.006303 0.011614
v 0.014347 0.006415 0.011491
v 0.015570 0.006499 0.011325
v 0.014386 0.007382 0.011995
v 0.013078 0.007337 0.012122
v 0.014725 0.004238 0.009954
v 0.011654 0.004348 0.010804
v 0.011949 0.005112 0.011169
v 0.012069 0.006165 0.011683
v 0.011858 0.007308 0.012220
v 0.021436 0.008466 0.011079
v 0.020414 0.007744 0.010952
v 0.004254 0.018746 0.014546
v 0.004109 0.019345 0.014459
v 0.019397 0.014406 0.014000
v 0.013454 0.018000 0.014926
v 0.010616 0.018433 0.014867
v 0.016014 0.004996 0.010146
v 0.015440 0.004256 0.009708
v 0.014465 0.003809 0.009692
v 0.020680 0.013974 0.013632
v 0.016797 0.014189 0.014288
v 0.017394 0.014163 0.014229
v 0.003695 0.004133 0.011174
v 0.003556 0.018243 0.014659
v 0.004092 0.018400 0.014603
v 0.004002 0.022126 0.013669
v 0.015939 0.016938 0.014759
v 0.017423 0.007654 0.011689
v 0.016904 0.007661 0.011784
v 0.016557 0.007278 0.011618
v 0.016376 0.006526 0.011180
v 0.006834 0.009660 0.013249
v 0.018247 0.014382 0.014175
v 0.011263 0.004972 0.011197
v 0.011370 0.006066 0.011715
v 0.016382 0.015296 0.014529
v 0.016494 0.014615 0.014400
v -0.001787 0.014040 0.014433
v 0.007024 0.024447 0.012454
v 0.003463 0.005087 0.011565
v 0.000860 0.017914 0.014858
v 0.002355 0.018126 0.014763
v -0.001518 0.005880 0.011469
v -0.001302 0.016570 0.014843
v -0.000965 0.017221 0.014891
v 0.005740 0.024049 0.012478
v 0.015468 0.017477 0.014828
v 0.010461 0.018820 0.014841
v 0.003824 0.020184 0.014311
v 0.003743 0.021115 0.014065
v 0.010919 0.020436 0.014698
v 0.010648 0.019383 0.014809
v 0.022478 0.010767 0.012024
v 0.022177 0.009543 0.011499
v 0.002267 0.003511 0.010769
v 0.021734 0.013118 0.013127
v 0.022327 0.012033 0.012595
v -0.001988 0.011244 0.013644
v 0.012987 0.003571 0.010006
v 0.011614 0.003457 0.010293
v 0.009435 0.009121 0.013032
v 0.008111 0.009635 0.013230
v 0.014604 0.017817 0.014890
v 0.003852 0.003606 0.010955
v 0.016224 0.016158 0.014660
v -0.000280 0.017649 0.014896
v 0.000851 0.003707 0.010685
v 0.019236 0.007440 0.011128
v 0.018168 0.007464 0.011421
v 0.016230 0.005733 0.010664
v -0.000331 0.003935 0.010612
v -0.000900 0.004221 0.010665
v -0.001229 0.004835 0.010954
v 0.003731 0.003385 0.010848
v 0.003264 0.003363 0.010799
v 0.011022 0.003532 0.010461
v 0.010905 0.003784 0.010623
v 0.011008 0.004221 0.010843
v -0.001755 0.007276 0.012114
v -0.001926 0.009164 0.012897
v -0.001567 0.015399 0.014695
v 0.004667 0.023063 0.013144
v 0.011087 0.007239 0.012250
v 0.010251 0.022992 0.013992
v 0.010836 0.021784 0.014429
v 0.008498 0.024364 0.012989
v 0.009378 0.023911 0.013449
v 0.005599 0.009261 0.013127
v 0.004559 0.008491 0.012871
v 0.010495 0.008244 0.012678
v 0.003805 0.007436 0.012491
v 0.003447 0.006259 0.012038
v -0.001917 0.012855 0.014133
v 0.011450 0.018202 0.014904
v 0.012488 0.018104 0.014927
v 0.005138 0.023671 0.012748
v 0.006370 0.024292 0.012388
v 0.007711 0.024497 0.012659
v 0.002813 0.005112 0.011541
v 0.015691 0.008445 0.012362
v 0.015703 0.007380 0.011811
v 0.003286 0.009386 0.013153
v 0.002993 0.007654 0.012549
v -0.000717 0.006062 0.011661
v -0.000509 0.005003 0.011162
v 0.005400 0.018749 0.014498
v 0.003103 0.004103 0.011120
v 0.003467 0.003589 0.010919
v 0.001804 0.005166 0.011495
v 0.000633 0.005148 0.011379
v 0.002756 0.006327 0.012038
v 0.001691 0.006362 0.011996
v 0.000497 0.006286 0.011881
v -0.000884 0.007460 0.012273
v 0.000438 0.007703 0.012459
v 0.001742 0.007773 0.012549
v 0.012403 0.017517 0.014910
v 0.002094 0.004156 0.011058
v 0.000796 0.004263 0.010964
v -0.000338 0.004316 0.010823
v 0.001860 0.009442 0.013146
v 0.000442 0.009382 0.013086
v -0.000991 0.009251 0.012982
v 0.014120 0.009665 0.013027
v 0.014003 0.010910 0.013495
v 0.014028 0.012159 0.013902
v 0.015593 0.009802 0.012976
v 0.015622 0.011210 0.013513
v 0.015829 0.012657 0.013968
v 0.010542 0.009342 0.013077
v 0.009603 0.010118 0.013363
v 0.009586 0.011150 0.013687
v 0.012422 0.009497 0.013059
v 0.012049 0.010569 0.013454
v 0.012025 0.011720 0.013826
v 0.006556 0.011884 0.013882
v 0.008284 0.012208 0.013980
v 0.005216 0.013109 0.014177
v 0.006929 0.013331 0.014234
v 0.008728 0.013554 0.014308
v 0.005333 0.014427 0.014443
v 0.007089 0.014570 0.014480
v 0.008912 0.014705 0.014539
v 0.005376 0.015565 0.014598
v 0.007154 0.015651 0.014627
v 0.008991 0.015728 0.014691
v 0.005366 0.016599 0.014656
v 0.007195 0.016624 0.014691
v 0.009093 0.016667 0.014777
v 0.005561 0.022850 0.013189
v 0.005266 0.018213 0.014572
v 0.011140 0.017573 0.014889
v 0.007249 0.017490 0.014690
v 0.009327 0.017551 0.014814
v 0.007298 0.018194 0.014645
v 0.009366 0.018252 0.014801
v 0.007416 0.010681 0.013556
v 0.005916 0.010272 0.013436
v 0.004615 0.009665 0.013252
v 0.009413 0.019497 0.014694
v 0.009573 0.020456 0.014555
v 0.009500 0.021601 0.014280
v 0.009108 0.022664 0.013872
v 0.008540 0.023510 0.013400
v 0.005725 0.023443 0.012869
v 0.006216 0.023999 0.012566
v 0.007096 0.023073 0.013257
v 0.005191 0.022074 0.013558
v 0.007194 0.022278 0.013625
v 0.005056 0.021136 0.013918
v 0.007307 0.021330 0.013993
v 0.005133 0.020258 0.014181
v 0.007365 0.020379 0.014274
v 0.005319 0.019429 0.014373
v 0.007366 0.019524 0.014465
v 0.007338 0.018816 0.014577
v 0.009284 0.018827 0.014757
v 0.007000 0.023676 0.012923
v 0.007974 0.024020 0.013004
v 0.006984 0.024136 0.012652
v 0.007579 0.024256 0.012752
v 0.021964 0.009183 0.009977
v 0.021513 0.008646 0.009788
v 0.020983 0.008191 0.009669
v 0.020407 0.007859 0.009646
v 0.019794 0.007643 0.009711
v 0.003962 0.018877 0.013394
v 0.003992 0.019020 0.013373
v 0.003957 0.019234 0.013345
v 0.003845 0.019549 0.013301
v 0.003695 0.019944 0.013242
v 0.018751 0.014902 0.012963
v 0.019390 0.014871 0.012850
v 0.020065 0.014716 0.012685
v 0.012916 0.018499 0.013748
v 0.013435 0.018441 0.013745
v 0.014016 0.018360 0.013733
v 0.010664 0.018924 0.013676
v 0.010758 0.018802 0.013686
v 0.011012 0.018708 0.013700
v 0.016303 0.005624 0.009173
v 0.016154 0.005220 0.008885
v 0.015903 0.004804 0.008605
v 0.015513 0.004433 0.008418
v 0.015021 0.004130 0.008338
v 0.014440 0.003928 0.008390
v 0.013745 0.003782 0.008532
v 0.020734 0.014415 0.012464
v 0.021338 0.013999 0.012205
v 0.016744 0.014735 0.013167
v 0.016882 0.014608 0.013129
v 0.017082 0.014573 0.013104
v 0.017352 0.014632 0.013089
v 0.017715 0.014742 0.013073
v 0.003728 0.004834 0.010187
v 0.003855 0.004408 0.010013
v 0.003962 0.004072 0.009875
v 0.002993 0.018643 0.013503
v 0.003461 0.018682 0.013459
v 0.003733 0.018714 0.013435
v 0.003885 0.018777 0.013414
v 0.003563 0.021894 0.012727
v 0.003743 0.022440 0.012494
v 0.003999 0.022959 0.012229
v 0.015864 0.017597 0.013605
v 0.016087 0.017280 0.013567
v 0.016257 0.016902 0.013521
v 0.017646 0.007620 0.010281
v 0.017335 0.007713 0.010402
v 0.017109 0.007766 0.010474
v 0.016933 0.007744 0.010493
v 0.016799 0.007642 0.010454
v 0.016703 0.007457 0.010359
v 0.016623 0.007165 0.010195
v 0.016540 0.006759 0.009947
v 0.016460 0.006337 0.009671
v 0.007388 0.009730 0.012005
v 0.006793 0.009694 0.011998
v 0.006202 0.009564 0.011959
v 0.018185 0.014846 0.013034
v 0.010891 0.004813 0.009852
v 0.011022 0.005232 0.010047
v 0.011116 0.005731 0.010280
v 0.011124 0.006290 0.010540
v 0.011035 0.006867 0.010805
v 0.016495 0.015996 0.013399
v 0.016558 0.015577 0.013332
v 0.016604 0.015222 0.013270
v 0.016658 0.014941 0.013214
v -0.002113 0.013730 0.013111
v -0.002044 0.014308 0.013249
v -0.001951 0.014942 0.013384
v 0.006656 0.024731 0.011146
v 0.006991 0.024806 0.011194
v 0.007334 0.024850 0.011280
v 0.003581 0.005909 0.010623
v 0.003627 0.005348 0.010396
v 0.000153 0.018227 0.013701
v 0.000784 0.018354 0.013673
v 0.001505 0.018467 0.013629
v 0.002293 0.018568 0.013567
v -0.001612 0.005520 0.009954
v -0.001760 0.006094 0.010238
v -0.001893 0.006749 0.010553
v -0.001677 0.016379 0.013611
v -0.001543 0.016884 0.013665
v -0.001386 0.017257 0.013696
v -0.001163 0.017586 0.013715
v -0.000840 0.017864 0.013721
v 0.005277 0.024211 0.011355
v 0.005605 0.024383 0.011226
v 0.005944 0.024524 0.011148
v 0.015151 0.018085 0.013677
v 0.015563 0.017866 0.013641
v 0.010704 0.019279 0.013658
v 0.010647 0.019075 0.013667
v 0.003560 0.020402 0.013160
v 0.003475 0.020885 0.013050
v 0.003474 0.021378 0.012909
v 0.011139 0.021388 0.013418
v 0.011110 0.020662 0.013538
v 0.010987 0.020020 0.013610
v 0.010831 0.019572 0.013641
v 0.022607 0.011686 0.011060
v 0.022626 0.011023 0.010761
v 0.022522 0.010377 0.010475
v 0.022298 0.009762 0.010211
v 0.002787 0.003494 0.009519
v 0.002215 0.003574 0.009494
v 0.001535 0.003670 0.009456
v 0.021829 0.013507 0.011935
v 0.022204 0.012950 0.011651
v 0.022466 0.012336 0.011358
v -0.002234 0.010474 0.012099
v -0.002247 0.011495 0.012453
v -0.002224 0.012389 0.012737
v 0.012925 0.003661 0.008718
v 0.012128 0.003575 0.008891
v 0.011506 0.003534 0.009022
v 0.011083 0.003555 0.009128
v 0.009847 0.008804 0.011635
v 0.009256 0.009212 0.011798
v 0.008600 0.009529 0.011921
v 0.007981 0.009690 0.011985
v 0.014614 0.018246 0.013709
v 0.004005 0.003816 0.009767
v 0.003960 0.003627 0.009682
v 0.016395 0.016456 0.013465
v -0.000395 0.018072 0.013716
v 0.000791 0.003780 0.009406
v 0.000101 0.003901 0.009356
v 0.019175 0.007522 0.009824
v 0.018584 0.007486 0.009971
v 0.018066 0.007532 0.010131
v 0.016391 0.005976 0.009423
v -0.000427 0.004032 0.009331
v -0.000804 0.004182 0.009342
v -0.001074 0.004367 0.009395
v -0.001277 0.004635 0.009513
v -0.001453 0.005026 0.009704
v 0.003813 0.003494 0.009613
v 0.003569 0.003428 0.009563
v 0.003233 0.003436 0.009536
v 0.010841 0.003650 0.009231
v 0.010723 0.003802 0.009338
v 0.010676 0.003990 0.009450
v 0.010692 0.004215 0.009568
v 0.010771 0.004481 0.009697
v -0.002006 0.007499 0.010897
v -0.002101 0.008377 0.011280
v -0.002182 0.009399 0.011694
v -0.001820 0.015682 0.013514
v 0.004304 0.023398 0.011964
v 0.004628 0.023744 0.011724
v 0.010849 0.007417 0.011050
v 0.010592 0.007924 0.011268
v 0.009961 0.023882 0.012526
v 0.010404 0.023349 0.012805
v 0.010773 0.022734 0.013058
v 0.011024 0.022083 0.013259
v 0.008121 0.024830 0.011573
v 0.008550 0.024746 0.011764
v 0.008999 0.024583 0.011978
v 0.009480 0.024297 0.012239
v 0.005631 0.009314 0.011880
v 0.005107 0.008974 0.011769
v 0.004651 0.008574 0.011632
v 0.004268 0.008115 0.011469
v 0.010278 0.008378 0.011459
v 0.003959 0.007595 0.011278
v 0.003737 0.007040 0.011068
v 0.003613 0.006476 0.010849
v -0.002175 0.013117 0.012948
v 0.011479 0.018640 0.013719
v 0.012013 0.018590 0.013735
v 0.012471 0.018546 0.013743
v 0.004955 0.024018 0.011515
v 0.006306 0.024639 0.011126
v 0.007717 0.024857 0.011418
v 0.011535 0.016524 0.013624
v 0.011578 0.016954 0.013665
v 0.011659 0.017380 0.013697
v 0.011506 0.015620 0.013506
v 0.011516 0.016081 0.013571
v 0.011475 0.014655 0.013335
v 0.011498 0.015148 0.013427
v 0.011336 0.013575 0.013094
v 0.011424 0.014131 0.013223
v 0.011030 0.012352 0.012770
v 0.011208 0.012982 0.012943
v 0.010724 0.011103 0.012396
v 0.010825 0.011702 0.012581
v 0.002967 0.016228 0.013502
v 0.002986 0.016758 0.013539
v 0.003005 0.017269 0.013554
v 0.002911 0.015086 0.013361
v 0.002943 0.015677 0.013444
v 0.002842 0.013811 0.013120
v 0.002882 0.014475 0.013253
v 0.002743 0.012331 0.012764
v 0.002799 0.013105 0.012958
v 0.002605 0.010596 0.012267
v 0.002678 0.011493 0.012535
v 0.002444 0.008779 0.011664
v 0.002531 0.009670 0.011969
v 0.014437 0.016630 0.013603
v 0.014342 0.016998 0.013643
v 0.014228 0.017340 0.013676
v 0.014587 0.015811 0.013490
v 0.014519 0.016229 0.013552
v 0.014691 0.014976 0.013342
v 0.014643 0.015394 0.013421
v 0.014813 0.014151 0.013161
v 0.014745 0.014563 0.013255
v 0.014940 0.013235 0.012921
v 0.014895 0.013724 0.013053
v 0.014839 0.011977 0.012546
v 0.014904 0.012637 0.012749
v 0.014100 0.017660 0.013701
v 0.014005 0.017941 0.013718
v 0.013400 0.009250 0.011624
v 0.013527 0.008680 0.011378
v 0.013625 0.008131 0.011128
v 0.011787 0.017789 0.013718
v 0.011908 0.018137 0.013730
v 0.022128 0.011691 0.011261
v 0.021643 0.011863 0.011503
v 0.021039 0.012103 0.011773
v 0.022031 0.010412 0.010720
v 0.021496 0.010488 0.010969
v 0.020834 0.010600 0.011239
v 0.020401 0.009208 0.010620
v 0.021033 0.009224 0.010416
v 0.021538 0.009246 0.010231
v 0.017549 0.012600 0.012556
v 0.017009 0.012504 0.012577
v 0.016398 0.012363 0.012581
v 0.017359 0.010965 0.012005
v 0.016810 0.010915 0.012035
v 0.016215 0.010838 0.012056
v 0.017217 0.009462 0.011366
v 0.016739 0.009433 0.011407
v 0.016208 0.009388 0.011445
v 0.018620 0.012662 0.012447
v 0.018079 0.012656 0.012517
v 0.018412 0.010951 0.011877
v 0.017884 0.010977 0.011951
v 0.018132 0.009393 0.011209
v 0.017673 0.009443 0.011299
v 0.019794 0.012506 0.012201
v 0.019192 0.012610 0.012345
v 0.019547 0.010818 0.011639
v 0.018967 0.010903 0.011775
v 0.019171 0.009268 0.010960
v 0.018632 0.009330 0.011096
v 0.020412 0.012330 0.012011
v 0.020171 0.010704 0.011462
v 0.019760 0.009224 0.010805
v 0.016280 0.011587 0.012328
v 0.016192 0.010104 0.011762
v 0.016363 0.008023 0.010742
v 0.016265 0.008687 0.011103
v 0.017281 0.010199 0.011696
v 0.017449 0.011763 0.012292
v 0.017732 0.014127 0.012942
v 0.017658 0.013441 0.012783
v 0.018530 0.011788 0.012177
v 0.018282 0.010158 0.011554
v 0.017813 0.008117 0.010560
v 0.017967 0.008672 0.010852
v 0.019378 0.010032 0.011314
v 0.019683 0.011636 0.011934
v 0.019939 0.014099 0.012588
v 0.019874 0.013383 0.012432
v 0.020961 0.011337 0.011517
v 0.020647 0.009892 0.010938
v 0.019879 0.008070 0.010012
v 0.020108 0.008570 0.010296
v 0.021084 0.012869 0.011996
v 0.021132 0.013483 0.012145
v 0.018934 0.008542 0.010589
v 0.018733 0.007976 0.010273
v 0.018691 0.013546 0.012682
v 0.018735 0.014269 0.012843
v 0.017163 0.008785 0.011034
v 0.017125 0.008257 0.010756
v 0.011856 0.004407 0.009469
v 0.011589 0.004131 0.009361
v 0.011348 0.003897 0.009274
v 0.012906 0.004567 0.009337
v 0.012575 0.004231 0.009203
v 0.012297 0.003946 0.009089
v 0.014267 0.004732 0.009093
v 0.014026 0.004395 0.008915
v 0.013831 0.004118 0.008767
v 0.012267 0.005077 0.009773
v 0.012083 0.004720 0.009605
v 0.013385 0.005300 0.009686
v 0.013179 0.004924 0.009499
v 0.014639 0.005474 0.009514
v 0.014476 0.005097 0.009296
v 0.012510 0.005966 0.010213
v 0.012413 0.005494 0.009978
v 0.013640 0.006138 0.010127
v 0.013537 0.005703 0.009897
v 0.014854 0.006260 0.009975
v 0.014761 0.005855 0.009739
v 0.012508 0.007020 0.010733
v 0.012543 0.006481 0.010470
v 0.013714 0.007098 0.010626
v 0.013699 0.006606 0.010373
v 0.014980 0.007168 0.010480
v 0.014926 0.006704 0.010226
v 0.015011 0.007633 0.010725
v 0.015009 0.008134 0.010980
v 0.013689 0.007606 0.010877
v 0.012406 0.007562 0.010989
v 0.012248 0.008098 0.011234
v 0.014316 0.008144 0.011063
v 0.012932 0.008112 0.011184
v 0.011091 0.008072 0.011300
v 0.011603 0.008094 0.011277
v 0.014343 0.007135 0.010558
v 0.013098 0.007059 0.010684
v 0.011529 0.006950 0.010799
v 0.011966 0.006985 0.010773
v 0.013060 0.006061 0.010180
v 0.014241 0.006204 0.010058
v 0.015947 0.006330 0.009788
v 0.015454 0.006303 0.009879
v 0.012808 0.005201 0.009743
v 0.013999 0.005389 0.009608
v 0.015792 0.005612 0.009312
v 0.015273 0.005554 0.009410
v 0.012336 0.004489 0.009418
v 0.013567 0.004648 0.009226
v 0.015454 0.004857 0.008815
v 0.014934 0.004811 0.008951
v 0.011454 0.004318 0.009495
v 0.011132 0.004248 0.009513
v 0.011768 0.004932 0.009780
v 0.011363 0.004819 0.009785
v 0.012008 0.005854 0.010227
v 0.011600 0.005764 0.010237
v 0.015602 0.007195 0.010395
v 0.016109 0.007205 0.010315
v 0.021162 0.008729 0.010016
v 0.020847 0.008386 0.009887
v 0.020445 0.008221 0.009926
v 0.004571 0.018734 0.013373
v 0.004626 0.018979 0.013338
v 0.004601 0.019273 0.013290
v 0.004498 0.019626 0.013233
v 0.004360 0.020033 0.013157
v 0.019320 0.014237 0.012739
v 0.012891 0.018056 0.013738
v 0.013425 0.018006 0.013733
v 0.010025 0.018804 0.013646
v 0.010155 0.018564 0.013663
v 0.010470 0.018275 0.013685
v 0.015662 0.005233 0.009057
v 0.015162 0.004529 0.008641
v 0.014892 0.004317 0.008556
v 0.014483 0.004225 0.008628
v 0.020559 0.013839 0.012386
v 0.016226 0.014470 0.013153
v 0.016432 0.014217 0.013081
v 0.016739 0.013917 0.012987
v 0.017295 0.014008 0.012960
v 0.003266 0.004793 0.010144
v 0.003406 0.004355 0.009963
v 0.003535 0.004042 0.009835
v 0.003033 0.018169 0.013534
v 0.003590 0.018210 0.013493
v 0.004190 0.018269 0.013446
v 0.004443 0.018525 0.013407
v 0.004231 0.021825 0.012650
v 0.004379 0.022319 0.012442
v 0.004615 0.022775 0.012216
v 0.015398 0.017382 0.013623
v 0.015575 0.017097 0.013589
v 0.015715 0.016754 0.013548
v 0.017452 0.008211 0.010677
v 0.016794 0.008202 0.010778
v 0.016202 0.007588 0.010523
v 0.016025 0.006766 0.010059
v 0.007915 0.010360 0.012199
v 0.006969 0.010279 0.012179
v 0.006267 0.010128 0.012135
v 0.018204 0.014224 0.012906
v 0.011501 0.005247 0.009988
v 0.011614 0.006347 0.010515
v 0.015923 0.015911 0.013431
v 0.015984 0.015498 0.013364
v 0.016035 0.015117 0.013294
v 0.016103 0.014770 0.013224
v -0.001532 0.013687 0.013111
v -0.001466 0.014270 0.013250
v -0.001379 0.014896 0.013381
v 0.006642 0.024486 0.011309
v 0.006970 0.024554 0.011356
v 0.007292 0.024602 0.011429
v 0.003101 0.005924 0.010610
v 0.003155 0.005331 0.010367
v 0.000233 0.017795 0.013693
v 0.000849 0.017902 0.013672
v 0.001554 0.018003 0.013637
v 0.002323 0.018097 0.013588
v -0.001120 0.005625 0.010088
v -0.001247 0.006187 0.010358
v -0.001363 0.006837 0.010659
v -0.001134 0.016265 0.013598
v -0.001022 0.016745 0.013651
v -0.000903 0.017095 0.013680
v -0.000755 0.017392 0.013699
v -0.000611 0.017599 0.013707
v 0.005601 0.024043 0.011469
v 0.005865 0.024235 0.011346
v 0.006053 0.024362 0.011278
v 0.014963 0.017801 0.013674
v 0.015175 0.017627 0.013652
v 0.010054 0.019350 0.013609
v 0.009997 0.019062 0.013628
v 0.004239 0.020461 0.013066
v 0.004167 0.020902 0.012956
v 0.004163 0.021358 0.012819
v 0.010427 0.021336 0.013350
v 0.010406 0.020694 0.013467
v 0.010305 0.020117 0.013544
v 0.010170 0.019683 0.013585
v 0.022132 0.011043 0.010989
v 0.021834 0.009811 0.010462
v 0.002857 0.003919 0.009724
v 0.002192 0.004010 0.009702
v 0.001520 0.004093 0.009667
v 0.021611 0.013082 0.011895
v 0.021917 0.012760 0.011702
v 0.022033 0.012315 0.011520
v -0.001655 0.010476 0.012126
v -0.001662 0.011466 0.012464
v -0.001638 0.012341 0.012738
v 0.013049 0.004019 0.008936
v 0.011726 0.003906 0.009198
v 0.010343 0.009041 0.011702
v 0.009762 0.009494 0.011881
v 0.009121 0.009864 0.012022
v 0.008519 0.010104 0.012111
v 0.014573 0.017861 0.013695
v 0.003621 0.003862 0.009761
v 0.003666 0.003772 0.009725
v 0.015832 0.016345 0.013495
v -0.000283 0.017683 0.013704
v 0.000806 0.004180 0.009618
v 0.000150 0.004267 0.009566
v 0.019292 0.007987 0.010135
v 0.018238 0.008028 0.010419
v 0.015877 0.005961 0.009547
v -0.000341 0.004345 0.009525
v -0.000618 0.004393 0.009501
v -0.000731 0.004536 0.009562
v -0.000859 0.004783 0.009677
v -0.000989 0.005150 0.009857
v 0.003569 0.003738 0.009702
v 0.003461 0.003694 0.009674
v 0.003270 0.003751 0.009684
v 0.011129 0.003917 0.009328
v 0.011020 0.003947 0.009365
v 0.011063 0.004064 0.009423
v 0.011235 0.004492 0.009630
v -0.001461 0.007580 0.010988
v -0.001543 0.008443 0.011351
v -0.001612 0.009436 0.011743
v -0.001261 0.015605 0.013506
v 0.005215 0.023328 0.011891
v 0.005112 0.023484 0.011816
v 0.005060 0.023641 0.011730
v 0.011347 0.007531 0.011063
v 0.009444 0.023587 0.012518
v 0.009810 0.023097 0.012776
v 0.010117 0.022538 0.013007
v 0.010328 0.021952 0.013197
v 0.007938 0.024551 0.011664
v 0.008279 0.024446 0.011828
v 0.008651 0.024263 0.012027
v 0.009047 0.023979 0.012261
v 0.005616 0.009868 0.012056
v 0.005013 0.009523 0.011947
v 0.004465 0.009123 0.011815
v 0.003835 0.008609 0.011634
v 0.010774 0.008569 0.011509
v 0.003461 0.007791 0.011338
v 0.003243 0.007151 0.011096
v 0.003127 0.006534 0.010855
v -0.001591 0.013066 0.012947
v 0.011281 0.018185 0.013716
v 0.012415 0.018097 0.013737
v 0.005312 0.023816 0.011608
v 0.006306 0.024413 0.011283
v 0.007615 0.024610 0.011528
v 0.021817 0.009229 0.010082
v 0.020911 0.008286 0.009779
v 0.019793 0.007791 0.009831
v 0.004166 0.018793 0.013390
v 0.004184 0.019248 0.013323
v 0.003917 0.019988 0.013208
v 0.018749 0.014679 0.012923
v 0.020001 0.014503 0.012657
v 0.012897 0.018301 0.013745
v 0.013987 0.018167 0.013728
v 0.010448 0.018856 0.013667
v 0.010881 0.018532 0.013699
v 0.016110 0.005628 0.009235
v 0.015746 0.004847 0.008703
v 0.014960 0.004232 0.008453
v 0.013753 0.003923 0.008644
v 0.021221 0.013824 0.012201
v 0.016568 0.014609 0.013156
v 0.017022 0.014353 0.013062
v 0.017742 0.014522 0.013025
v 0.003527 0.004804 0.010164
v 0.003764 0.004061 0.009858
v 0.003020 0.018445 0.013519
v 0.003848 0.018537 0.013444
v 0.003787 0.021849 0.012706
v 0.004234 0.022866 0.012230
v 0.015698 0.017474 0.013610
v 0.016056 0.016827 0.013531
v 0.017712 0.007800 0.010381
v 0.017111 0.007948 0.010582
v 0.016653 0.007762 0.010551
v 0.016424 0.007192 0.010249
v 0.016258 0.006339 0.009722
v 0.007444 0.009939 0.012071
v 0.006164 0.009766 0.012023
v 0.011089 0.004789 0.009811
v 0.011320 0.005731 0.010255
v 0.011239 0.006910 0.010806
v 0.016281 0.015955 0.013411
v 0.016391 0.015172 0.013278
v -0.001895 0.013709 0.013110
v -0.001735 0.014913 0.013381
v 0.006664 0.024621 0.011223
v 0.007314 0.024732 0.011351
v 0.003375 0.005912 0.010617
v 0.000203 0.018036 0.013698
v 0.001533 0.018269 0.013635
v -0.001416 0.005558 0.010008
v -0.001685 0.006774 0.010591
v -0.001468 0.016326 0.013606
v -0.001200 0.017165 0.013688
v -0.000724 0.017713 0.013714
v 0.005397 0.024118 0.011415
v 0.006005 0.024432 0.011221
v 0.015061 0.017919 0.013674
v 0.010480 0.019314 0.013641
v 0.003706 0.020893 0.013016
v 0.010905 0.021369 0.013397
v 0.010762 0.020067 0.013586
v 0.022421 0.011651 0.011125
v 0.022342 0.010383 0.010564
v 0.002801 0.003673 0.009604
v 0.001549 0.003847 0.009548
v 0.022049 0.012850 0.011681
v -0.002016 0.010475 0.012110
v -0.002005 0.012375 0.012739
v 0.012167 0.003737 0.008988
v 0.011189 0.003712 0.009198
v 0.010008 0.008935 0.011676
v 0.008716 0.009701 0.011976
v 0.003792 0.003715 0.009709
v 0.000135 0.004063 0.009452
v 0.018628 0.007659 0.010082
v -0.000712 0.004303 0.009431
v -0.001112 0.004709 0.009587
v 0.003509 0.003587 0.009630
v 0.010892 0.003881 0.009352
v 0.010891 0.004218 0.009538
v -0.001887 0.008393 0.011303
v 0.004833 0.023657 0.011745
v 0.010781 0.008010 0.011293
v 0.009793 0.023751 0.012538
v 0.010560 0.022646 0.013048
v 0.008060 0.024693 0.011627
v 0.008886 0.024436 0.012014
v 0.005005 0.009151 0.011827
v 0.004097 0.008246 0.011513
v 0.003535 0.007093 0.011083
v 0.011977 0.018392 0.013735
v 0.015694 0.008096 0.010874
v 0.016573 0.013158 0.012803
v 0.006274 0.018726 0.013366
v 0.005315 0.018716 0.013352
v -0.000300 0.008669 0.011518
v -0.000983 0.008549 0.011432
v 0.004060 0.010690 0.012302
v 0.003938 0.009670 0.011988
v -0.000223 0.007101 0.010887
v -0.000849 0.006961 0.010769
v 0.002224 0.005975 0.010585
v 0.002710 0.005950 0.010601
v 0.000076 0.004903 0.009889
v -0.000453 0.004853 0.009784
v 0.003248 0.004007 0.009797
v 0.003129 0.008687 0.011649
v 0.001762 0.008818 0.011658
v 0.001080 0.008806 0.011631
v 0.000394 0.008757 0.011585
v 0.002799 0.007215 0.011105
v 0.002250 0.007266 0.011103
v 0.001659 0.007282 0.011081
v 0.001046 0.007262 0.011040
v 0.000418 0.007203 0.010977
v -0.000653 0.005734 0.010211
v -0.000081 0.005849 0.010335
v 0.000517 0.005927 0.010434
v 0.001111 0.005969 0.010504
v 0.001685 0.005983 0.010554
v 0.002897 0.004811 0.010128
v 0.002430 0.004846 0.010110
v 0.001891 0.004881 0.010081
v 0.001298 0.004908 0.010037
v 0.000678 0.004919 0.009974
v 0.002299 0.005389 0.010339
v 0.001189 0.005412 0.010262
v 0.000002 0.005338 0.010098
v 0.002209 0.006600 0.010839
v 0.001063 0.006584 0.010764
v -0.000158 0.006436 0.010599
v -0.000268 0.007845 0.011194
v 0.001055 0.008002 0.011330
v 0.002340 0.007983 0.011376
v 0.002614 0.004355 0.009903
v 0.001424 0.004456 0.009834
v 0.000129 0.004545 0.009711
v 0.003025 0.017760 0.013550
v 0.001152 0.010549 0.012233
v 0.001114 0.009668 0.011936
v 0.000193 0.017076 0.013660
v 0.000227 0.017468 0.013682
v -0.000319 0.009566 0.011853
v -0.000322 0.010491 0.012179
v -0.000307 0.011389 0.012475
v -0.000276 0.012225 0.012730
v -0.000234 0.012975 0.012941
v -0.000184 0.013657 0.013115
v -0.000129 0.014294 0.013260
v -0.000065 0.014923 0.013384
v 0.000008 0.015553 0.013491
v 0.000082 0.016143 0.013572
v 0.000144 0.016643 0.013625
v 0.004332 0.017801 0.013472
v 0.004433 0.017317 0.013486
v 0.004486 0.016819 0.013483
v 0.004503 0.016304 0.013461
v 0.004499 0.015768 0.013416
v 0.004485 0.015204 0.013348
v 0.004459 0.014595 0.013252
v 0.004420 0.013955 0.013128
v 0.004361 0.013251 0.012974
v 0.004281 0.012483 0.012789
v 0.004179 0.011633 0.012568
v 0.012909 0.017733 0.013724
v 0.012940 0.017358 0.013702
v 0.012972 0.016967 0.013670
v 0.013005 0.016565 0.013630
v 0.013041 0.016145 0.013578
v 0.013073 0.015715 0.013515
v 0.013101 0.015274 0.013442
v 0.013122 0.014818 0.013356
v 0.013135 0.014349 0.013257
v 0.013135 0.013856 0.013142
v 0.013115 0.013338 0.013010
v 0.013077 0.012782 0.012858
v 0.001561 0.017621 0.013636
v 0.001555 0.017160 0.013622
v 0.001532 0.016671 0.013591
v 0.001499 0.016151 0.013542
v 0.001460 0.015589 0.013471
v 0.001415 0.014993 0.013378
v 0.001372 0.014370 0.013260
v 0.001329 0.013707 0.013118
v 0.001285 0.012999 0.012947
v 0.001239 0.012234 0.012744
v 0.001194 0.011413 0.012505
v 0.003698 0.017306 0.013518
v 0.003719 0.016272 0.013481
v 0.003686 0.015144 0.013353
v 0.003619 0.013877 0.013122
v 0.003507 0.012398 0.012774
v 0.003338 0.010617 0.012278
v 0.000855 0.017111 0.013644
v 0.000786 0.016130 0.013557
v 0.000676 0.014954 0.013382
v 0.000575 0.013671 0.013116
v 0.000486 0.012212 0.012735
v 0.000421 0.010517 0.012207
v 0.013575 0.017347 0.013693
v 0.013719 0.016592 0.013621
v 0.013831 0.015763 0.013508
v 0.013913 0.014898 0.013354
v 0.013984 0.013997 0.013154
v 0.014017 0.012991 0.012889
v -0.000419 0.017068 0.013672
v -0.000591 0.016195 0.013587
v -0.000790 0.014901 0.013384
v -0.000928 0.013665 0.013113
v -0.001027 0.012279 0.012734
v -0.001057 0.010478 0.012151
v 0.014876 0.017344 0.013649
v 0.015142 0.016686 0.013576
v 0.015326 0.015863 0.013462
v 0.015439 0.015051 0.013320
v 0.015605 0.014312 0.013158
v 0.015856 0.013531 0.012953
v 0.006216 0.017308 0.013476
v 0.005283 0.017313 0.013468
v 0.006221 0.016362 0.013460
v 0.005339 0.016333 0.013453
v 0.006192 0.015312 0.013358
v 0.005321 0.015256 0.013348
v 0.006104 0.014130 0.013160
v 0.005247 0.014034 0.013139
v 0.005891 0.012738 0.012847
v 0.005075 0.012602 0.012814
v 0.005472 0.011093 0.012416
v 0.004762 0.010863 0.012352
v 0.002283 0.017218 0.013591
v 0.002228 0.016186 0.013523
v 0.002158 0.015038 0.013370
v 0.002082 0.013756 0.013119
v 0.001990 0.012276 0.012754
v 0.001878 0.010578 0.012254
v 0.012316 0.017369 0.013703
v 0.012285 0.016540 0.013631
v 0.012304 0.015669 0.013515
v 0.012312 0.014736 0.013349
v 0.012253 0.013716 0.013122
v 0.012090 0.012573 0.012819
v 0.014963 0.008710 0.011260
v 0.014899 0.009334 0.011544
v 0.014843 0.009983 0.011819
v 0.014813 0.010641 0.012077
v 0.014807 0.011304 0.012320
v 0.013026 0.012188 0.012683
v 0.013003 0.011582 0.012492
v 0.013039 0.010992 0.012293
v 0.013131 0.010412 0.012085
v 0.013262 0.009827 0.011859
v 0.012039 0.008626 0.011463
v 0.011772 0.009146 0.011680
v 0.011446 0.009661 0.011885
v 0.011113 0.010149 0.012069
v 0.010839 0.010607 0.012232
v 0.014169 0.009296 0.011588
v 0.014010 0.010528 0.012082
v 0.013960 0.011780 0.012520
v 0.015586 0.009359 0.011493
v 0.015550 0.010746 0.012069
v 0.015664 0.012179 0.012568
v 0.010971 0.009103 0.011700
v 0.010000 0.010011 0.012053
v 0.009351 0.010772 0.012312
v 0.012597 0.009196 0.011654
v 0.012171 0.010283 0.012079
v 0.011938 0.011366 0.012454
v 0.010924 0.017386 0.013682
v 0.010089 0.017386 0.013656
v 0.009153 0.017362 0.013615
v 0.008166 0.017333 0.013564
v 0.007181 0.017316 0.013512
v 0.010739 0.016505 0.013609
v 0.009890 0.016479 0.013586
v 0.008992 0.016449 0.013555
v 0.008066 0.016420 0.013519
v 0.007136 0.016394 0.013483
v 0.010678 0.015574 0.013489
v 0.009813 0.015523 0.013466
v 0.008917 0.015471 0.013438
v 0.008003 0.015420 0.013408
v 0.007087 0.015369 0.013379
v 0.010605 0.014567 0.013311
v 0.009710 0.014478 0.013282
v 0.008802 0.014392 0.013249
v 0.007894 0.014307 0.013216
v 0.006991 0.014213 0.013184
v 0.010392 0.013431 0.013058
v 0.009442 0.013288 0.013016
v 0.008511 0.013154 0.012973
v 0.007609 0.013018 0.012929
v 0.006735 0.012879 0.012886
v 0.009901 0.012107 0.012708
v 0.008810 0.011880 0.012644
v 0.007860 0.011700 0.012591
v 0.007017 0.011529 0.012540
v 0.006223 0.011324 0.012482
v 0.005709 0.011947 0.012647
v 0.007359 0.012298 0.012747
v 0.009186 0.012611 0.012844
v 0.006019 0.013461 0.013017
v 0.007779 0.013690 0.013086
v 0.009609 0.013908 0.013161
v 0.006159 0.014741 0.013272
v 0.007962 0.014880 0.013322
v 0.009773 0.015017 0.013383
v 0.006209 0.015850 0.013420
v 0.008032 0.015930 0.013472
v 0.009846 0.016011 0.013534
v 0.006224 0.016848 0.013477
v 0.008108 0.016887 0.013549
v 0.009963 0.016935 0.013626
v 0.006191 0.018116 0.013430
v 0.005160 0.018161 0.013417
v 0.010273 0.017826 0.013675
v 0.009378 0.018182 0.013631
v 0.008297 0.018132 0.013561
v 0.007236 0.018109 0.013487
v 0.009256 0.018776 0.013596
v 0.008284 0.018762 0.013516
v 0.007279 0.018743 0.013432
v 0.008242 0.017754 0.013568
v 0.006195 0.017737 0.013458
v 0.008299 0.018459 0.013541
v 0.006226 0.018432 0.013403
v 0.008328 0.011107 0.012423
v 0.006599 0.010755 0.012321
v 0.005202 0.010221 0.012164
v 0.004931 0.023123 0.012017
v 0.006310 0.019360 0.013269
v 0.005348 0.019314 0.013257
v 0.008411 0.020194 0.013327
v 0.009467 0.020169 0.013456
v 0.006157 0.021005 0.012861
v 0.005031 0.020938 0.012872
v 0.008271 0.022217 0.012767
v 0.009299 0.022389 0.012907
v 0.007968 0.023139 0.012352
v 0.008794 0.023373 0.012448
v 0.006343 0.023502 0.011851
v 0.005675 0.023395 0.011850
v 0.006462 0.024073 0.011541
v 0.005969 0.024016 0.011505
v 0.009291 0.019386 0.013544
v 0.008324 0.019405 0.013446
v 0.007318 0.019392 0.013344
v 0.005179 0.020068 0.013104
v 0.006239 0.020117 0.013110
v 0.007332 0.020173 0.013195
v 0.009540 0.021280 0.013249
v 0.008432 0.021198 0.013102
v 0.007306 0.021096 0.012959
v 0.005052 0.021836 0.012570
v 0.006127 0.021915 0.012549
v 0.007211 0.022062 0.012629
v 0.005303 0.022747 0.012175
v 0.006200 0.022809 0.012178
v 0.007099 0.022946 0.012249
v 0.008209 0.024048 0.012002
v 0.007628 0.023827 0.011951
v 0.007006 0.023645 0.011895
v 0.006285 0.023171 0.012013
v 0.007796 0.023521 0.012142
v 0.006152 0.022388 0.012362
v 0.008130 0.022700 0.012563
v 0.006133 0.021458 0.012713
v 0.008375 0.021714 0.012947
v 0.006194 0.020559 0.012993
v 0.008438 0.020679 0.013229
v 0.006285 0.019721 0.013198
v 0.008371 0.019769 0.013399
v 0.007703 0.024408 0.011668
v 0.007352 0.024281 0.011634
v 0.006935 0.024169 0.011587
v 0.008291 0.019075 0.013485
v 0.006304 0.019026 0.013326
v 0.006380 0.023790 0.011694
v 0.007476 0.024076 0.011786
v 0.006567 0.024303 0.011418
v 0.007283 0.024455 0.011516
v 0.012291 0.016962 0.013672
v 0.021305 0.009842 0.010692
v 0.012292 0.016111 0.013578
v 0.012312 0.015208 0.013439
v 0.012295 0.014238 0.013244
v 0.012185 0.013161 0.012980
v 0.002310 0.017698 0.013596
v 0.002257 0.016711 0.013567
v 0.002194 0.015631 0.013459
v 0.002123 0.014417 0.013257
v 0.002040 0.013045 0.012953
v 0.001935 0.011449 0.012521
v 0.005207 0.017768 0.013448
v 0.010805 0.016950 0.013650
v 0.010702 0.016044 0.013555
v 0.010650 0.015080 0.013408
v 0.010524 0.014017 0.013195
v 0.010189 0.012794 0.012896
v 0.014703 0.017621 0.013676
v 0.015023 0.017036 0.013617
v 0.015244 0.016285 0.013524
v 0.015385 0.015450 0.013394
v 0.015502 0.014670 0.013241
v 0.015755 0.013966 0.013069
v -0.000333 0.017405 0.013693
v -0.000503 0.016681 0.013640
v -0.000692 0.015571 0.013500
v -0.000867 0.014274 0.013255
v -0.000983 0.013016 0.012944
v -0.001054 0.011423 0.012468
v 0.013488 0.017699 0.013717
v 0.013652 0.016978 0.013661
v 0.013778 0.016183 0.013569
v 0.013873 0.015335 0.013437
v 0.013950 0.014457 0.013261
v 0.014013 0.013519 0.013033
v 0.000862 0.017543 0.013663
v 0.000828 0.016643 0.013610
v 0.000732 0.015563 0.013482
v 0.000625 0.014328 0.013261
v 0.000528 0.012970 0.012942
v 0.000449 0.011388 0.012488
v 0.003655 0.017797 0.013510
v 0.003719 0.016796 0.013509
v 0.003705 0.015719 0.013430
v 0.003659 0.014537 0.013251
v 0.003571 0.013173 0.012964
v 0.003426 0.011545 0.012547
v 0.011331 0.008607 0.011496
v 0.012782 0.008652 0.011424
v 0.014254 0.008704 0.011325
v 0.021619 0.012547 0.011738
v 0.021608 0.011165 0.011242
v 0.020700 0.008655 0.010150
v 0.004936 0.011775 0.012603
v 0.016893 0.011692 0.012317
v 0.016758 0.010163 0.011734
v 0.016751 0.008746 0.011072
v 0.017984 0.011793 0.012246
v 0.017779 0.010195 0.011635
v 0.017556 0.008750 0.010959
v 0.019092 0.011734 0.012073
v 0.018815 0.010104 0.011449
v 0.018426 0.008593 0.010726
v 0.020316 0.011504 0.011752
v 0.019992 0.009949 0.011144
v 0.017165 0.013326 0.012802
v 0.018158 0.013520 0.012746
v 0.019268 0.013510 0.012579
v 0.020488 0.013163 0.012235
v 0.011288 0.004096 0.009400
v 0.012010 0.004174 0.009298
v 0.013282 0.004306 0.009070
v 0.019502 0.008528 0.010444
v 0.012605 0.004830 0.009566
v 0.013810 0.005011 0.009408
v 0.015132 0.005179 0.009173
v 0.012960 0.005610 0.009949
v 0.014140 0.005784 0.009826
v 0.015374 0.005917 0.009640
v 0.013106 0.006547 0.010428
v 0.014308 0.006658 0.010305
v 0.015530 0.006742 0.010140
v 0.014346 0.007626 0.010809
v 0.013038 0.007581 0.010937
v 0.014686 0.004482 0.008768
v 0.011614 0.004591 0.009619
v 0.011910 0.005356 0.009984
v 0.012029 0.006408 0.010498
v 0.011818 0.007551 0.011035
v 0.021396 0.008710 0.009894
v 0.020374 0.007988 0.009767
v 0.004214 0.018990 0.013361
v 0.004069 0.019589 0.013274
v 0.019358 0.014650 0.012815
v 0.013414 0.018244 0.013741
v 0.010576 0.018676 0.013682
v 0.015974 0.005240 0.008961
v 0.015400 0.004500 0.008523
v 0.014426 0.004053 0.008507
v 0.020641 0.014217 0.012447
v 0.016757 0.014433 0.013103
v 0.017355 0.014407 0.013044
v 0.003656 0.004377 0.009988
v 0.003516 0.018486 0.013473
v 0.004052 0.018643 0.013418
v 0.003963 0.022370 0.012484
v 0.015899 0.017181 0.013574
v 0.017383 0.007898 0.010504
v 0.016864 0.007905 0.010599
v 0.016517 0.007522 0.010433
v 0.016337 0.006770 0.009995
v 0.006794 0.009904 0.012064
v 0.018207 0.014626 0.012989
v 0.011223 0.005216 0.010012
v 0.011331 0.006310 0.010529
v 0.016343 0.015540 0.013344
v 0.016455 0.014859 0.013215
v -0.001827 0.014284 0.013248
v 0.006984 0.024690 0.011269
v 0.003423 0.005331 0.010380
v 0.000821 0.018158 0.013673
v 0.002315 0.018370 0.013578
v -0.001558 0.006123 0.010284
v -0.001342 0.016814 0.013658
v -0.001004 0.017465 0.013706
v 0.005700 0.024293 0.011293
v 0.015429 0.017721 0.013643
v 0.010422 0.019064 0.013655
v 0.003785 0.020428 0.013126
v 0.003703 0.021359 0.012880
v 0.010879 0.020680 0.013513
v 0.010608 0.019627 0.013623
v 0.022438 0.011011 0.010839
v 0.022137 0.009786 0.010314
v 0.002228 0.003755 0.009583
v 0.021695 0.013362 0.011942
v 0.022288 0.012277 0.011410
v -0.002027 0.011488 0.012458
v 0.012947 0.003815 0.008821
v 0.011575 0.003701 0.009108
v 0.009395 0.009364 0.011846
v 0.008072 0.009879 0.012045
v 0.014564 0.018061 0.013705
v 0.003812 0.003850 0.009769
v 0.016184 0.016402 0.013475
v -0.000320 0.017893 0.013711
v 0.000811 0.003951 0.009500
v 0.019197 0.007684 0.009943
v 0.018128 0.007707 0.010235
v 0.016190 0.005977 0.009478
v -0.000370 0.004179 0.009426
v -0.000940 0.004464 0.009480
v -0.001268 0.005079 0.009769
v 0.003691 0.003629 0.009663
v 0.003225 0.003607 0.009614
v 0.010982 0.003776 0.009275
v 0.010865 0.004028 0.009438
v 0.010969 0.004465 0.009658
v -0.001794 0.007520 0.010928
v -0.001965 0.009408 0.011711
v -0.001607 0.015643 0.013510
v 0.004627 0.023306 0.011958
v 0.011047 0.007483 0.011064
v 0.010211 0.023236 0.012806
v 0.010797 0.022028 0.013243
v 0.008459 0.024607 0.011804
v 0.009339 0.024154 0.012263
v 0.005560 0.009505 0.011942
v 0.004519 0.008735 0.011686
v 0.010455 0.008487 0.011492
v 0.003766 0.007680 0.011305
v 0.003408 0.006503 0.010852
v -0.001957 0.013099 0.012948
v 0.011411 0.018445 0.013719
v 0.012449 0.018348 0.013742
v 0.005098 0.023915 0.011563
v 0.006330 0.024536 0.011203
v 0.007672 0.024741 0.011474
v 0.002774 0.005355 0.010356
v 0.015651 0.008688 0.011177
v 0.015663 0.007623 0.010626
v 0.003246 0.009630 0.011968
v 0.002954 0.007898 0.011364
v -0.000757 0.006306 0.010476
v -0.000548 0.005246 0.009977
v 0.005360 0.018992 0.013312
v 0.003063 0.004346 0.009935
v 0.003427 0.003833 0.009734
v 0.001764 0.005410 0.010310
v 0.000594 0.005392 0.010194
v 0.002716 0.006571 0.010852
v 0.001651 0.006606 0.010811
v 0.000457 0.006530 0.010696
v -0.000924 0.007704 0.011088
v 0.000398 0.007946 0.011274
v 0.001702 0.008017 0.011364
v 0.012364 0.017761 0.013725
v 0.002054 0.004400 0.009873
v 0.000756 0.004507 0.009779
v -0.000377 0.004560 0.009637
v 0.001821 0.009685 0.011960
v 0.000402 0.009626 0.011901
v -0.001030 0.009495 0.011796
v 0.014081 0.009909 0.011842
v 0.013963 0.011154 0.012309
v 0.013989 0.012403 0.012717
v 0.015553 0.010045 0.011791
v 0.015583 0.011453 0.012328
v 0.015790 0.012901 0.012783
v 0.010503 0.009586 0.011891
v 0.009564 0.010362 0.012178
v 0.009546 0.011394 0.012501
v 0.012382 0.009741 0.011874
v 0.012010 0.010813 0.012269
v 0.011985 0.011964 0.012640
v 0.006516 0.012128 0.012697
v 0.008244 0.012451 0.012794
v 0.005177 0.013353 0.012992
v 0.006889 0.013575 0.013048
v 0.008689 0.013798 0.013123
v 0.005293 0.014671 0.013258
v 0.007049 0.014814 0.013295
v 0.008873 0.014949 0.013354
v 0.005336 0.015809 0.013413
v 0.007114 0.015895 0.013442
v 0.008951 0.015972 0.013505
v 0.005326 0.016843 0.013471
v 0.007156 0.016868 0.013506
v 0.009053 0.016911 0.013591
v 0.005522 0.023094 0.012004
v 0.005227 0.018457 0.013386
v 0.011101 0.017816 0.013704
v 0.007209 0.017734 0.013504
v 0.009288 0.017794 0.013629
v 0.007259 0.018438 0.013460
v 0.009326 0.018496 0.013616
v 0.007377 0.010925 0.012370
v 0.005877 0.010516 0.012251
v 0.004575 0.009909 0.012067
v 0.009374 0.019741 0.013509
v 0.009534 0.020700 0.013370
v 0.009461 0.021845 0.013094
v 0.009069 0.022908 0.012686
v 0.008500 0.023754 0.012214
v 0.005686 0.023687 0.011684
v 0.006176 0.024243 0.011380
v 0.007056 0.023316 0.012071
v 0.005152 0.022318 0.012373
v 0.007155 0.022522 0.012440
v 0.005016 0.021380 0.012733
v 0.007267 0.021574 0.012808
v 0.005094 0.020502 0.012995
v 0.007325 0.020622 0.013088
v 0.005279 0.019673 0.013187
v 0.007326 0.019767 0.013279
v 0.007298 0.019060 0.013391
v 0.009245 0.019071 0.013571
v 0.006960 0.023920 0.011738
v 0.007935 0.024263 0.011819
v 0.006945 0.024380 0.011466
v 0.007539 0.024500 0.011566
v 0.011515 0.003475 0.009309
v 0.011092 0.003496 0.009415
v 0.011126 0.005672 0.010566
v 0.011134 0.006231 0.010827
v 0.008560 0.024687 0.012051
v 0.009009 0.024524 0.012265
v 0.009857 0.008745 0.011922
v 0.009266 0.009153 0.012085
v 0.011044 0.006808 0.011092
v 0.009490 0.024238 0.012526
v 0.021973 0.009124 0.010263
v 0.021523 0.008587 0.010075
v 0.008610 0.009470 0.012208
v 0.016505 0.015937 0.013685
v 0.016568 0.015518 0.013619
v 0.009971 0.023823 0.012813
v 0.020993 0.008132 0.009956
v 0.007990 0.009631 0.012272
v 0.016613 0.015163 0.013557
v 0.006212 0.009505 0.012246
v 0.005641 0.009255 0.012167
v 0.020417 0.007800 0.009933
v 0.007398 0.009671 0.012291
v 0.016668 0.014882 0.013501
v 0.005116 0.008915 0.012055
v 0.019803 0.007584 0.009998
v 0.014026 0.018301 0.014020
v 0.014623 0.018187 0.013996
v 0.016754 0.014676 0.013454
v 0.004661 0.008515 0.011919
v 0.003971 0.018818 0.013681
v 0.004002 0.018961 0.013660
v 0.015160 0.018026 0.013964
v -0.002104 0.013671 0.013397
v -0.002034 0.014249 0.013536
v 0.004278 0.008056 0.011756
v 0.003967 0.019175 0.013632
v 0.003972 0.004013 0.010162
v 0.004015 0.003757 0.010054
v -0.001941 0.014883 0.013670
v 0.010601 0.007865 0.011555
v 0.010288 0.008319 0.011746
v 0.003854 0.019490 0.013588
v 0.003969 0.003568 0.009969
v 0.006665 0.024672 0.011433
v 0.007001 0.024747 0.011480
v 0.003704 0.019885 0.013529
v 0.016267 0.016843 0.013808
v 0.016404 0.016397 0.013751
v 0.007344 0.024791 0.011567
v 0.003969 0.007536 0.011565
v 0.018760 0.014843 0.013250
v 0.019399 0.014812 0.013137
v 0.003590 0.005850 0.010910
v 0.003636 0.005289 0.010683
v 0.003747 0.006981 0.011355
v 0.020075 0.014657 0.012972
v -0.000830 0.017805 0.014008
v -0.000386 0.018013 0.014002
v 0.003737 0.004775 0.010473
v 0.003623 0.006417 0.011136
v 0.012926 0.018440 0.014035
v 0.013445 0.018382 0.014032
v 0.000163 0.018168 0.013988
v 0.000794 0.018295 0.013960
v 0.001545 0.003611 0.009743
v 0.000800 0.003721 0.009693
v 0.001515 0.018408 0.013916
v -0.002214 0.012330 0.013024
v -0.002166 0.013058 0.013235
v 0.010673 0.018865 0.013962
v 0.010768 0.018743 0.013973
v 0.000110 0.003842 0.009643
v 0.002303 0.018509 0.013854
v 0.011022 0.018649 0.013987
v 0.019184 0.007463 0.010111
v 0.003003 0.018584 0.013790
v 0.011488 0.018581 0.014006
v 0.016312 0.005565 0.009459
v 0.016164 0.005161 0.009171
v 0.018593 0.007427 0.010258
v -0.001603 0.005461 0.010240
v -0.001751 0.006035 0.010525
v 0.012022 0.018531 0.014021
v 0.015913 0.004745 0.008892
v 0.018075 0.007473 0.010418
v -0.001883 0.006690 0.010840
v 0.012481 0.018487 0.014030
v 0.015523 0.004374 0.008704
v 0.017655 0.007561 0.010568
v -0.001667 0.016320 0.013897
v -0.001533 0.016825 0.013952
v 0.015031 0.004071 0.008625
v 0.016470 0.006278 0.009958
v 0.016401 0.005917 0.009710
v -0.001376 0.017198 0.013983
v 0.004637 0.023685 0.012010
v 0.004965 0.023959 0.011802
v 0.014449 0.003869 0.008677
v -0.001153 0.017527 0.014001
v 0.005286 0.024152 0.011642
v 0.013754 0.003723 0.008819
v -0.000417 0.003973 0.009618
v 0.005953 0.024465 0.011435
v 0.006316 0.024580 0.011413
v 0.020744 0.014356 0.012751
v -0.000794 0.004123 0.009629
v 0.005614 0.024324 0.011513
v 0.021347 0.013940 0.012492
v -0.001064 0.004308 0.009682
v 0.007727 0.024798 0.011705
v 0.016892 0.014549 0.013416
v -0.001268 0.004576 0.009800
v 0.015572 0.017807 0.013928
v 0.008130 0.024771 0.011860
v 0.017091 0.014514 0.013391
v -0.001443 0.004967 0.009991
v 0.015874 0.017538 0.013892
v 0.017362 0.014573 0.013376
v 0.010713 0.019220 0.013945
v 0.010657 0.019016 0.013954
v 0.017725 0.014683 0.013360
v 0.003822 0.003435 0.009900
v 0.003865 0.004349 0.010300
v 0.003578 0.003369 0.009850
v 0.003570 0.020343 0.013447
v 0.003242 0.003377 0.009823
v 0.003485 0.020826 0.013336
v 0.003471 0.018623 0.013746
v 0.002797 0.003435 0.009806
v 0.003483 0.021319 0.013196
v 0.003743 0.018655 0.013722
v 0.010850 0.003591 0.009518
v 0.003573 0.021835 0.013014
v 0.003895 0.018718 0.013701
v 0.010733 0.003743 0.009624
v 0.011149 0.021329 0.013705
v 0.011119 0.020603 0.013825
v 0.010686 0.003931 0.009736
v 0.010996 0.019961 0.013897
v 0.003753 0.022381 0.012781
v 0.010702 0.004156 0.009855
v 0.010841 0.019513 0.013928
v 0.004008 0.022900 0.012515
v 0.010780 0.004422 0.009984
v 0.016096 0.017221 0.013854
v 0.010900 0.004754 0.010139
v 0.022617 0.011627 0.011347
v 0.022636 0.010964 0.011048
v -0.001996 0.007440 0.011184
v 0.022531 0.010318 0.010761
v 0.017345 0.007654 0.010689
v -0.002092 0.008318 0.011566
v 0.022308 0.009703 0.010498
v 0.017119 0.007707 0.010761
v -0.002172 0.009340 0.011981
v 0.016943 0.007685 0.010780
v -0.002225 0.010415 0.012386
v 0.002225 0.003515 0.009781
v 0.016809 0.007583 0.010741
v -0.001810 0.015623 0.013801
v 0.016713 0.007398 0.010646
v 0.021839 0.013448 0.012222
v 0.016632 0.007106 0.010482
v 0.004313 0.023339 0.012251
v 0.022214 0.012891 0.011938
v 0.016550 0.006700 0.010233
v 0.022475 0.012277 0.011645
v 0.010859 0.007358 0.011337
v 0.006803 0.009635 0.012285
v -0.002237 0.011436 0.012740
v 0.010413 0.023290 0.013092
v 0.018194 0.014787 0.013321
v 0.010783 0.022675 0.013344
v 0.012935 0.003602 0.009005
v 0.011033 0.022024 0.013546
v 0.012138 0.003516 0.009178
v 0.011032 0.005173 0.010334
v 0.011113 0.003370 0.010026
v 0.011154 0.006105 0.011439
v 0.009029 0.024398 0.012877
v 0.009286 0.009027 0.012696
v 0.011065 0.006682 0.011703
v 0.009510 0.024112 0.013138
v 0.021543 0.008461 0.010686
v 0.008630 0.009345 0.012820
v 0.016588 0.015392 0.014230
v 0.009991 0.023697 0.013425
v 0.021013 0.008006 0.010567
v 0.008011 0.009505 0.012883
v 0.016634 0.015037 0.014168
v 0.005661 0.009130 0.012779
v 0.020437 0.007674 0.010544
v 0.007418 0.009545 0.012903
v 0.016688 0.014756 0.014113
v 0.005137 0.008789 0.012667
v 0.019824 0.007458 0.010609
v 0.014644 0.018061 0.014608
v 0.016774 0.014551 0.014065
v 0.004681 0.008389 0.012530
v 0.004022 0.018835 0.014271
v 0.015181 0.017900 0.014575
v -0.002014 0.014123 0.014147
v 0.004298 0.007930 0.012367
v 0.003987 0.019049 0.014243
v 0.004035 0.003632 0.010666
v -0.001921 0.014757 0.014282
v 0.010308 0.008194 0.012358
v 0.003875 0.019364 0.014199
v 0.003990 0.003442 0.010580
v 0.007021 0.024621 0.012092
v 0.003725 0.019760 0.014141
v 0.016425 0.016272 0.014363
v 0.007364 0.024666 0.012179
v 0.003989 0.007410 0.012177
v 0.019420 0.014686 0.013748
v 0.003657 0.005163 0.011294
v 0.003767 0.006855 0.011966
v 0.020095 0.014531 0.013583
v -0.000365 0.017887 0.014614
v 0.003758 0.004649 0.011085
v 0.003643 0.006291 0.011747
v 0.013465 0.018256 0.014643
v 0.000183 0.018042 0.014599
v 0.000814 0.018170 0.014572
v 0.000821 0.003595 0.010304
v 0.001535 0.018282 0.014527
v -0.002145 0.012933 0.013846
v 0.010788 0.018617 0.014584
v 0.000131 0.003716 0.010254
v 0.002323 0.018384 0.014465
v 0.011042 0.018523 0.014598
v 0.019205 0.007337 0.010722
v 0.003023 0.018458 0.014401
v 0.011509 0.018456 0.014618
v 0.016184 0.005035 0.009783
v 0.018614 0.007302 0.010870
v -0.001730 0.005910 0.011136
v 0.012043 0.018406 0.014633
v 0.015933 0.004619 0.009503
v 0.018096 0.007347 0.011029
v -0.001863 0.006565 0.011451
v 0.012501 0.018361 0.014641
v 0.015543 0.004248 0.009316
v 0.017676 0.007436 0.011179
v -0.001513 0.016699 0.014564
v 0.015051 0.003945 0.009236
v 0.016421 0.005791 0.010321
v -0.001356 0.017072 0.014594
v 0.004985 0.023833 0.012413
v 0.014470 0.003743 0.009288
v -0.001133 0.017401 0.014613
v 0.005307 0.024026 0.012253
v 0.013775 0.003597 0.009430
v -0.000397 0.003848 0.010229
v 0.006336 0.024454 0.012024
v 0.020764 0.014230 0.013362
v -0.000774 0.003997 0.010240
v 0.005634 0.024198 0.012124
v 0.021368 0.013814 0.013103
v -0.001044 0.004183 0.010293
v 0.007747 0.024672 0.012316
v 0.016912 0.014423 0.014027
v -0.001247 0.004451 0.010411
v 0.015593 0.017682 0.014540
v 0.008151 0.024645 0.012471
v 0.017112 0.014388 0.014003
v -0.001423 0.004841 0.010602
v 0.015894 0.017412 0.014503
v 0.017382 0.014448 0.013988
v 0.010677 0.018890 0.014565
v 0.017745 0.014557 0.013971
v 0.003843 0.003309 0.010511
v 0.003885 0.004224 0.010911
v 0.003599 0.003243 0.010461
v 0.003590 0.020217 0.014058
v 0.003263 0.003251 0.010434
v 0.003505 0.020700 0.013948
v 0.003491 0.018497 0.014358
v 0.002817 0.003309 0.010417
v 0.003504 0.021193 0.013808
v 0.003763 0.018529 0.014333
v 0.010871 0.003466 0.010129
v 0.003593 0.021710 0.013626
v 0.003915 0.018592 0.014312
v 0.010753 0.003618 0.010236
v 0.011140 0.020477 0.014436
v 0.010706 0.003806 0.010348
v 0.011017 0.019835 0.014508
v 0.003773 0.022255 0.013392
v 0.010722 0.004030 0.010466
v 0.010861 0.019387 0.014539
v 0.004029 0.022774 0.013127
v 0.010801 0.004296 0.010595
v 0.016117 0.017095 0.014465
v 0.010920 0.004629 0.010750
v 0.022656 0.010838 0.011660
v -0.001976 0.007314 0.011796
v 0.022552 0.010192 0.011373
v 0.017365 0.007529 0.011300
v -0.002071 0.008193 0.012178
v 0.022328 0.009578 0.011109
v 0.017139 0.007581 0.011372
v -0.002152 0.009214 0.012593
v 0.016963 0.007559 0.011391
v -0.002204 0.010289 0.012998
v 0.002245 0.003389 0.010392
v 0.016829 0.007457 0.011352
v -0.001790 0.015497 0.014412
v 0.016733 0.007273 0.011257
v 0.021859 0.013322 0.012833
v 0.016653 0.006980 0.011093
v 0.004334 0.023213 0.012862
v 0.022234 0.012765 0.012550
v 0.016570 0.006574 0.010845
v 0.022495 0.012151 0.012256
v 0.010879 0.007233 0.011948
v 0.006823 0.009510 0.012896
v -0.002217 0.011310 0.013351
v 0.010434 0.023164 0.013703
v 0.018215 0.014661 0.013932
v 0.010803 0.022549 0.013956
v 0.012955 0.003476 0.009617
v 0.011054 0.021898 0.014157
v 0.012158 0.003390 0.009789
v 0.011052 0.005048 0.010945
v 0.011536 0.003349 0.009920
v 0.011146 0.005546 0.011178
v 0.008580 0.024561 0.012663
v 0.009877 0.008619 0.012533
v 0.021994 0.008998 0.010875
v 0.016525 0.015811 0.014297
v 0.006232 0.009379 0.012857
v 0.014046 0.018176 0.014631
v 0.003992 0.018692 0.014293
v -0.002083 0.013546 0.014009
v 0.003992 0.003888 0.010773
v 0.010622 0.007739 0.012167
v 0.006686 0.024546 0.012044
v 0.016287 0.016717 0.014419
v 0.018781 0.014717 0.013862
v 0.003611 0.005724 0.011522
v -0.000810 0.017680 0.014619
v 0.012946 0.018315 0.014646
v 0.001565 0.003486 0.010355
v -0.002194 0.012204 0.013635
v 0.010694 0.018739 0.014574
v 0.016332 0.005439 0.010071
v -0.001582 0.005335 0.010852
v -0.001647 0.016194 0.014509
v 0.016490 0.006152 0.010569
v 0.004658 0.023560 0.012622
v 0.005974 0.024340 0.012046
v 0.010734 0.019094 0.014556
v 0.011169 0.021203 0.014316
v 0.022637 0.011501 0.011958
v -0.000013 0.036329 0.009956
v -0.000013 0.036991 0.010136
v -0.000013 0.036682 0.009960
v 0.000337 0.036355 0.010046
v 0.000157 0.037004 0.010180
v 0.000285 0.036704 0.010036
v 0.000593 0.036427 0.010292
v 0.000282 0.037039 0.010300
v 0.000504 0.036766 0.010246
v 0.000686 0.036525 0.010628
v 0.000328 0.037087 0.010464
v 0.000584 0.036849 0.010533
v 0.000593 0.036623 0.010964
v 0.000282 0.037135 0.010628
v 0.000504 0.036933 0.010820
v -0.000619 0.035868 0.010455
v -0.000713 0.035966 0.010791
v 0.000337 0.036695 0.011210
v 0.000157 0.037170 0.010748
v 0.000285 0.036994 0.011030
v -0.000619 0.036064 0.011127
v -0.000363 0.036136 0.011373
v -0.000013 0.036721 0.011300
v -0.000013 0.037183 0.010791
v -0.000013 0.037017 0.011107
v -0.000013 0.036162 0.011463
v -0.000363 0.036695 0.011210
v -0.000184 0.037170 0.010748
v -0.000312 0.036994 0.011030
v 0.000337 0.036136 0.011373
v -0.000060 0.037123 0.010375
v -0.000619 0.036623 0.010964
v -0.000309 0.037135 0.010628
v -0.000531 0.036933 0.010820
v 0.000593 0.036064 0.011127
v 0.000686 0.035966 0.010791
v -0.000713 0.036525 0.010628
v -0.000355 0.037087 0.010464
v -0.000611 0.036849 0.010533
v 0.000593 0.035868 0.010455
v -0.000363 0.035797 0.010209
v -0.000619 0.036427 0.010292
v -0.000309 0.037039 0.010300
v -0.000531 0.036766 0.010246
v 0.000337 0.035797 0.010209
v -0.000013 0.035770 0.010119
v -0.000363 0.036355 0.010046
v -0.000184 0.037004 0.010180
v -0.000312 0.036704 0.010036
v -0.000161 0.037154 0.010533
v 0.000072 0.037089 0.010309
v -0.000013 0.037083 0.010287
v 0.000134 0.037107 0.010369
v 0.000157 0.037130 0.010451
v 0.000134 0.037154 0.010533
v 0.000072 0.037172 0.010593
v -0.000013 0.037178 0.010615
v -0.000099 0.037172 0.010593
v -0.000184 0.037130 0.010451
v -0.000161 0.037107 0.010369
v -0.000099 0.037089 0.010309
v -0.000091 0.037156 0.010487
v 0.000064 0.037132 0.010407
v 0.000033 0.037165 0.010519
v -0.000013 0.035212 0.010282
v -0.000013 0.034750 0.010790
v -0.000013 0.034916 0.010475
v 0.000337 0.035238 0.010372
v 0.000157 0.034763 0.010834
v 0.000285 0.034938 0.010552
v 0.000593 0.035310 0.010618
v 0.000282 0.034798 0.010954
v 0.000504 0.035000 0.010762
v 0.000686 0.035408 0.010954
v 0.000328 0.034846 0.011118
v 0.000584 0.035083 0.011049
v 0.000593 0.035506 0.011290
v 0.000282 0.034894 0.011282
v 0.000504 0.035167 0.011335
v 0.000337 0.035577 0.011536
v 0.000157 0.034929 0.011402
v 0.000285 0.035228 0.011545
v -0.000013 0.035604 0.011626
v -0.000013 0.034941 0.011446
v -0.000013 0.035251 0.011622
v -0.000363 0.035577 0.011536
v -0.000184 0.034929 0.011402
v -0.000312 0.035228 0.011545
v -0.000060 0.034768 0.011063
v -0.000619 0.035506 0.011290
v -0.000309 0.034894 0.011282
v -0.000531 0.035167 0.011335
v -0.000713 0.035408 0.010954
v -0.000355 0.034846 0.011118
v -0.000611 0.035083 0.011049
v -0.000619 0.035310 0.010618
v -0.000309 0.034798 0.010954
v -0.000531 0.035000 0.010762
v -0.000363 0.035238 0.010372
v -0.000184 0.034763 0.010834
v -0.000312 0.034938 0.010552
v -0.000161 0.034826 0.011213
v 0.000072 0.034761 0.010989
v -0.000013 0.034754 0.010967
v 0.000134 0.034778 0.011049
v 0.000157 0.034802 0.011131
v 0.000134 0.034826 0.011213
v 0.000072 0.034844 0.011273
v -0.000013 0.034850 0.011295
v -0.000099 0.034844 0.011273
v -0.000184 0.034802 0.011131
v -0.000161 0.034778 0.011049
v -0.000099 0.034761 0.010989
v -0.000091 0.034801 0.011175
v 0.000064 0.034777 0.011095
v 0.000033 0.034810 0.011207
v 0.009328 0.034583 0.010466
v 0.009573 0.035194 0.010661
v 0.009469 0.034906 0.010478
v 0.009646 0.034469 0.010597
v 0.009728 0.035138 0.010725
v 0.009741 0.034809 0.010590
v 0.009879 0.034438 0.010873
v 0.009841 0.035123 0.010859
v 0.009940 0.034782 0.010825
v 0.009964 0.034498 0.011219
v 0.009883 0.035152 0.011028
v 0.010012 0.034834 0.011121
v 0.009879 0.034634 0.011544
v 0.009841 0.035219 0.011187
v 0.009940 0.034950 0.011399
v 0.008535 0.034416 0.010879
v 0.008449 0.034551 0.011204
v 0.009646 0.034808 0.011760
v 0.009728 0.035304 0.011292
v 0.009741 0.035099 0.011583
v 0.008535 0.034612 0.011551
v 0.008767 0.034581 0.011827
v 0.009328 0.034975 0.011809
v 0.009573 0.035385 0.011316
v 0.009469 0.035241 0.011625
v 0.009085 0.034467 0.011958
v 0.009010 0.035089 0.011678
v 0.009418 0.035440 0.011252
v 0.009198 0.035338 0.011513
v 0.009403 0.034301 0.011908
v 0.009555 0.035339 0.010896
v 0.008778 0.035119 0.011403
v 0.009304 0.035456 0.011118
v 0.008999 0.035364 0.011278
v 0.009636 0.034126 0.011693
v 0.009721 0.033991 0.011368
v 0.008692 0.035059 0.011056
v 0.009262 0.035426 0.010949
v 0.008926 0.035313 0.010982
v 0.009636 0.033930 0.011021
v 0.008767 0.034241 0.010663
v 0.008778 0.034923 0.010731
v 0.009304 0.035360 0.010790
v 0.008999 0.035197 0.010704
v 0.009403 0.033961 0.010745
v 0.009085 0.034075 0.010614
v 0.009010 0.034749 0.010515
v 0.009418 0.035275 0.010685
v 0.009198 0.035048 0.010520
v 0.009457 0.035412 0.011042
v 0.009669 0.035253 0.010845
v 0.009592 0.035281 0.010813
v 0.009726 0.035246 0.010912
v 0.009747 0.035260 0.010997
v 0.009726 0.035293 0.011076
v 0.009669 0.035336 0.011129
v 0.009592 0.035377 0.011141
v 0.009514 0.035404 0.011109
v 0.009436 0.035397 0.010957
v 0.009457 0.035364 0.010878
v 0.009514 0.035322 0.010825
v 0.009527 0.035384 0.011004
v 0.009668 0.035298 0.010943
v 0.009640 0.035343 0.011051
v 0.008842 0.033567 0.010762
v 0.008598 0.033157 0.011255
v 0.008701 0.033301 0.010947
v 0.009160 0.033453 0.010893
v 0.008753 0.033101 0.011319
v 0.008973 0.033204 0.011058
v 0.009393 0.033422 0.011169
v 0.008867 0.033086 0.011454
v 0.009172 0.033177 0.011294
v 0.009478 0.033483 0.011516
v 0.008908 0.033116 0.011623
v 0.009244 0.033229 0.011590
v 0.009393 0.033618 0.011841
v 0.008867 0.033182 0.011781
v 0.009172 0.033345 0.011867
v 0.009160 0.033793 0.012057
v 0.008753 0.033267 0.011887
v 0.008973 0.033494 0.012052
v 0.008842 0.033959 0.012106
v 0.008598 0.033348 0.011911
v 0.008701 0.033636 0.012094
v 0.008524 0.034073 0.011975
v 0.008443 0.033404 0.011847
v 0.008430 0.033733 0.011982
v 0.008531 0.033199 0.011521
v 0.008292 0.034104 0.011699
v 0.008329 0.033419 0.011712
v 0.008231 0.033759 0.011746
v 0.008207 0.034044 0.011352
v 0.008288 0.033389 0.011543
v 0.008158 0.033708 0.011450
v 0.008292 0.033908 0.011027
v 0.008329 0.033323 0.011385
v 0.008231 0.033592 0.011173
v 0.008524 0.033734 0.010811
v 0.008443 0.033238 0.011279
v 0.008430 0.033443 0.010988
v 0.008445 0.033296 0.011659
v 0.008657 0.033138 0.011463
v 0.008579 0.033165 0.011431
v 0.008713 0.033130 0.011530
v 0.008734 0.033145 0.011615
v 0.008713 0.033178 0.011694
v 0.008657 0.033220 0.011746
v 0.008579 0.033261 0.011758
v 0.008502 0.033289 0.011726
v 0.008424 0.033282 0.011575
v 0.008445 0.033248 0.011495
v 0.008502 0.033206 0.011443
v 0.008503 0.033244 0.011629
v 0.008644 0.033158 0.011567
v 0.008616 0.033203 0.011675
v -0.009355 0.034583 0.010466
v -0.009599 0.035194 0.010661
v -0.009496 0.034906 0.010478
v -0.009673 0.034469 0.010597
v -0.009754 0.035138 0.010725
v -0.009768 0.034809 0.010590
v -0.009906 0.034438 0.010873
v -0.009868 0.035123 0.010859
v -0.009966 0.034782 0.010825
v -0.009991 0.034498 0.011219
v -0.009910 0.035152 0.011028
v -0.010039 0.034834 0.011121
v -0.009906 0.034634 0.011544
v -0.009868 0.035219 0.011187
v -0.009966 0.034950 0.011399
v -0.008561 0.034416 0.010879
v -0.008476 0.034551 0.011204
v -0.009673 0.034808 0.011760
v -0.009754 0.035304 0.011292
v -0.009768 0.035099 0.011583
v -0.008561 0.034612 0.011551
v -0.008794 0.034581 0.011827
v -0.009355 0.034975 0.011809
v -0.009599 0.035385 0.011316
v -0.009496 0.035241 0.011625
v -0.009112 0.034467 0.011958
v -0.009037 0.035089 0.011678
v -0.009444 0.035440 0.011252
v -0.009225 0.035338 0.011513
v -0.009430 0.034301 0.011908
v -0.009582 0.035339 0.010896
v -0.008804 0.035119 0.011403
v -0.009331 0.035456 0.011118
v -0.009026 0.035364 0.011278
v -0.009663 0.034126 0.011693
v -0.009748 0.033991 0.011368
v -0.008719 0.035059 0.011056
v -0.009289 0.035426 0.010949
v -0.008953 0.035313 0.010982
v -0.009663 0.033930 0.011021
v -0.008794 0.034241 0.010663
v -0.008804 0.034923 0.010731
v -0.009331 0.035360 0.010790
v -0.009026 0.035197 0.010704
v -0.009430 0.033961 0.010745
v -0.009112 0.034075 0.010614
v -0.009037 0.034749 0.010515
v -0.009444 0.035275 0.010685
v -0.009225 0.035048 0.010520
v -0.009484 0.035412 0.011042
v -0.009696 0.035253 0.010845
v -0.009618 0.035281 0.010813
v -0.009753 0.035246 0.010912
v -0.009773 0.035260 0.010997
v -0.009753 0.035293 0.011076
v -0.009696 0.035336 0.011129
v -0.009618 0.035377 0.011141
v -0.009541 0.035404 0.011109
v -0.009463 0.035397 0.010957
v -0.009484 0.035364 0.010878
v -0.009541 0.035322 0.010825
v -0.009554 0.035384 0.011004
v -0.009695 0.035298 0.010943
v -0.009666 0.035343 0.011051
v -0.008869 0.033567 0.010762
v -0.008625 0.033157 0.011255
v -0.008728 0.033301 0.010947
v -0.009187 0.033453 0.010893
v -0.008780 0.033101 0.011319
v -0.009000 0.033204 0.011058
v -0.009420 0.033422 0.011169
v -0.008893 0.033086 0.011454
v -0.009198 0.033177 0.011294
v -0.009505 0.033483 0.011516
v -0.008935 0.033116 0.011623
v -0.009271 0.033229 0.011590
v -0.009420 0.033618 0.011841
v -0.008893 0.033182 0.011781
v -0.009198 0.033345 0.011867
v -0.009187 0.033793 0.012057
v -0.008780 0.033267 0.011887
v -0.009000 0.033494 0.012052
v -0.008869 0.033959 0.012106
v -0.008625 0.033348 0.011911
v -0.008728 0.033636 0.012094
v -0.008551 0.034073 0.011975
v -0.008470 0.033404 0.011847
v -0.008457 0.033733 0.011982
v -0.008558 0.033199 0.011521
v -0.008318 0.034104 0.011699
v -0.008356 0.033419 0.011712
v -0.008258 0.033759 0.011746
v -0.008233 0.034044 0.011352
v -0.008315 0.033389 0.011543
v -0.008185 0.033708 0.011450
v -0.008318 0.033908 0.011027
v -0.008356 0.033323 0.011385
v -0.008258 0.033592 0.011173
v -0.008551 0.033734 0.010811
v -0.008470 0.033238 0.011279
v -0.008457 0.033443 0.010988
v -0.008472 0.033296 0.011659
v -0.008683 0.033138 0.011463
v -0.008606 0.033165 0.011431
v -0.008740 0.033130 0.011530
v -0.008761 0.033145 0.011615
v -0.008740 0.033178 0.011694
v -0.008683 0.033220 0.011746
v -0.008606 0.033261 0.011758
v -0.008528 0.033289 0.011726
v -0.008451 0.033282 0.011575
v -0.008472 0.033248 0.011495
v -0.008528 0.033206 0.011443
v -0.008529 0.033244 0.011629
v -0.008671 0.033158 0.011567
v -0.008642 0.033203 0.011675
vt 0.340002 0.571831
vt 0.331433 0.562706
vt 0.336212 0.556705
vt 0.345170 0.565764
vt 0.323693 0.553981
vt 0.328040 0.548084
vt 0.331975 0.541720
vt 0.340609 0.550314
vt 0.350037 0.559388
vt 0.344692 0.543495
vt 0.354667 0.552629
vt 0.335557 0.534881
vt 0.338835 0.527570
vt 0.348510 0.536226
vt 0.359103 0.545440
vt 0.324148 0.533588
vt 0.327278 0.526742
vt 0.317081 0.525944
vt 0.319811 0.519075
vt 0.322231 0.511690
vt 0.330095 0.519399
vt 0.316752 0.545733
vt 0.320654 0.539924
vt 0.310537 0.538016
vt 0.314002 0.532265
vt 0.352120 0.528494
vt 0.363390 0.537786
vt 0.341872 0.519794
vt 0.344763 0.511597
vt 0.355606 0.520324
vt 0.367597 0.529670
vt 0.359087 0.511757
vt 0.371817 0.521112
vt 0.347642 0.503038
vt 0.350707 0.494230
vt 0.362736 0.502896
vt 0.376182 0.512202
vt 0.335057 0.503367
vt 0.337444 0.494799
vt 0.326398 0.495565
vt 0.328369 0.486986
vt 0.330519 0.478235
vt 0.340013 0.486031
vt 0.332655 0.511588
vt 0.324396 0.503830
vt 0.726241 0.609671
vt 0.726241 0.620226
vt 0.713900 0.620226
vt 0.713900 0.609671
vt 0.726241 0.630781
vt 0.713900 0.630781
vt 0.701418 0.630781
vt 0.701418 0.620226
vt 0.701418 0.609671
vt 0.688867 0.620226
vt 0.688867 0.609671
vt 0.688867 0.630781
vt 0.676277 0.630781
vt 0.676277 0.620226
vt 0.676277 0.609671
vt 0.701418 0.641337
vt 0.688867 0.641337
vt 0.701418 0.652183
vt 0.688867 0.652183
vt 0.676277 0.652183
vt 0.676277 0.641337
vt 0.726241 0.641337
vt 0.713900 0.641337
vt 0.726241 0.652183
vt 0.713900 0.652183
vt 0.425581 0.753561
vt 0.428997 0.749906
vt 0.433574 0.754158
vt 0.429713 0.758253
vt 0.432062 0.745912
vt 0.437049 0.749683
vt 0.442722 0.753942
vt 0.438778 0.758934
vt 0.434416 0.763512
vt 0.444670 0.764278
vt 0.439760 0.769383
vt 0.449126 0.758731
vt 0.456311 0.764062
vt 0.451309 0.770207
vt 0.445809 0.775886
vt 0.446169 0.748564
vt 0.453048 0.752776
vt 0.449058 0.742806
vt 0.456367 0.746438
vt 0.464508 0.750526
vt 0.460735 0.757493
vt 0.434687 0.741602
vt 0.440063 0.744846
vt 0.436787 0.736950
vt 0.442542 0.739646
vt 0.458765 0.776734
vt 0.452651 0.783052
vt 0.464333 0.769934
vt 0.473222 0.776338
vt 0.467080 0.783856
vt 0.460335 0.790869
vt 0.476303 0.791574
vt 0.468923 0.799347
vt 0.482993 0.783301
vt 0.493670 0.790767
vt 0.486396 0.799915
vt 0.478411 0.808471
vt 0.478653 0.768402
vt 0.488936 0.774555
vt 0.483344 0.760054
vt 0.494062 0.765423
vt 0.505629 0.771179
vt 0.500098 0.781159
vt 0.469265 0.762700
vt 0.473498 0.755087
vt 0.726241 0.329154
vt 0.726241 0.340000
vt 0.713900 0.340000
vt 0.713900 0.329154
vt 0.726241 0.350556
vt 0.713900 0.350556
vt 0.701418 0.350556
vt 0.701418 0.340000
vt 0.701418 0.329154
vt 0.688867 0.340000
vt 0.688867 0.329154
vt 0.688867 0.350556
vt 0.676277 0.350556
vt 0.676277 0.340000
vt 0.676277 0.329154
vt 0.701418 0.361402
vt 0.688867 0.361402
vt 0.701418 0.371958
vt 0.688867 0.371958
vt 0.676277 0.371958
vt 0.676277 0.361402
vt 0.726241 0.361402
vt 0.713900 0.361402
vt 0.726241 0.371958
vt 0.713900 0.371958
vt 0.278695 0.498864
vt 0.275969 0.496995
vt 0.276469 0.490825
vt 0.279421 0.492803
vt 0.273317 0.495730
vt 0.273626 0.489456
vt 0.273906 0.482545
vt 0.276918 0.483987
vt 0.280067 0.486047
vt 0.277295 0.476515
vt 0.280612 0.478643
vt 0.274140 0.475019
vt 0.274316 0.466910
vt 0.277585 0.468453
vt 0.281043 0.470639
vt 0.270982 0.481692
vt 0.271093 0.474130
vt 0.268101 0.481411
vt 0.268101 0.473836
vt 0.268100 0.465690
vt 0.271175 0.465993
vt 0.270701 0.494994
vt 0.270848 0.488651
vt 0.268101 0.494754
vt 0.268102 0.488386
vt 0.277782 0.459853
vt 0.281354 0.462094
vt 0.274426 0.458272
vt 0.274480 0.449175
vt 0.277899 0.450788
vt 0.281568 0.453081
vt 0.277986 0.441326
vt 0.281744 0.443672
vt 0.274512 0.439686
vt 0.274619 0.429842
vt 0.278181 0.431518
vt 0.282050 0.433938
vt 0.271239 0.448219
vt 0.271241 0.438719
vt 0.268091 0.447904
vt 0.268079 0.438401
vt 0.268059 0.428543
vt 0.271279 0.428861
vt 0.271222 0.457333
vt 0.268096 0.457023
vt 0.726241 0.732303
vt 0.726241 0.739126
vt 0.713900 0.739126
vt 0.713900 0.732303
vt 0.726241 0.745950
vt 0.713900 0.745950
vt 0.701418 0.745950
vt 0.701418 0.739126
vt 0.701418 0.732303
vt 0.688867 0.739126
vt 0.688867 0.732303
vt 0.688867 0.745950
vt 0.676277 0.745950
vt 0.676277 0.739126
vt 0.676277 0.732303
vt 0.701418 0.757705
vt 0.688867 0.757705
vt 0.701418 0.765155
vt 0.688867 0.765155
vt 0.676277 0.765155
vt 0.676277 0.757705
vt 0.726241 0.757705
vt 0.713900 0.757705
vt 0.726241 0.765155
vt 0.713900 0.765155
vt 0.268103 0.703273
vt 0.273761 0.703612
vt 0.273280 0.716426
vt 0.268100 0.716143
vt 0.279555 0.704632
vt 0.278585 0.717284
vt 0.277592 0.730818
vt 0.272783 0.730102
vt 0.268098 0.729868
vt 0.272269 0.744523
vt 0.268097 0.744331
vt 0.276556 0.745120
vt 0.275441 0.760198
vt 0.271716 0.759705
vt 0.268097 0.759547
vt 0.282635 0.732032
vt 0.281071 0.746137
vt 0.288008 0.733806
vt 0.285915 0.747635
vt 0.283634 0.762288
vt 0.279379 0.761038
vt 0.285605 0.706342
vt 0.284141 0.718728
vt 0.291957 0.708787
vt 0.290015 0.720821
vt 0.271127 0.775625
vt 0.268097 0.775497
vt 0.274247 0.776021
vt 0.273019 0.792662
vt 0.270518 0.792358
vt 0.268097 0.792260
vt 0.269986 0.809057
vt 0.268097 0.808982
vt 0.271948 0.809290
vt 0.271067 0.825228
vt 0.269546 0.825036
vt 0.268096 0.824973
vt 0.275682 0.793177
vt 0.274062 0.809690
vt 0.278609 0.793957
vt 0.276426 0.810301
vt 0.274632 0.826075
vt 0.272734 0.825561
vt 0.277548 0.776695
vt 0.281143 0.777706
vt 0.726241 0.015785
vt 0.726241 0.023235
vt 0.713900 0.023235
vt 0.713900 0.015785
vt 0.726241 0.034990
vt 0.713900 0.034990
vt 0.701418 0.034990
vt 0.701418 0.023235
vt 0.701418 0.015785
vt 0.688867 0.023235
vt 0.688867 0.015785
vt 0.688867 0.034990
vt 0.676277 0.034990
vt 0.676277 0.023235
vt 0.676277 0.015785
vt 0.701418 0.041814
vt 0.688867 0.041814
vt 0.701418 0.048637
vt 0.688867 0.048637
vt 0.676277 0.048637
vt 0.676277 0.041814
vt 0.726241 0.041814
vt 0.713900 0.041814
vt 0.726241 0.048637
vt 0.713900 0.048637
vt 0.319182 0.725534
vt 0.325875 0.730661
vt 0.322943 0.740883
vt 0.316214 0.735995
vt 0.332429 0.735725
vt 0.329606 0.745763
vt 0.326618 0.756604
vt 0.319812 0.751945
vt 0.313039 0.747344
vt 0.316348 0.763900
vt 0.309541 0.759649
vt 0.323310 0.768297
vt 0.319236 0.780841
vt 0.312169 0.776728
vt 0.305460 0.772793
vt 0.333405 0.761086
vt 0.330349 0.772567
vt 0.340148 0.765252
vt 0.337397 0.776547
vt 0.333989 0.788672
vt 0.326546 0.784884
vt 0.338851 0.740554
vt 0.336186 0.750430
vt 0.345151 0.745060
vt 0.342681 0.754769
vt 0.307071 0.790341
vt 0.300607 0.786747
vt 0.314124 0.794167
vt 0.308543 0.808053
vt 0.301660 0.804557
vt 0.295570 0.801349
vt 0.296633 0.819095
vt 0.290947 0.816470
vt 0.303156 0.822221
vt 0.298244 0.836465
vt 0.292160 0.833615
vt 0.287016 0.831308
vt 0.316178 0.811608
vt 0.310637 0.825511
vt 0.324495 0.815019
vt 0.319080 0.828758
vt 0.313970 0.842733
vt 0.305477 0.839575
vt 0.321676 0.797977
vt 0.329587 0.801570
vt 0.726241 0.093258
vt 0.726241 0.107577
vt 0.713900 0.107577
vt 0.713900 0.093258
vt 0.726241 0.118424
vt 0.713900 0.118424
vt 0.701418 0.118424
vt 0.701418 0.107577
vt 0.701418 0.093258
vt 0.688867 0.107577
vt 0.688867 0.093258
vt 0.688867 0.118424
vt 0.676277 0.118424
vt 0.676277 0.107577
vt 0.676277 0.093258
vt 0.701418 0.129271
vt 0.688867 0.129271
vt 0.701418 0.139826
vt 0.688867 0.139826
vt 0.676277 0.139826
vt 0.676277 0.129271
vt 0.726241 0.129271
vt 0.713900 0.129271
vt 0.726241 0.139826
vt 0.713900 0.139826
vt 0.351337 0.749178
vt 0.349091 0.758703
vt 0.357405 0.752875
vt 0.355408 0.762193
vt 0.353449 0.772274
vt 0.346829 0.769004
vt 0.344416 0.780118
vt 0.351386 0.783212
vt 0.348979 0.794976
vt 0.341490 0.792065
vt 0.359976 0.775067
vt 0.358294 0.785786
vt 0.366422 0.777353
vt 0.365144 0.787822
vt 0.363787 0.799143
vt 0.356412 0.797342
vt 0.363358 0.756122
vt 0.361624 0.765214
vt 0.369165 0.758925
vt 0.367743 0.767742
vt 0.337752 0.804792
vt 0.345991 0.807531
vt 0.342413 0.820694
vt 0.333312 0.818086
vt 0.328445 0.831751
vt 0.338382 0.834314
vt 0.334377 0.848337
vt 0.323713 0.845725
vt 0.351513 0.822729
vt 0.348468 0.836287
vt 0.360514 0.824147
vt 0.358555 0.837629
vt 0.356714 0.851718
vt 0.345518 0.850369
vt 0.354166 0.809706
vt 0.362255 0.811293
vt 0.726241 0.155471
vt 0.713900 0.155471
vt 0.726241 0.170464
vt 0.713900 0.170464
vt 0.701418 0.170464
vt 0.701418 0.155471
vt 0.688867 0.155471
vt 0.688867 0.170464
vt 0.676277 0.170464
vt 0.676277 0.155471
vt 0.701418 0.184653
vt 0.688867 0.184653
vt 0.701418 0.198063
vt 0.688867 0.198063
vt 0.676277 0.198063
vt 0.676277 0.184653
vt 0.726241 0.184653
vt 0.713900 0.184653
vt 0.726241 0.198063
vt 0.713900 0.198063
vt 0.374827 0.761266
vt 0.373732 0.769797
vt 0.380332 0.763142
vt 0.379592 0.771366
vt 0.379053 0.780387
vt 0.372781 0.779125
vt 0.371933 0.789317
vt 0.378676 0.790274
vt 0.378398 0.801030
vt 0.371117 0.800371
vt 0.385202 0.781140
vt 0.385320 0.790698
vt 0.391233 0.781383
vt 0.391872 0.790593
vt 0.392805 0.800673
vt 0.385650 0.801130
vt 0.385670 0.764546
vt 0.385312 0.772446
vt 0.390833 0.765468
vt 0.390885 0.773029
vt 0.370270 0.812281
vt 0.378267 0.812656
vt 0.378189 0.825078
vt 0.369378 0.824929
vt 0.368431 0.838292
vt 0.378211 0.838275
vt 0.378432 0.852233
vt 0.367657 0.852339
vt 0.386916 0.824589
vt 0.387895 0.837571
vt 0.395591 0.823484
vt 0.397523 0.836186
vt 0.399920 0.849822
vt 0.389184 0.851394
vt 0.386181 0.812438
vt 0.394033 0.811644
vt 0.726241 0.210772
vt 0.713900 0.210772
vt 0.726241 0.222861
vt 0.713900 0.222861
vt 0.701418 0.222861
vt 0.701418 0.210772
vt 0.688867 0.210772
vt 0.688867 0.222861
vt 0.676277 0.222861
vt 0.676277 0.210772
vt 0.701418 0.234412
vt 0.688867 0.234412
vt 0.701418 0.245488
vt 0.688867 0.245488
vt 0.676277 0.245488
vt 0.676277 0.234412
vt 0.726241 0.234412
vt 0.713900 0.234412
vt 0.726241 0.245488
vt 0.713900 0.245488
vt 0.395813 0.765892
vt 0.396309 0.773102
vt 0.400609 0.765794
vt 0.401584 0.772644
vt 0.402931 0.780288
vt 0.397142 0.781106
vt 0.398324 0.789959
vt 0.404676 0.788767
vt 0.406853 0.798101
vt 0.399872 0.799671
vt 0.408597 0.778903
vt 0.410926 0.786998
vt 0.414132 0.776940
vt 0.417063 0.784635
vt 0.420535 0.793143
vt 0.413744 0.795931
vt 0.405219 0.765148
vt 0.406708 0.771630
vt 0.409648 0.763919
vt 0.411677 0.770043
vt 0.401812 0.810281
vt 0.409509 0.808321
vt 0.412707 0.819425
vt 0.404194 0.821773
vt 0.407077 0.834165
vt 0.416516 0.831437
vt 0.421011 0.844317
vt 0.410551 0.847449
vt 0.421111 0.816401
vt 0.425809 0.827974
vt 0.429387 0.812674
vt 0.434950 0.823755
vt 0.441311 0.835635
vt 0.431266 0.840390
vt 0.417117 0.805731
vt 0.424620 0.802490
vt 0.726241 0.256146
vt 0.713900 0.256146
vt 0.726241 0.266451
vt 0.713900 0.266451
vt 0.701418 0.266451
vt 0.701418 0.256146
vt 0.688867 0.256146
vt 0.688867 0.266451
vt 0.676277 0.266451
vt 0.676277 0.256146
vt 0.701418 0.276491
vt 0.688867 0.276491
vt 0.701418 0.286349
vt 0.688867 0.286349
vt 0.676277 0.286349
vt 0.676277 0.276491
vt 0.726241 0.276491
vt 0.713900 0.276491
vt 0.726241 0.286349
vt 0.713900 0.286349
vt 0.413902 0.762092
vt 0.416486 0.767876
vt 0.417985 0.759713
vt 0.421116 0.765159
vt 0.424727 0.771283
vt 0.419520 0.774393
vt 0.423066 0.781671
vt 0.428889 0.778121
vt 0.433677 0.785691
vt 0.427197 0.789726
vt 0.429711 0.767642
vt 0.434476 0.774012
vt 0.439907 0.781065
vt 0.421892 0.756850
vt 0.425541 0.761935
vt 0.431993 0.798584
vt 0.439174 0.794021
vt 0.445456 0.803123
vt 0.437528 0.808254
vt 0.443904 0.818753
vt 0.452610 0.812997
vt 0.460637 0.823618
vt 0.451124 0.830037
vt 0.453093 0.797314
vt 0.460987 0.806511
vt 0.469772 0.816410
vt 0.446085 0.788825
vt 0.726241 0.297196
vt 0.713900 0.297196
vt 0.726241 0.307751
vt 0.713900 0.307751
vt 0.701418 0.307751
vt 0.701418 0.297196
vt 0.688867 0.297196
vt 0.688867 0.307751
vt 0.676277 0.307751
vt 0.676277 0.297196
vt 0.701418 0.318598
vt 0.688867 0.318598
vt 0.676277 0.318598
vt 0.726241 0.318598
vt 0.713900 0.318598
vt 0.438289 0.731927
vt 0.444422 0.734070
vt 0.439180 0.726510
vt 0.445680 0.728111
vt 0.452951 0.730147
vt 0.451328 0.736669
vt 0.459042 0.739710
vt 0.461028 0.732615
vt 0.469935 0.735477
vt 0.467585 0.743185
vt 0.453900 0.723245
vt 0.462306 0.725141
vt 0.454158 0.715949
vt 0.462851 0.717279
vt 0.472364 0.718938
vt 0.471536 0.727400
vt 0.439463 0.720679
vt 0.446299 0.721753
vt 0.439138 0.714434
vt 0.446269 0.714995
vt 0.476985 0.747065
vt 0.479694 0.738701
vt 0.490292 0.742241
vt 0.487222 0.751337
vt 0.498326 0.755939
vt 0.501749 0.746066
vt 0.514098 0.750161
vt 0.510302 0.760883
vt 0.492517 0.732825
vt 0.504282 0.735894
vt 0.493896 0.723026
vt 0.505935 0.725333
vt 0.518881 0.727737
vt 0.516951 0.739150
vt 0.481610 0.729979
vt 0.482715 0.720875
vt 0.726241 0.381816
vt 0.713900 0.381816
vt 0.726241 0.391856
vt 0.713900 0.391856
vt 0.701418 0.391856
vt 0.701418 0.381816
vt 0.688867 0.381816
vt 0.688867 0.391856
vt 0.676277 0.391856
vt 0.676277 0.381816
vt 0.701418 0.402162
vt 0.688867 0.402162
vt 0.701418 0.412820
vt 0.688867 0.412820
vt 0.676277 0.412820
vt 0.676277 0.402162
vt 0.726241 0.402162
vt 0.713900 0.402162
vt 0.726241 0.412820
vt 0.713900 0.412820
vt 0.438191 0.707776
vt 0.445573 0.707826
vt 0.436605 0.700712
vt 0.444192 0.700265
vt 0.452507 0.700160
vt 0.453706 0.708253
vt 0.462639 0.709018
vt 0.461631 0.700354
vt 0.471578 0.700792
vt 0.472393 0.710073
vt 0.450528 0.691674
vt 0.459786 0.691286
vt 0.447740 0.682793
vt 0.457072 0.681811
vt 0.467237 0.680952
vt 0.469873 0.691086
vt 0.434354 0.693263
vt 0.442079 0.692315
vt 0.431416 0.685426
vt 0.439211 0.683980
vt 0.482984 0.711359
vt 0.482368 0.701406
vt 0.493994 0.702110
vt 0.494405 0.712802
vt 0.506688 0.714325
vt 0.506481 0.702810
vt 0.519857 0.703420
vt 0.519873 0.715854
vt 0.492594 0.690944
vt 0.505234 0.690781
vt 0.490131 0.679237
vt 0.502846 0.678130
vt 0.516391 0.676656
vt 0.518738 0.690361
vt 0.480814 0.691015
vt 0.478265 0.680142
vt 0.726241 0.423896
vt 0.713900 0.423896
vt 0.726241 0.435446
vt 0.713900 0.435446
vt 0.701418 0.435446
vt 0.701418 0.423896
vt 0.688867 0.423896
vt 0.688867 0.435446
vt 0.676277 0.435446
vt 0.676277 0.423896
vt 0.701418 0.447536
vt 0.688867 0.447536
vt 0.701418 0.460244
vt 0.688867 0.460244
vt 0.676277 0.460244
vt 0.676277 0.447536
vt 0.726241 0.447536
vt 0.713900 0.447536
vt 0.726241 0.460244
vt 0.713900 0.460244
vt 0.427770 0.677198
vt 0.435583 0.675250
vt 0.423396 0.668586
vt 0.431174 0.666135
vt 0.439662 0.663848
vt 0.444122 0.673515
vt 0.453460 0.671927
vt 0.448935 0.661645
vt 0.459028 0.659431
vt 0.463632 0.670405
vt 0.434339 0.653823
vt 0.443474 0.651002
vt 0.428049 0.643443
vt 0.436983 0.640034
vt 0.446630 0.636416
vt 0.453388 0.648071
vt 0.418254 0.659601
vt 0.425952 0.656648
vt 0.412257 0.650287
vt 0.419829 0.646835
vt 0.474663 0.668811
vt 0.469961 0.657045
vt 0.481698 0.654353
vt 0.486523 0.667028
vt 0.499208 0.664916
vt 0.494230 0.651204
vt 0.507526 0.647527
vt 0.512684 0.662322
vt 0.475583 0.641283
vt 0.487816 0.637100
vt 0.468100 0.627972
vt 0.479876 0.622801
vt 0.492314 0.616863
vt 0.500771 0.632270
vt 0.464104 0.644886
vt 0.457015 0.632452
vt 0.726241 0.473654
vt 0.713900 0.473654
vt 0.726241 0.487844
vt 0.713900 0.487844
vt 0.701418 0.487844
vt 0.701418 0.473654
vt 0.688867 0.473654
vt 0.688867 0.487844
vt 0.676277 0.487844
vt 0.676277 0.473654
vt 0.701418 0.502837
vt 0.688867 0.502837
vt 0.701418 0.518481
vt 0.688867 0.518481
vt 0.676277 0.518481
vt 0.676277 0.502837
vt 0.726241 0.502837
vt 0.713900 0.502837
vt 0.726241 0.518481
vt 0.713900 0.518481
vt 0.405312 0.640691
vt 0.412709 0.636746
vt 0.397408 0.630872
vt 0.404564 0.626443
vt 0.412256 0.621983
vt 0.420706 0.632815
vt 0.429344 0.628781
vt 0.420509 0.617373
vt 0.429321 0.612460
vt 0.438652 0.624544
vt 0.402723 0.611041
vt 0.410474 0.605881
vt 0.392398 0.600124
vt 0.399551 0.594465
vt 0.407049 0.588458
vt 0.418687 0.600392
vt 0.388594 0.620903
vt 0.395435 0.616009
vt 0.379101 0.610867
vt 0.385586 0.605553
vt 0.448596 0.619849
vt 0.438691 0.607076
vt 0.448574 0.601054
vt 0.459154 0.614562
vt 0.470250 0.608385
vt 0.458949 0.594214
vt 0.469764 0.586441
vt 0.481959 0.601432
vt 0.436457 0.587795
vt 0.445938 0.580359
vt 0.423066 0.574860
vt 0.431523 0.566987
vt 0.440257 0.558175
vt 0.455722 0.571997
vt 0.427362 0.594415
vt 0.414898 0.581968
vt 0.726241 0.529037
vt 0.713900 0.529037
vt 0.726241 0.539883
vt 0.713900 0.539883
vt 0.701418 0.539883
vt 0.701418 0.529037
vt 0.688867 0.529037
vt 0.688867 0.539883
vt 0.676277 0.539883
vt 0.676277 0.529037
vt 0.701418 0.550730
vt 0.688867 0.550730
vt 0.701418 0.565049
vt 0.688867 0.565049
vt 0.676277 0.565049
vt 0.676277 0.550730
vt 0.726241 0.550730
vt 0.713900 0.550730
vt 0.726241 0.565049
vt 0.713900 0.565049
vt 0.369221 0.600868
vt 0.375347 0.595212
vt 0.359212 0.590981
vt 0.365009 0.585077
vt 0.370814 0.578981
vt 0.381656 0.589400
vt 0.388157 0.583322
vt 0.376654 0.572577
vt 0.382543 0.565782
vt 0.394860 0.576874
vt 0.360183 0.568953
vt 0.365399 0.562325
vt 0.370522 0.555294
vt 0.349361 0.581276
vt 0.354851 0.575238
vt 0.401775 0.569946
vt 0.388502 0.558510
vt 0.394549 0.550707
vt 0.408895 0.562442
vt 0.416213 0.554259
vt 0.400719 0.542319
vt 0.407070 0.533320
vt 0.423745 0.545294
vt 0.380657 0.539790
vt 0.385794 0.531267
vt 0.391052 0.522321
vt 0.375594 0.547788
vt 0.726241 0.575605
vt 0.713900 0.575605
vt 0.726241 0.587360
vt 0.713900 0.587360
vt 0.701418 0.587360
vt 0.701418 0.575605
vt 0.688867 0.575605
vt 0.688867 0.587360
vt 0.676277 0.587360
vt 0.676277 0.575605
vt 0.701418 0.599115
vt 0.688867 0.599115
vt 0.676277 0.599115
vt 0.726241 0.599115
vt 0.713900 0.599115
vt 0.304972 0.530873
vt 0.308018 0.525151
vt 0.299989 0.524335
vt 0.302637 0.518610
vt 0.304972 0.512247
vt 0.310712 0.518819
vt 0.313079 0.511910
vt 0.307010 0.505280
vt 0.308780 0.497756
vt 0.315154 0.504463
vt 0.299795 0.506262
vt 0.301532 0.499225
vt 0.295116 0.500897
vt 0.296575 0.493784
vt 0.297818 0.486087
vt 0.303028 0.491615
vt 0.295521 0.518426
vt 0.297795 0.512675
vt 0.291505 0.513164
vt 0.293427 0.507371
vt 0.316986 0.496530
vt 0.310325 0.489734
vt 0.311718 0.481306
vt 0.318659 0.488193
vt 0.320296 0.479558
vt 0.313075 0.472585
vt 0.314591 0.463734
vt 0.322100 0.470777
vt 0.305459 0.474970
vt 0.306566 0.466146
vt 0.299786 0.469241
vt 0.300664 0.460297
vt 0.301697 0.451194
vt 0.307829 0.457187
vt 0.304315 0.483499
vt 0.298870 0.477875
vt 0.726241 0.663939
vt 0.713900 0.663939
vt 0.726241 0.674494
vt 0.713900 0.674494
vt 0.701418 0.674494
vt 0.701418 0.663939
vt 0.688867 0.663939
vt 0.688867 0.674494
vt 0.676277 0.674494
vt 0.676277 0.663939
vt 0.701418 0.685187
vt 0.688867 0.685187
vt 0.701418 0.695742
vt 0.688867 0.695742
vt 0.676277 0.695742
vt 0.676277 0.685187
vt 0.726241 0.685187
vt 0.713900 0.685187
vt 0.726241 0.695742
vt 0.713900 0.695742
vt 0.287878 0.508563
vt 0.289471 0.502720
vt 0.284579 0.504639
vt 0.285860 0.498738
vt 0.286984 0.492132
vt 0.290867 0.496182
vt 0.292066 0.488993
vt 0.287943 0.484871
vt 0.288736 0.477010
vt 0.293075 0.481212
vt 0.283403 0.488757
vt 0.284143 0.481423
vt 0.284742 0.473488
vt 0.281542 0.501406
vt 0.282531 0.495435
vt 0.293908 0.472907
vt 0.289370 0.468616
vt 0.289882 0.459771
vt 0.294612 0.464166
vt 0.295276 0.455091
vt 0.290352 0.450566
vt 0.290974 0.441109
vt 0.296095 0.445813
vt 0.285547 0.456074
vt 0.285853 0.446754
vt 0.286302 0.437139
vt 0.285201 0.465013
vt 0.726241 0.704369
vt 0.713900 0.704369
vt 0.726241 0.714924
vt 0.713900 0.714924
vt 0.701418 0.714924
vt 0.701418 0.704369
vt 0.688867 0.704369
vt 0.688867 0.714924
vt 0.676277 0.714924
vt 0.676277 0.704369
vt 0.701418 0.721747
vt 0.688867 0.721747
vt 0.676277 0.721747
vt 0.726241 0.721747
vt 0.713900 0.721747
vt 0.277915 0.504186
vt 0.275445 0.502470
vt 0.277120 0.508710
vt 0.274940 0.507227
vt 0.272714 0.506364
vt 0.273001 0.501359
vt 0.270554 0.500727
vt 0.270425 0.505894
vt 0.268101 0.505743
vt 0.268101 0.500523
vt 0.272508 0.510807
vt 0.270342 0.510570
vt 0.272503 0.514888
vt 0.270354 0.514928
vt 0.268101 0.514940
vt 0.268101 0.510495
vt 0.276366 0.512354
vt 0.274529 0.511281
vt 0.275811 0.514736
vt 0.274429 0.514820
vt 0.330313 0.690073
vt 0.327538 0.698262
vt 0.320409 0.692605
vt 0.323033 0.684200
vt 0.324780 0.706815
vt 0.317771 0.701363
vt 0.310529 0.696162
vt 0.312983 0.687157
vt 0.315402 0.678508
vt 0.305321 0.682158
vt 0.307483 0.673222
vt 0.303125 0.691475
vt 0.295722 0.687463
vt 0.297583 0.677797
vt 0.299420 0.668546
vt 0.308029 0.705700
vt 0.300894 0.701361
vt 0.305449 0.715951
vt 0.298611 0.712002
vt 0.293851 0.697735
vt 0.322014 0.715858
vt 0.315099 0.710615
vt 0.312341 0.720542
vt 0.270501 0.519168
vt 0.268101 0.519268
vt 0.272799 0.518850
vt 0.273355 0.522950
vt 0.270770 0.523504
vt 0.268100 0.523678
vt 0.271139 0.528131
vt 0.268100 0.528357
vt 0.274104 0.527423
vt 0.275027 0.532368
vt 0.271598 0.533165
vt 0.268100 0.533422
vt 0.275772 0.521943
vt 0.276926 0.526175
vt 0.277958 0.520247
vt 0.279550 0.524254
vt 0.281430 0.528936
vt 0.278323 0.530987
vt 0.274892 0.518235
vt 0.276666 0.516960
vt 0.280455 0.506622
vt 0.283151 0.509788
vt 0.281585 0.514140
vt 0.279295 0.511021
vt 0.278068 0.514523
vt 0.279876 0.517645
vt 0.284114 0.518001
vt 0.281941 0.521535
vt 0.286943 0.522569
vt 0.284306 0.526136
vt 0.286092 0.513667
vt 0.289343 0.518238
vt 0.292964 0.523483
vt 0.297013 0.529392
vt 0.293703 0.533755
vt 0.290123 0.527821
vt 0.286998 0.531421
vt 0.290057 0.537394
vt 0.286094 0.540291
vt 0.283602 0.534278
vt 0.297743 0.540370
vt 0.293534 0.544067
vt 0.302316 0.547670
vt 0.297499 0.551466
vt 0.292208 0.554440
vt 0.288942 0.546997
vt 0.301553 0.535959
vt 0.306653 0.543166
vt 0.312391 0.550995
vt 0.318867 0.559414
vt 0.313450 0.564367
vt 0.307510 0.555661
vt 0.302046 0.559641
vt 0.307320 0.568712
vt 0.300355 0.571929
vt 0.295968 0.562694
vt 0.320294 0.573735
vt 0.313548 0.578734
vt 0.328318 0.583425
vt 0.321371 0.589245
vt 0.312366 0.595840
vt 0.305542 0.582425
vt 0.326183 0.568364
vt 0.334443 0.577672
vt 0.343655 0.587174
vt 0.353415 0.596799
vt 0.347604 0.602671
vt 0.337632 0.593087
vt 0.331333 0.599244
vt 0.341885 0.608781
vt 0.336824 0.615451
vt 0.325650 0.606262
vt 0.357523 0.612170
vt 0.352061 0.618077
vt 0.367114 0.621579
vt 0.361677 0.627191
vt 0.356736 0.633107
vt 0.347149 0.624373
vt 0.363270 0.606478
vt 0.372938 0.616173
vt 0.382184 0.625829
vt 0.390760 0.635374
vt 0.384600 0.640029
vt 0.376203 0.630880
vt 0.370662 0.636141
vt 0.378912 0.644908
vt 0.373699 0.650057
vt 0.365607 0.641673
vt 0.392155 0.648988
vt 0.386321 0.653473
vt 0.398832 0.657704
vt 0.392882 0.661786
vt 0.387396 0.666162
vt 0.380954 0.658239
vt 0.398473 0.644747
vt 0.405275 0.653888
vt 0.411173 0.662743
vt 0.416255 0.671265
vt 0.409687 0.674215
vt 0.404647 0.666128
vt 0.398624 0.669800
vt 0.403636 0.677473
vt 0.398065 0.681055
vt 0.393069 0.673781
vt 0.414045 0.681926
vt 0.408012 0.684769
vt 0.417771 0.689252
vt 0.411806 0.691687
vt 0.406346 0.694479
vt 0.402471 0.687954
vt 0.420612 0.679412
vt 0.424290 0.687174
vt 0.427317 0.694546
vt 0.429718 0.701531
vt 0.423463 0.702735
vt 0.420903 0.696192
vt 0.415056 0.698212
vt 0.417788 0.704345
vt 0.412640 0.706369
vt 0.409725 0.700618
vt 0.425473 0.708878
vt 0.420027 0.710074
vt 0.426950 0.714603
vt 0.421795 0.715378
vt 0.417184 0.716648
vt 0.415118 0.711719
vt 0.431509 0.708118
vt 0.432714 0.714296
vt 0.433348 0.720048
vt 0.433415 0.725365
vt 0.428362 0.724700
vt 0.427914 0.719886
vt 0.423113 0.720223
vt 0.423985 0.724558
vt 0.420190 0.725073
vt 0.418866 0.721120
vt 0.428272 0.729029
vt 0.424385 0.728333
vt 0.427523 0.732909
vt 0.424083 0.731546
vt 0.421819 0.730705
vt 0.421183 0.728409
vt 0.432905 0.730243
vt 0.431777 0.734710
vt 0.430013 0.738804
vt 0.427711 0.742591
vt 0.423964 0.739648
vt 0.426037 0.736407
vt 0.422773 0.734319
vt 0.420788 0.736974
vt 0.418130 0.734315
vt 0.420268 0.732200
vt 0.421496 0.742743
vt 0.418450 0.739656
vt 0.418761 0.745670
vt 0.415916 0.742311
vt 0.413307 0.739189
vt 0.415765 0.736692
vt 0.424991 0.746126
vt 0.421956 0.749390
vt 0.418693 0.752345
vt 0.415265 0.754916
vt 0.412881 0.750740
vt 0.415864 0.748365
vt 0.413309 0.744846
vt 0.410729 0.747146
vt 0.408592 0.744078
vt 0.410878 0.741690
vt 0.409853 0.752673
vt 0.408242 0.749060
vt 0.406707 0.753976
vt 0.405753 0.750244
vt 0.405185 0.747774
vt 0.406583 0.746222
vt 0.411709 0.757023
vt 0.408001 0.758557
vt 0.404104 0.759435
vt 0.399993 0.759702
vt 0.399742 0.754342
vt 0.403355 0.754497
vt 0.403008 0.750341
vt 0.399891 0.749683
vt 0.400566 0.745644
vt 0.403284 0.746930
vt 0.395836 0.753656
vt 0.396398 0.748539
vt 0.391656 0.752490
vt 0.392568 0.746960
vt 0.393858 0.741988
vt 0.397396 0.743997
vt 0.395652 0.759425
vt 0.391084 0.758641
vt 0.386300 0.757375
vt 0.381310 0.755644
vt 0.382548 0.748805
vt 0.387220 0.750868
vt 0.388448 0.744966
vt 0.384064 0.742561
vt 0.385881 0.736857
vt 0.390011 0.739609
vt 0.377654 0.746310
vt 0.379434 0.739750
vt 0.372551 0.743391
vt 0.374570 0.736538
vt 0.376837 0.730215
vt 0.381484 0.733727
vt 0.376125 0.753460
vt 0.370757 0.750831
vt 0.365217 0.747763
vt 0.359505 0.744273
vt 0.361760 0.736312
vt 0.367250 0.740054
vt 0.369484 0.732931
vt 0.364182 0.728937
vt 0.366802 0.722077
vt 0.371939 0.726332
vt 0.356079 0.732183
vt 0.358660 0.724575
vt 0.350227 0.727677
vt 0.352932 0.719856
vt 0.355789 0.712511
vt 0.361424 0.717464
vt 0.353650 0.740361
vt 0.347648 0.736054
vt 0.341499 0.731381
vt 0.335190 0.726396
vt 0.337957 0.717680
vt 0.344192 0.722827
vt 0.346981 0.714812
vt 0.340785 0.709483
vt 0.343705 0.701706
vt 0.349894 0.707246
vt 0.331495 0.712302
vt 0.334314 0.703931
vt 0.337196 0.695951
vt 0.328701 0.721175
vt 0.379372 0.724369
vt 0.383831 0.728185
vt 0.382201 0.718957
vt 0.386487 0.723084
vt 0.390487 0.726866
vt 0.388019 0.731641
vt 0.391931 0.734744
vt 0.394204 0.730312
vt 0.397638 0.733444
vt 0.395557 0.737507
vt 0.393287 0.722495
vt 0.396818 0.726268
vt 0.396423 0.718507
vt 0.399769 0.722593
vt 0.402841 0.726363
vt 0.400075 0.729735
vt 0.385342 0.713949
vt 0.389465 0.718392
vt 0.388810 0.709321
vt 0.392775 0.714086
vt 0.291168 0.749723
vt 0.288308 0.764022
vt 0.293776 0.736208
vt 0.299905 0.739289
vt 0.296868 0.752406
vt 0.293485 0.766336
vt 0.303019 0.755753
vt 0.299211 0.769284
vt 0.306364 0.743055
vt 0.302750 0.727134
vt 0.309446 0.731330
vt 0.296242 0.723618
vt 0.289930 0.674260
vt 0.291377 0.664694
vt 0.288480 0.684272
vt 0.281474 0.681963
vt 0.282459 0.671658
vt 0.283456 0.661821
vt 0.275217 0.670074
vt 0.275724 0.660056
vt 0.274719 0.680569
vt 0.268106 0.680106
vt 0.268105 0.669546
vt 0.268103 0.659463
vt 0.280510 0.692912
vt 0.274237 0.691710
vt 0.268105 0.691311
vt 0.287046 0.694916
vt 0.279115 0.811194
vt 0.276852 0.826829
vt 0.281889 0.795070
vt 0.285717 0.796644
vt 0.282347 0.812464
vt 0.279557 0.827892
vt 0.286251 0.814210
vt 0.282895 0.829360
vt 0.290215 0.798776
vt 0.289663 0.781074
vt 0.294808 0.783626
vt 0.285144 0.779128
vt 0.272141 0.538691
vt 0.268100 0.538964
vt 0.276116 0.537850
vt 0.277377 0.543905
vt 0.272772 0.544754
vt 0.268099 0.545031
vt 0.273492 0.551384
vt 0.268099 0.551648
vt 0.278818 0.550565
vt 0.280454 0.557843
vt 0.274304 0.558580
vt 0.268099 0.558813
vt 0.281843 0.542441
vt 0.284004 0.549135
vt 0.286475 0.556520
vt 0.279957 0.536400
vt 0.275204 0.566328
vt 0.268098 0.566504
vt 0.282293 0.565749
vt 0.284322 0.574289
vt 0.276167 0.574571
vt 0.268098 0.574650
vt 0.277117 0.583200
vt 0.268097 0.583134
vt 0.286401 0.583383
vt 0.287911 0.592656
vt 0.277813 0.591944
vt 0.268096 0.591713
vt 0.292539 0.573617
vt 0.296079 0.583489
vt 0.298836 0.593874
vt 0.289301 0.564644
vt 0.268097 0.624076
vt 0.277445 0.624725
vt 0.277094 0.632807
vt 0.268097 0.632124
vt 0.286866 0.626668
vt 0.286152 0.634832
vt 0.285344 0.643340
vt 0.276688 0.641318
vt 0.268099 0.640630
vt 0.276223 0.650433
vt 0.268101 0.649781
vt 0.284432 0.652358
vt 0.294107 0.646597
vt 0.292784 0.655463
vt 0.302903 0.650920
vt 0.301207 0.659589
vt 0.296407 0.629879
vt 0.295306 0.638119
vt 0.305988 0.634303
vt 0.304481 0.642535
vt 0.307482 0.626028
vt 0.317457 0.631754
vt 0.315489 0.639828
vt 0.309021 0.617366
vt 0.319576 0.623437
vt 0.329823 0.630648
vt 0.327170 0.638397
vt 0.324747 0.646127
vt 0.336426 0.645489
vt 0.333596 0.652854
vt 0.339515 0.638253
vt 0.348569 0.645977
vt 0.345121 0.652780
vt 0.341935 0.659790
vt 0.332899 0.622864
vt 0.343016 0.631152
vt 0.352396 0.639393
vt 0.310638 0.607863
vt 0.322046 0.614736
vt 0.353182 0.660097
vt 0.349683 0.666768
vt 0.356941 0.653684
vt 0.364588 0.661279
vt 0.360569 0.667325
vt 0.356822 0.673656
vt 0.367274 0.674379
vt 0.363350 0.680355
vt 0.371479 0.668696
vt 0.377671 0.675860
vt 0.373344 0.681174
vt 0.369322 0.686800
vt 0.368940 0.655519
vt 0.376023 0.663313
vt 0.382337 0.670854
vt 0.361051 0.647533
vt 0.378850 0.687662
vt 0.374803 0.692938
vt 0.383221 0.682711
vt 0.388213 0.689225
vt 0.383860 0.693815
vt 0.379849 0.698746
vt 0.388436 0.699617
vt 0.384508 0.704208
vt 0.392720 0.695379
vt 0.396788 0.701170
vt 0.392617 0.705064
vt 0.392934 0.684970
vt 0.397385 0.691490
vt 0.401353 0.697641
vt 0.387950 0.678087
vt 0.396431 0.710155
vt 0.400455 0.706595
vt 0.403745 0.711657
vt 0.399902 0.714893
vt 0.403054 0.719282
vt 0.406686 0.716350
vt 0.409316 0.720675
vt 0.405920 0.723334
vt 0.407976 0.708811
vt 0.410691 0.713819
vt 0.413049 0.718428
vt 0.404872 0.703415
vt 0.408540 0.727063
vt 0.405669 0.729846
vt 0.411676 0.724630
vt 0.413833 0.728211
vt 0.410980 0.730496
vt 0.408303 0.733089
vt 0.413333 0.733677
vt 0.410811 0.736161
vt 0.415898 0.731425
vt 0.416859 0.726340
vt 0.418464 0.729556
vt 0.415089 0.722615
vt 0.688867 0.059192
vt 0.676277 0.059192
vt 0.701418 0.059192
vt 0.701418 0.070948
vt 0.688867 0.070948
vt 0.676277 0.070948
vt 0.688867 0.082703
vt 0.676277 0.082703
vt 0.701418 0.082703
vt 0.713900 0.070948
vt 0.713900 0.082703
vt 0.726241 0.070948
vt 0.726241 0.082703
vt 0.713900 0.059192
vt 0.726241 0.059192
vt 0.358829 0.705571
vt 0.364385 0.710781
vt 0.362078 0.698989
vt 0.367585 0.704484
vt 0.372760 0.709652
vt 0.369652 0.715660
vt 0.374646 0.720193
vt 0.377628 0.714479
vt 0.376153 0.704020
vt 0.380910 0.709158
vt 0.365569 0.692735
vt 0.371052 0.698542
vt 0.333121 0.682152
vt 0.340146 0.688268
vt 0.335980 0.674472
vt 0.343196 0.680851
vt 0.349929 0.687123
vt 0.346747 0.694268
vt 0.352960 0.700053
vt 0.356209 0.693188
vt 0.353281 0.680253
vt 0.359667 0.686625
vt 0.338906 0.667016
vt 0.346367 0.673686
vt 0.309590 0.664546
vt 0.311623 0.656110
vt 0.320123 0.661918
vt 0.317784 0.670104
vt 0.325654 0.676035
vt 0.328271 0.668101
vt 0.322424 0.653943
vt 0.330902 0.660382
vt 0.313570 0.647902
vt 0.278052 0.600525
vt 0.268096 0.600143
vt 0.288335 0.601709
vt 0.288038 0.610375
vt 0.277968 0.608824
vt 0.268096 0.608320
vt 0.277744 0.616819
vt 0.268096 0.616229
vt 0.287505 0.618614
vt 0.298434 0.613090
vt 0.297449 0.621651
vt 0.299216 0.603863
vt 0.398878 0.739951
vt 0.400794 0.736294
vt 0.403667 0.738919
vt 0.401861 0.742112
vt 0.404456 0.744081
vt 0.406259 0.741425
vt 0.405844 0.735912
vt 0.408421 0.738773
vt 0.403074 0.732929
vt 0.196176 0.571831
vt 0.191012 0.565762
vt 0.199971 0.556702
vt 0.204747 0.562705
vt 0.186149 0.559383
vt 0.195577 0.550310
vt 0.204212 0.541715
vt 0.208144 0.548081
vt 0.212488 0.553979
vt 0.215532 0.539921
vt 0.219433 0.545731
vt 0.212040 0.533583
vt 0.219107 0.525937
vt 0.222187 0.532262
vt 0.225651 0.538013
vt 0.200631 0.534875
vt 0.208911 0.526736
vt 0.197351 0.527563
vt 0.206094 0.519392
vt 0.213960 0.511683
vt 0.216380 0.519069
vt 0.181519 0.552623
vt 0.191495 0.543489
vt 0.177082 0.545434
vt 0.187676 0.536220
vt 0.172795 0.537779
vt 0.184066 0.528487
vt 0.168588 0.529663
vt 0.180579 0.520317
vt 0.191422 0.511590
vt 0.194314 0.519787
vt 0.203533 0.511581
vt 0.201130 0.503359
vt 0.209792 0.495556
vt 0.211794 0.503822
vt 0.188543 0.503030
vt 0.198743 0.494790
vt 0.185479 0.494222
vt 0.196175 0.486022
vt 0.205672 0.478225
vt 0.207822 0.486977
vt 0.164368 0.521106
vt 0.177098 0.511750
vt 0.160003 0.512197
vt 0.173449 0.502890
vt 0.541230 0.753099
vt 0.551030 0.753099
vt 0.551030 0.767270
vt 0.541230 0.767270
vt 0.560942 0.753099
vt 0.560942 0.767270
vt 0.560942 0.781441
vt 0.551030 0.781441
vt 0.541230 0.781441
vt 0.551030 0.795612
vt 0.541230 0.795612
vt 0.560942 0.795612
vt 0.560942 0.810174
vt 0.551030 0.810174
vt 0.541230 0.810174
vt 0.570909 0.781441
vt 0.570909 0.795612
vt 0.580907 0.781441
vt 0.580907 0.795612
vt 0.580907 0.810174
vt 0.570909 0.810174
vt 0.570909 0.753099
vt 0.570909 0.767270
vt 0.580907 0.753099
vt 0.580907 0.767270
vt 0.110611 0.753567
vt 0.106475 0.758262
vt 0.102613 0.754165
vt 0.107194 0.749910
vt 0.101766 0.763525
vt 0.097405 0.758945
vt 0.093462 0.753950
vt 0.099138 0.749689
vt 0.104131 0.745919
vt 0.096124 0.744853
vt 0.101503 0.741605
vt 0.090011 0.748568
vt 0.087123 0.742813
vt 0.093643 0.739652
vt 0.099402 0.736955
vt 0.087056 0.758741
vt 0.083133 0.752785
vt 0.079871 0.764072
vt 0.075445 0.757503
vt 0.071669 0.750534
vt 0.079810 0.746446
vt 0.096420 0.769398
vt 0.091510 0.764290
vt 0.090371 0.775900
vt 0.084872 0.770219
vt 0.083531 0.783065
vt 0.077419 0.776746
vt 0.075852 0.790880
vt 0.069109 0.783866
vt 0.062979 0.776367
vt 0.071851 0.769944
vt 0.066917 0.762710
vt 0.057532 0.768413
vt 0.052836 0.760064
vt 0.062672 0.755080
vt 0.053199 0.783313
vt 0.047253 0.774567
vt 0.042525 0.790781
vt 0.036093 0.781172
vt 0.030557 0.771190
vt 0.042122 0.765435
vt 0.067269 0.799357
vt 0.059910 0.791609
vt 0.057786 0.808478
vt 0.049800 0.799926
vt 0.541230 0.404388
vt 0.551030 0.404388
vt 0.551030 0.418950
vt 0.541230 0.418950
vt 0.560942 0.404388
vt 0.560942 0.418950
vt 0.560942 0.433121
vt 0.551030 0.433121
vt 0.541230 0.433121
vt 0.551030 0.447683
vt 0.541230 0.447683
vt 0.560942 0.447683
vt 0.560942 0.461854
vt 0.551030 0.461854
vt 0.541230 0.461854
vt 0.570909 0.433121
vt 0.570909 0.447683
vt 0.580907 0.433121
vt 0.580907 0.447683
vt 0.580907 0.461854
vt 0.570909 0.461854
vt 0.570909 0.404388
vt 0.570909 0.418950
vt 0.580907 0.404388
vt 0.580907 0.418950
vt 0.257505 0.498857
vt 0.256780 0.492798
vt 0.259733 0.490820
vt 0.260232 0.496988
vt 0.256134 0.486044
vt 0.259283 0.483984
vt 0.262296 0.482543
vt 0.262576 0.489452
vt 0.262885 0.495724
vt 0.265355 0.488649
vt 0.265502 0.494991
vt 0.265220 0.481691
vt 0.262061 0.475017
vt 0.265109 0.474129
vt 0.261885 0.466910
vt 0.265026 0.465993
vt 0.255589 0.478641
vt 0.258906 0.476514
vt 0.255158 0.470638
vt 0.258615 0.468452
vt 0.254846 0.462095
vt 0.258418 0.459855
vt 0.254631 0.453083
vt 0.258299 0.450792
vt 0.261718 0.449179
vt 0.261773 0.458274
vt 0.264978 0.457334
vt 0.264959 0.448222
vt 0.261685 0.439693
vt 0.264955 0.438723
vt 0.261576 0.429851
vt 0.264845 0.428867
vt 0.254454 0.443677
vt 0.258211 0.441332
vt 0.254149 0.433944
vt 0.258016 0.431527
vt 0.541230 0.917737
vt 0.551030 0.917737
vt 0.551030 0.926898
vt 0.541230 0.926898
vt 0.560942 0.917737
vt 0.560942 0.926898
vt 0.560942 0.937346
vt 0.551030 0.937346
vt 0.541230 0.937346
vt 0.551030 0.947553
vt 0.541230 0.947553
vt 0.560942 0.947553
vt 0.560942 0.957630
vt 0.551030 0.957630
vt 0.541230 0.957630
vt 0.570909 0.937346
vt 0.570909 0.947553
vt 0.580907 0.937346
vt 0.580907 0.947553
vt 0.580907 0.957630
vt 0.570909 0.957630
vt 0.570909 0.917737
vt 0.570909 0.926898
vt 0.580907 0.917737
vt 0.580907 0.926898
vt 0.262921 0.716428
vt 0.262443 0.703610
vt 0.263413 0.730109
vt 0.258605 0.730831
vt 0.257612 0.717286
vt 0.256649 0.704628
vt 0.252061 0.718729
vt 0.250600 0.706335
vt 0.253563 0.732044
vt 0.248193 0.733816
vt 0.246188 0.720820
vt 0.244249 0.708780
vt 0.259638 0.745139
vt 0.255124 0.746156
vt 0.260751 0.760217
vt 0.256814 0.761059
vt 0.252560 0.762309
vt 0.250279 0.747654
vt 0.263925 0.744535
vt 0.264477 0.759717
vt 0.265074 0.775634
vt 0.265676 0.792364
vt 0.263175 0.792671
vt 0.261956 0.776035
vt 0.258647 0.776711
vt 0.260512 0.793187
vt 0.257585 0.793967
vt 0.255050 0.777723
vt 0.264245 0.809296
vt 0.262131 0.809697
vt 0.265126 0.825233
vt 0.263458 0.825568
vt 0.261561 0.826083
vt 0.259769 0.810308
vt 0.266208 0.809061
vt 0.266647 0.825039
vt 0.541230 0.015785
vt 0.551030 0.015785
vt 0.551030 0.025862
vt 0.541230 0.025862
vt 0.560942 0.015785
vt 0.560942 0.025862
vt 0.560942 0.036069
vt 0.551030 0.036069
vt 0.541230 0.036069
vt 0.551030 0.046517
vt 0.541230 0.046517
vt 0.560942 0.046517
vt 0.560942 0.055677
vt 0.551030 0.055677
vt 0.541230 0.055677
vt 0.570909 0.036069
vt 0.570909 0.046517
vt 0.580907 0.036069
vt 0.580907 0.046517
vt 0.580907 0.055677
vt 0.570909 0.055677
vt 0.570909 0.015785
vt 0.570909 0.025862
vt 0.580907 0.015785
vt 0.580907 0.025862
vt 0.217020 0.725535
vt 0.219993 0.736003
vt 0.213266 0.740888
vt 0.210325 0.730660
vt 0.223176 0.747360
vt 0.216405 0.751956
vt 0.209599 0.756610
vt 0.206600 0.745764
vt 0.203767 0.735720
vt 0.200018 0.750428
vt 0.197343 0.740548
vt 0.202810 0.761090
vt 0.196066 0.765257
vt 0.193522 0.754768
vt 0.191042 0.745053
vt 0.212913 0.768306
vt 0.205873 0.772573
vt 0.216986 0.780849
vt 0.209676 0.784889
vt 0.202232 0.788679
vt 0.198823 0.776555
vt 0.226674 0.759672
vt 0.219872 0.763916
vt 0.230753 0.772818
vt 0.224049 0.776745
vt 0.235601 0.786768
vt 0.229142 0.790353
vt 0.240633 0.801361
vt 0.234547 0.804562
vt 0.227666 0.808052
vt 0.222091 0.794170
vt 0.214540 0.797978
vt 0.220032 0.811606
vt 0.211714 0.815019
vt 0.206629 0.801574
vt 0.233050 0.822219
vt 0.225570 0.825508
vt 0.237961 0.836463
vt 0.230729 0.839573
vt 0.222235 0.842731
vt 0.217127 0.828757
vt 0.245253 0.816478
vt 0.239571 0.819098
vt 0.249181 0.831312
vt 0.244043 0.833616
vt 0.541230 0.112752
vt 0.551030 0.112752
vt 0.551030 0.127315
vt 0.541230 0.127315
vt 0.560942 0.112752
vt 0.560942 0.127315
vt 0.560942 0.141485
vt 0.551030 0.141485
vt 0.541230 0.141485
vt 0.551030 0.155656
vt 0.541230 0.155656
vt 0.560942 0.155656
vt 0.560942 0.169827
vt 0.551030 0.169827
vt 0.541230 0.169827
vt 0.570909 0.141485
vt 0.570909 0.155656
vt 0.580907 0.141485
vt 0.580907 0.155656
vt 0.580907 0.169827
vt 0.570909 0.169827
vt 0.570909 0.112752
vt 0.570909 0.127315
vt 0.580907 0.112752
vt 0.580907 0.127315
vt 0.187111 0.758703
vt 0.184856 0.749171
vt 0.189383 0.769012
vt 0.182763 0.772284
vt 0.180793 0.762194
vt 0.178789 0.752870
vt 0.174575 0.765216
vt 0.172845 0.756126
vt 0.176229 0.775078
vt 0.169778 0.777364
vt 0.168461 0.767745
vt 0.167026 0.758920
vt 0.184829 0.783226
vt 0.177913 0.785801
vt 0.187239 0.794992
vt 0.179797 0.797359
vt 0.172416 0.799163
vt 0.171061 0.787840
vt 0.191803 0.780130
vt 0.194729 0.792077
vt 0.198462 0.804801
vt 0.202896 0.818090
vt 0.193793 0.820702
vt 0.190220 0.807543
vt 0.182041 0.809722
vt 0.184692 0.822740
vt 0.175688 0.824162
vt 0.173947 0.811311
vt 0.197825 0.834317
vt 0.187739 0.836295
vt 0.201828 0.848336
vt 0.190689 0.850372
vt 0.179491 0.851727
vt 0.177650 0.837641
vt 0.207762 0.831751
vt 0.212492 0.845723
vt 0.551030 0.183998
vt 0.541230 0.183998
vt 0.560942 0.183998
vt 0.560942 0.198560
vt 0.551030 0.198560
vt 0.541230 0.198560
vt 0.551030 0.212731
vt 0.541230 0.212731
vt 0.560942 0.212731
vt 0.560942 0.226902
vt 0.551030 0.226902
vt 0.541230 0.226902
vt 0.570909 0.198560
vt 0.570909 0.212731
vt 0.580907 0.198560
vt 0.580907 0.212731
vt 0.580907 0.226902
vt 0.570909 0.226902
vt 0.570909 0.183998
vt 0.580907 0.183998
vt 0.162462 0.769801
vt 0.161364 0.761262
vt 0.163417 0.779138
vt 0.157143 0.780401
vt 0.156602 0.771371
vt 0.155860 0.763139
vt 0.150881 0.772451
vt 0.150523 0.764544
vt 0.150991 0.781154
vt 0.144957 0.781396
vt 0.145307 0.773034
vt 0.145361 0.765466
vt 0.157520 0.790294
vt 0.150872 0.790717
vt 0.157771 0.801053
vt 0.150541 0.801152
vt 0.143379 0.800693
vt 0.144315 0.790612
vt 0.164267 0.789337
vt 0.165081 0.800392
vt 0.165927 0.812299
vt 0.166820 0.824944
vt 0.158006 0.825093
vt 0.157927 0.812676
vt 0.150009 0.812457
vt 0.149274 0.824605
vt 0.140593 0.823500
vt 0.142150 0.811663
vt 0.157987 0.838287
vt 0.148299 0.837584
vt 0.157769 0.852240
vt 0.147013 0.851402
vt 0.136271 0.849831
vt 0.138665 0.836199
vt 0.167770 0.838304
vt 0.168546 0.852348
vt 0.551030 0.244669
vt 0.541230 0.244669
vt 0.560942 0.244669
vt 0.560942 0.261430
vt 0.551030 0.261430
vt 0.541230 0.261430
vt 0.551030 0.277152
vt 0.541230 0.277152
vt 0.560942 0.277152
vt 0.560942 0.292057
vt 0.551030 0.292057
vt 0.541230 0.292057
vt 0.570909 0.261430
vt 0.570909 0.277152
vt 0.580907 0.261430
vt 0.580907 0.277152
vt 0.580907 0.292057
vt 0.570909 0.292057
vt 0.570909 0.244669
vt 0.580907 0.244669
vt 0.139883 0.773108
vt 0.140382 0.765891
vt 0.139046 0.781120
vt 0.133258 0.780303
vt 0.134609 0.772651
vt 0.135588 0.765794
vt 0.129486 0.771638
vt 0.130979 0.765149
vt 0.127592 0.778917
vt 0.122057 0.776954
vt 0.124516 0.770051
vt 0.126551 0.763921
vt 0.131509 0.788787
vt 0.125259 0.787017
vt 0.129329 0.798121
vt 0.122437 0.795951
vt 0.115647 0.793162
vt 0.119121 0.784653
vt 0.137861 0.789978
vt 0.136310 0.799691
vt 0.134369 0.810299
vt 0.131988 0.821788
vt 0.123476 0.819439
vt 0.126672 0.808339
vt 0.119065 0.805749
vt 0.115071 0.816415
vt 0.106795 0.812689
vt 0.111561 0.802507
vt 0.119669 0.831448
vt 0.110374 0.827986
vt 0.115175 0.844325
vt 0.104918 0.840399
vt 0.094871 0.835644
vt 0.101232 0.823767
vt 0.129108 0.834177
vt 0.125636 0.847457
vt 0.551030 0.306369
vt 0.541230 0.306369
vt 0.560942 0.306369
vt 0.560942 0.320205
vt 0.551030 0.320205
vt 0.541230 0.320205
vt 0.551030 0.333683
vt 0.541230 0.333683
vt 0.560942 0.333683
vt 0.560942 0.346922
vt 0.551030 0.346922
vt 0.541230 0.346922
vt 0.570909 0.320205
vt 0.570909 0.333683
vt 0.580907 0.320205
vt 0.580907 0.333683
vt 0.580907 0.346922
vt 0.570909 0.346922
vt 0.570909 0.306369
vt 0.580907 0.306369
vt 0.119707 0.767884
vt 0.122296 0.762094
vt 0.116667 0.774406
vt 0.111458 0.771297
vt 0.115075 0.765168
vt 0.118211 0.759718
vt 0.110648 0.761945
vt 0.114302 0.756855
vt 0.106472 0.767656
vt 0.107292 0.778137
vt 0.101704 0.774028
vt 0.102504 0.785708
vt 0.096273 0.781080
vt 0.113117 0.781688
vt 0.108984 0.789743
vt 0.104189 0.798600
vt 0.098655 0.808268
vt 0.090729 0.803135
vt 0.097008 0.794036
vt 0.090098 0.788839
vt 0.083092 0.797325
vt 0.083576 0.813006
vt 0.075203 0.806519
vt 0.075551 0.823623
vt 0.066421 0.816415
vt 0.092279 0.818764
vt 0.085060 0.830044
vt 0.551030 0.361484
vt 0.541230 0.361484
vt 0.560942 0.361484
vt 0.560942 0.375655
vt 0.551030 0.375655
vt 0.541230 0.375655
vt 0.551030 0.390217
vt 0.541230 0.390217
vt 0.560942 0.390217
vt 0.570909 0.375655
vt 0.570909 0.390217
vt 0.580907 0.375655
vt 0.580907 0.390217
vt 0.570909 0.361484
vt 0.580907 0.361484
vt 0.091760 0.734078
vt 0.097898 0.731933
vt 0.084849 0.736678
vt 0.083224 0.730155
vt 0.090500 0.728117
vt 0.097004 0.726515
vt 0.089878 0.721760
vt 0.096717 0.720686
vt 0.082273 0.723251
vt 0.082012 0.715954
vt 0.089906 0.715001
vt 0.097041 0.714441
vt 0.075143 0.732622
vt 0.073864 0.725147
vt 0.066236 0.735484
vt 0.064633 0.727406
vt 0.063804 0.718942
vt 0.073317 0.717284
vt 0.077133 0.739718
vt 0.068589 0.743193
vt 0.059190 0.747073
vt 0.048944 0.751316
vt 0.045884 0.742249
vt 0.056479 0.738709
vt 0.054561 0.729986
vt 0.043657 0.732832
vt 0.042277 0.723030
vt 0.053454 0.720879
vt 0.034430 0.746073
vt 0.031896 0.735899
vt 0.022086 0.750167
vt 0.019231 0.739154
vt 0.017299 0.727737
vt 0.030241 0.725335
vt 0.037855 0.755947
vt 0.025882 0.760889
vt 0.551030 0.475093
vt 0.541230 0.475093
vt 0.560942 0.475093
vt 0.560942 0.488571
vt 0.551030 0.488571
vt 0.541230 0.488571
vt 0.551030 0.502407
vt 0.541230 0.502407
vt 0.560942 0.502407
vt 0.560942 0.516719
vt 0.551030 0.516719
vt 0.541230 0.516719
vt 0.570909 0.488571
vt 0.570909 0.502407
vt 0.580907 0.488571
vt 0.580907 0.502407
vt 0.580907 0.516719
vt 0.570909 0.516719
vt 0.570909 0.475093
vt 0.580907 0.475093
vt 0.090591 0.707831
vt 0.097985 0.707783
vt 0.082463 0.708257
vt 0.083660 0.700164
vt 0.091978 0.700271
vt 0.099569 0.700720
vt 0.094090 0.692322
vt 0.101819 0.693272
vt 0.085638 0.691678
vt 0.088425 0.682797
vt 0.096957 0.683987
vt 0.104755 0.685436
vt 0.074534 0.700356
vt 0.076378 0.691287
vt 0.064589 0.700792
vt 0.066292 0.691087
vt 0.068927 0.680953
vt 0.079092 0.681812
vt 0.073528 0.709021
vt 0.063775 0.710074
vt 0.053186 0.711361
vt 0.041767 0.712804
vt 0.042180 0.702141
vt 0.053800 0.701408
vt 0.055352 0.691019
vt 0.043574 0.690950
vt 0.046033 0.679245
vt 0.057898 0.680147
vt 0.029695 0.702810
vt 0.030938 0.690784
vt 0.016325 0.703416
vt 0.017439 0.690362
vt 0.019782 0.676659
vt 0.033322 0.678137
vt 0.029489 0.714324
vt 0.016308 0.715850
vt 0.551030 0.531624
vt 0.541230 0.531624
vt 0.560942 0.531624
vt 0.560942 0.547347
vt 0.551030 0.547347
vt 0.541230 0.547347
vt 0.551030 0.564107
vt 0.541230 0.564107
vt 0.560942 0.564107
vt 0.560942 0.581874
vt 0.551030 0.581874
vt 0.541230 0.581874
vt 0.570909 0.547347
vt 0.570909 0.564107
vt 0.580907 0.547347
vt 0.580907 0.564107
vt 0.580907 0.581874
vt 0.570909 0.581874
vt 0.570909 0.531624
vt 0.580907 0.531624
vt 0.100584 0.675257
vt 0.108399 0.677208
vt 0.092042 0.673517
vt 0.096501 0.663849
vt 0.104992 0.666142
vt 0.112773 0.668597
vt 0.110213 0.656655
vt 0.117913 0.659613
vt 0.101823 0.653824
vt 0.108113 0.643445
vt 0.116335 0.646842
vt 0.123910 0.650298
vt 0.087227 0.661642
vt 0.092688 0.650999
vt 0.077135 0.659427
vt 0.082776 0.648067
vt 0.089533 0.636412
vt 0.099178 0.640031
vt 0.082703 0.671926
vt 0.072533 0.670387
vt 0.061500 0.668813
vt 0.049642 0.667032
vt 0.054470 0.654353
vt 0.066204 0.657042
vt 0.072062 0.644883
vt 0.060586 0.641282
vt 0.068069 0.627971
vt 0.079151 0.632449
vt 0.041942 0.651204
vt 0.048357 0.637100
vt 0.028651 0.647526
vt 0.035405 0.632270
vt 0.043861 0.616863
vt 0.056295 0.622801
vt 0.036961 0.664919
vt 0.023490 0.662323
vt 0.551030 0.596045
vt 0.541230 0.596045
vt 0.560942 0.596045
vt 0.560942 0.610216
vt 0.551030 0.610216
vt 0.541230 0.610216
vt 0.551030 0.624778
vt 0.541230 0.624778
vt 0.560942 0.624778
vt 0.560942 0.638949
vt 0.551030 0.638949
vt 0.541230 0.638949
vt 0.570909 0.610216
vt 0.570909 0.624778
vt 0.580907 0.610216
vt 0.580907 0.624778
vt 0.580907 0.638949
vt 0.570909 0.638949
vt 0.570909 0.596045
vt 0.580907 0.596045
vt 0.123455 0.636752
vt 0.130854 0.640701
vt 0.115456 0.632815
vt 0.123907 0.621983
vt 0.131600 0.626448
vt 0.138758 0.630880
vt 0.140730 0.616012
vt 0.147572 0.620909
vt 0.133442 0.611040
vt 0.143770 0.600123
vt 0.150582 0.605556
vt 0.157066 0.610872
vt 0.115653 0.617369
vt 0.125690 0.605877
vt 0.106843 0.612455
vt 0.117479 0.600386
vt 0.129119 0.588453
vt 0.136617 0.594462
vt 0.106818 0.628777
vt 0.097512 0.624539
vt 0.087571 0.619846
vt 0.077016 0.614560
vt 0.087597 0.601051
vt 0.097476 0.607071
vt 0.108806 0.594410
vt 0.099712 0.587792
vt 0.113102 0.574856
vt 0.121270 0.581963
vt 0.077224 0.594212
vt 0.090233 0.580355
vt 0.066412 0.586439
vt 0.080451 0.571993
vt 0.095915 0.558171
vt 0.104647 0.566982
vt 0.065923 0.608383
vt 0.054217 0.601431
vt 0.551030 0.653120
vt 0.541230 0.653120
vt 0.560942 0.653120
vt 0.560942 0.667291
vt 0.551030 0.667291
vt 0.541230 0.667291
vt 0.551030 0.681462
vt 0.541230 0.681462
vt 0.560942 0.681462
vt 0.560942 0.696024
vt 0.551030 0.696024
vt 0.541230 0.696024
vt 0.570909 0.667291
vt 0.570909 0.681462
vt 0.580907 0.667291
vt 0.580907 0.681462
vt 0.580907 0.696024
vt 0.570909 0.696024
vt 0.570909 0.653120
vt 0.580907 0.653120
vt 0.160824 0.595213
vt 0.166949 0.600871
vt 0.154517 0.589398
vt 0.165361 0.578972
vt 0.171166 0.585076
vt 0.176958 0.590981
vt 0.181327 0.575237
vt 0.186815 0.581277
vt 0.175999 0.568948
vt 0.159524 0.572572
vt 0.170784 0.562319
vt 0.153633 0.565776
vt 0.165660 0.555288
vt 0.148016 0.583317
vt 0.141312 0.576869
vt 0.134396 0.569941
vt 0.127276 0.562437
vt 0.141626 0.550701
vt 0.147674 0.558504
vt 0.160587 0.547782
vt 0.155525 0.539784
vt 0.135457 0.542314
vt 0.150388 0.531261
vt 0.129107 0.533314
vt 0.145129 0.522317
vt 0.119959 0.554254
vt 0.112428 0.545288
vt 0.551030 0.710586
vt 0.541230 0.710586
vt 0.560942 0.710586
vt 0.560942 0.724757
vt 0.551030 0.724757
vt 0.541230 0.724757
vt 0.551030 0.738928
vt 0.541230 0.738928
vt 0.560942 0.738928
vt 0.570909 0.724757
vt 0.570909 0.738928
vt 0.580907 0.724757
vt 0.580907 0.738928
vt 0.570909 0.710586
vt 0.580907 0.710586
vt 0.228173 0.525145
vt 0.231217 0.530869
vt 0.225481 0.518814
vt 0.231224 0.512242
vt 0.233556 0.518604
vt 0.236203 0.524330
vt 0.238400 0.512670
vt 0.240673 0.518421
vt 0.236402 0.506256
vt 0.241082 0.500892
vt 0.242769 0.507366
vt 0.244691 0.513158
vt 0.229186 0.505274
vt 0.234666 0.499219
vt 0.227416 0.497749
vt 0.233169 0.491609
vt 0.238381 0.486081
vt 0.239624 0.493778
vt 0.223115 0.511904
vt 0.221040 0.504456
vt 0.219207 0.496522
vt 0.217535 0.488185
vt 0.224478 0.481298
vt 0.225871 0.489727
vt 0.231883 0.483492
vt 0.230739 0.474963
vt 0.236413 0.469236
vt 0.237329 0.477869
vt 0.223122 0.472577
vt 0.229632 0.466138
vt 0.221606 0.463726
vt 0.228370 0.457180
vt 0.234503 0.451188
vt 0.235536 0.460291
vt 0.215899 0.479549
vt 0.214094 0.470767
vt 0.551030 0.825956
vt 0.541230 0.825956
vt 0.560942 0.825956
vt 0.560942 0.840127
vt 0.551030 0.840127
vt 0.541230 0.840127
vt 0.551030 0.854482
vt 0.541230 0.854482
vt 0.560942 0.854482
vt 0.560942 0.868653
vt 0.551030 0.868653
vt 0.541230 0.868653
vt 0.570909 0.840127
vt 0.570909 0.854482
vt 0.580907 0.840127
vt 0.580907 0.854482
vt 0.580907 0.868653
vt 0.570909 0.868653
vt 0.570909 0.825956
vt 0.580907 0.825956
vt 0.246728 0.502715
vt 0.248319 0.508556
vt 0.245333 0.496177
vt 0.249217 0.492128
vt 0.250339 0.498732
vt 0.251619 0.504632
vt 0.253669 0.495429
vt 0.254657 0.501399
vt 0.252798 0.488753
vt 0.248258 0.484867
vt 0.252058 0.481420
vt 0.247464 0.477006
vt 0.251458 0.473485
vt 0.244134 0.488989
vt 0.243125 0.481208
vt 0.242292 0.472903
vt 0.241588 0.464162
vt 0.246318 0.459769
vt 0.246830 0.468613
vt 0.251000 0.465012
vt 0.250653 0.456074
vt 0.245848 0.450565
vt 0.250346 0.446755
vt 0.245226 0.441109
vt 0.249897 0.437142
vt 0.240924 0.455087
vt 0.240106 0.445810
vt 0.551030 0.880235
vt 0.541230 0.880235
vt 0.560942 0.880235
vt 0.560942 0.894406
vt 0.551030 0.894406
vt 0.541230 0.894406
vt 0.551030 0.903567
vt 0.541230 0.903567
vt 0.560942 0.903567
vt 0.570909 0.894406
vt 0.570909 0.903567
vt 0.580907 0.894406
vt 0.580907 0.903567
vt 0.570909 0.880235
vt 0.580907 0.880235
vt 0.260756 0.502462
vt 0.258285 0.504177
vt 0.263201 0.501353
vt 0.263488 0.506357
vt 0.261261 0.507219
vt 0.259080 0.508701
vt 0.261672 0.511272
vt 0.259834 0.512345
vt 0.263694 0.510800
vt 0.263698 0.514882
vt 0.261772 0.514811
vt 0.260389 0.514727
vt 0.265778 0.505890
vt 0.265860 0.510566
vt 0.265848 0.514924
vt 0.265649 0.500724
vt 0.205876 0.690087
vt 0.213159 0.684219
vt 0.215786 0.692618
vt 0.208654 0.698269
vt 0.220792 0.678534
vt 0.223215 0.687174
vt 0.225673 0.696170
vt 0.218428 0.701368
vt 0.211414 0.706817
vt 0.221102 0.710616
vt 0.214183 0.715857
vt 0.228175 0.705701
vt 0.230755 0.715950
vt 0.223861 0.720544
vt 0.233080 0.691482
vt 0.235310 0.701359
vt 0.240484 0.687469
vt 0.242356 0.697731
vt 0.237594 0.711998
vt 0.228712 0.673251
vt 0.230879 0.682177
vt 0.236775 0.668578
vt 0.238618 0.677818
vt 0.265700 0.519164
vt 0.265430 0.523500
vt 0.262846 0.522944
vt 0.263402 0.518843
vt 0.261308 0.518226
vt 0.260427 0.521935
vt 0.258240 0.520239
vt 0.259534 0.516951
vt 0.262095 0.527417
vt 0.259272 0.526169
vt 0.261171 0.532364
vt 0.257875 0.530981
vt 0.254766 0.528930
vt 0.256647 0.524247
vt 0.265061 0.528127
vt 0.264602 0.533163
vt 0.255744 0.506613
vt 0.256904 0.511011
vt 0.254613 0.514131
vt 0.253047 0.509780
vt 0.250105 0.513660
vt 0.252083 0.517993
vt 0.249252 0.522562
vt 0.246852 0.518232
vt 0.256322 0.517636
vt 0.254256 0.521527
vt 0.251890 0.526130
vt 0.258131 0.514514
vt 0.243230 0.523477
vt 0.246071 0.527816
vt 0.242489 0.533750
vt 0.239179 0.529389
vt 0.234637 0.535956
vt 0.238447 0.540368
vt 0.233872 0.547669
vt 0.229534 0.543164
vt 0.246136 0.537391
vt 0.242658 0.544064
vt 0.250100 0.540288
vt 0.247251 0.546995
vt 0.243984 0.554439
vt 0.238690 0.551465
vt 0.249196 0.531417
vt 0.252593 0.534274
vt 0.223793 0.550993
vt 0.228675 0.555662
vt 0.222733 0.564368
vt 0.217315 0.559414
vt 0.209998 0.568364
vt 0.215887 0.573738
vt 0.207861 0.583428
vt 0.201735 0.577674
vt 0.228866 0.568715
vt 0.222636 0.578739
vt 0.235833 0.571933
vt 0.230644 0.582433
vt 0.223819 0.595848
vt 0.214812 0.589250
vt 0.234141 0.559642
vt 0.240221 0.562697
vt 0.192520 0.587176
vt 0.198545 0.593091
vt 0.188570 0.602675
vt 0.182755 0.596803
vt 0.172899 0.606483
vt 0.178648 0.612175
vt 0.169052 0.621581
vt 0.163229 0.616179
vt 0.194291 0.608786
vt 0.184114 0.618084
vt 0.199355 0.615456
vt 0.189026 0.624376
vt 0.179437 0.633111
vt 0.174494 0.627195
vt 0.204845 0.599248
vt 0.210532 0.606269
vt 0.153983 0.625836
vt 0.159964 0.630886
vt 0.151567 0.640036
vt 0.145406 0.635382
vt 0.137693 0.644758
vt 0.144012 0.648996
vt 0.137335 0.657713
vt 0.130892 0.653900
vt 0.157256 0.644913
vt 0.149846 0.653478
vt 0.162470 0.650061
vt 0.155214 0.658242
vt 0.148773 0.666168
vt 0.143285 0.661792
vt 0.165507 0.636145
vt 0.170565 0.641677
vt 0.124995 0.662755
vt 0.131521 0.666138
vt 0.126482 0.674225
vt 0.119914 0.671276
vt 0.115558 0.679422
vt 0.122126 0.681935
vt 0.118402 0.689260
vt 0.111882 0.687184
vt 0.132534 0.677479
vt 0.128159 0.684776
vt 0.138105 0.681059
vt 0.133701 0.687959
vt 0.129827 0.694484
vt 0.124368 0.691689
vt 0.137544 0.669806
vt 0.143100 0.673785
vt 0.108855 0.694560
vt 0.115271 0.696200
vt 0.112713 0.702743
vt 0.106456 0.701541
vt 0.104669 0.708126
vt 0.110706 0.708886
vt 0.109230 0.714610
vt 0.103466 0.714304
vt 0.118388 0.704352
vt 0.116150 0.710081
vt 0.123535 0.706375
vt 0.121059 0.711726
vt 0.118994 0.716655
vt 0.114384 0.715385
vt 0.121118 0.698219
vt 0.126449 0.700624
vt 0.102834 0.720056
vt 0.108269 0.719893
vt 0.107822 0.724705
vt 0.102770 0.725371
vt 0.103284 0.730248
vt 0.107916 0.729035
vt 0.108667 0.732916
vt 0.104414 0.734714
vt 0.112198 0.724565
vt 0.111799 0.728341
vt 0.115991 0.725082
vt 0.114999 0.728418
vt 0.114366 0.730713
vt 0.112105 0.731554
vt 0.113069 0.720230
vt 0.117314 0.721128
vt 0.106179 0.738808
vt 0.110153 0.736412
vt 0.112228 0.739654
vt 0.108482 0.742595
vt 0.111203 0.746130
vt 0.114697 0.742748
vt 0.117433 0.745674
vt 0.114239 0.749395
vt 0.115400 0.736982
vt 0.117741 0.739663
vt 0.118055 0.734325
vt 0.120423 0.736701
vt 0.122882 0.739199
vt 0.120276 0.742319
vt 0.113416 0.734326
vt 0.115918 0.732208
vt 0.117504 0.752349
vt 0.120332 0.748369
vt 0.123317 0.750742
vt 0.120934 0.754920
vt 0.124491 0.757024
vt 0.126347 0.752675
vt 0.129493 0.753976
vt 0.128200 0.758556
vt 0.125466 0.747154
vt 0.127955 0.749065
vt 0.127601 0.744088
vt 0.129613 0.746232
vt 0.131013 0.747782
vt 0.130447 0.750248
vt 0.122885 0.744853
vt 0.125313 0.741700
vt 0.132097 0.759433
vt 0.132847 0.754497
vt 0.136459 0.754342
vt 0.136206 0.759700
vt 0.140545 0.759422
vt 0.140360 0.753654
vt 0.144541 0.752487
vt 0.145111 0.758637
vt 0.136306 0.749687
vt 0.139800 0.748539
vt 0.135630 0.745651
vt 0.138801 0.744003
vt 0.142338 0.741991
vt 0.143629 0.746960
vt 0.133192 0.750346
vt 0.132914 0.746937
vt 0.149894 0.757370
vt 0.148976 0.750865
vt 0.153646 0.748801
vt 0.154882 0.755639
vt 0.160066 0.753454
vt 0.158539 0.746304
vt 0.163641 0.743384
vt 0.165433 0.750823
vt 0.152132 0.742560
vt 0.156762 0.739748
vt 0.150317 0.736859
vt 0.154711 0.733726
vt 0.159361 0.730216
vt 0.161624 0.736534
vt 0.147749 0.744965
vt 0.146186 0.739613
vt 0.170973 0.747755
vt 0.168941 0.740047
vt 0.174430 0.736305
vt 0.176684 0.744265
vt 0.182538 0.740353
vt 0.180108 0.732176
vt 0.185959 0.727670
vt 0.188539 0.736046
vt 0.172011 0.728934
vt 0.177529 0.724571
vt 0.169392 0.722076
vt 0.174768 0.717464
vt 0.180400 0.712510
vt 0.183256 0.719853
vt 0.166710 0.732927
vt 0.164256 0.726330
vt 0.194689 0.731374
vt 0.191994 0.722822
vt 0.198232 0.717677
vt 0.201001 0.726391
vt 0.207492 0.721171
vt 0.204696 0.712301
vt 0.195404 0.709484
vt 0.201876 0.703934
vt 0.192483 0.701711
vt 0.198992 0.695960
vt 0.189206 0.714810
vt 0.186294 0.707247
vt 0.152364 0.728186
vt 0.156823 0.724369
vt 0.148177 0.731646
vt 0.145707 0.726871
vt 0.149707 0.723087
vt 0.153991 0.718958
vt 0.146726 0.718394
vt 0.150846 0.713948
vt 0.142904 0.722499
vt 0.139765 0.718510
vt 0.143412 0.714087
vt 0.147376 0.709321
vt 0.141989 0.730318
vt 0.139372 0.726274
vt 0.138553 0.733452
vt 0.136114 0.729742
vt 0.133346 0.726370
vt 0.136418 0.722598
vt 0.144265 0.734750
vt 0.140639 0.737514
vt 0.247889 0.764046
vt 0.245032 0.749742
vt 0.242715 0.766362
vt 0.239334 0.752426
vt 0.236301 0.739299
vt 0.242431 0.736216
vt 0.239963 0.723617
vt 0.233457 0.727136
vt 0.229847 0.743069
vt 0.226762 0.731335
vt 0.236994 0.769312
vt 0.233191 0.755776
vt 0.244822 0.664725
vt 0.246272 0.674281
vt 0.252744 0.661848
vt 0.253745 0.671677
vt 0.254735 0.681971
vt 0.247726 0.684280
vt 0.249164 0.694913
vt 0.255698 0.692911
vt 0.261492 0.680575
vt 0.261972 0.691710
vt 0.260480 0.660071
vt 0.260991 0.670086
vt 0.259338 0.826838
vt 0.257078 0.811202
vt 0.256634 0.827900
vt 0.253847 0.812473
vt 0.250479 0.796656
vt 0.254306 0.795081
vt 0.251051 0.779148
vt 0.246534 0.781095
vt 0.245984 0.798790
vt 0.241394 0.783649
vt 0.253298 0.829368
vt 0.249950 0.814217
vt 0.264058 0.538690
vt 0.263426 0.544753
vt 0.258820 0.543904
vt 0.260082 0.537847
vt 0.256240 0.536396
vt 0.254353 0.542439
vt 0.257377 0.550565
vt 0.252190 0.549134
vt 0.255740 0.557845
vt 0.249717 0.556521
vt 0.262705 0.551385
vt 0.261892 0.558581
vt 0.260991 0.566330
vt 0.260027 0.574574
vt 0.251870 0.574294
vt 0.253900 0.565754
vt 0.246890 0.564647
vt 0.243651 0.573622
vt 0.249791 0.583391
vt 0.240109 0.583498
vt 0.248279 0.592667
vt 0.237352 0.593885
vt 0.259075 0.583206
vt 0.258379 0.591951
vt 0.259100 0.632819
vt 0.258748 0.624734
vt 0.259508 0.641331
vt 0.250850 0.643363
vt 0.250041 0.634851
vt 0.249325 0.626685
vt 0.240886 0.638143
vt 0.239783 0.629898
vt 0.242085 0.646626
vt 0.233288 0.650951
vt 0.231709 0.642560
vt 0.230201 0.634322
vt 0.251764 0.652384
vt 0.243408 0.655497
vt 0.234985 0.659624
vt 0.259976 0.650448
vt 0.220698 0.639843
vt 0.218729 0.631764
vt 0.228705 0.626044
vt 0.211440 0.646137
vt 0.209015 0.638405
vt 0.206361 0.630655
vt 0.216611 0.623447
vt 0.227168 0.617380
vt 0.214139 0.614744
vt 0.225549 0.607875
vt 0.203284 0.622871
vt 0.196666 0.638258
vt 0.193163 0.631157
vt 0.187609 0.645982
vt 0.183780 0.639397
vt 0.202587 0.652863
vt 0.199756 0.645496
vt 0.194246 0.659798
vt 0.191058 0.652786
vt 0.186496 0.666771
vt 0.182995 0.660102
vt 0.179356 0.673661
vt 0.175607 0.667329
vt 0.171587 0.661282
vt 0.179235 0.653689
vt 0.175122 0.647536
vt 0.167232 0.655522
vt 0.164694 0.668698
vt 0.160148 0.663315
vt 0.158506 0.675858
vt 0.153833 0.670856
vt 0.172829 0.680358
vt 0.168905 0.674379
vt 0.166858 0.686801
vt 0.162833 0.681176
vt 0.161380 0.692939
vt 0.157328 0.687663
vt 0.156335 0.698746
vt 0.152319 0.693816
vt 0.147962 0.689226
vt 0.152953 0.682713
vt 0.148225 0.678085
vt 0.143237 0.684972
vt 0.143457 0.695380
vt 0.138786 0.691495
vt 0.139391 0.701172
vt 0.134822 0.697644
vt 0.151678 0.704208
vt 0.147745 0.699617
vt 0.143566 0.705065
vt 0.139753 0.710157
vt 0.136282 0.714896
vt 0.132437 0.711661
vt 0.135726 0.706599
vt 0.131304 0.703419
vt 0.128201 0.708815
vt 0.129495 0.716356
vt 0.125488 0.713825
vt 0.126866 0.720681
vt 0.123130 0.718434
vt 0.133131 0.719287
vt 0.130265 0.723340
vt 0.130517 0.729854
vt 0.127644 0.727070
vt 0.127883 0.733099
vt 0.125204 0.730505
vt 0.122350 0.728219
vt 0.124507 0.724637
vt 0.121093 0.722623
vt 0.119324 0.726348
vt 0.120286 0.731434
vt 0.117719 0.729565
vt 0.125375 0.736172
vt 0.122853 0.733687
vt 0.580907 0.069848
vt 0.570909 0.069848
vt 0.580907 0.084019
vt 0.570909 0.084019
vt 0.560942 0.084019
vt 0.560942 0.069848
vt 0.551030 0.069848
vt 0.551030 0.084019
vt 0.541230 0.084019
vt 0.541230 0.069848
vt 0.560942 0.098190
vt 0.551030 0.098190
vt 0.541230 0.098190
vt 0.580907 0.098190
vt 0.570909 0.098190
vt 0.171806 0.710781
vt 0.177360 0.705572
vt 0.166541 0.715661
vt 0.163432 0.709653
vt 0.168604 0.704485
vt 0.174108 0.698991
vt 0.165134 0.698543
vt 0.170613 0.692738
vt 0.160035 0.704021
vt 0.158564 0.714479
vt 0.155279 0.709158
vt 0.161548 0.720193
vt 0.196041 0.688279
vt 0.203067 0.682168
vt 0.189440 0.694275
vt 0.186256 0.687130
vt 0.192988 0.680863
vt 0.200205 0.674487
vt 0.189813 0.673696
vt 0.197276 0.667029
vt 0.182899 0.680261
vt 0.179978 0.693192
vt 0.176516 0.686628
vt 0.183227 0.700056
vt 0.226601 0.664578
vt 0.218406 0.670131
vt 0.216065 0.661943
vt 0.224566 0.656139
vt 0.222617 0.647923
vt 0.213762 0.653961
vt 0.207915 0.668121
vt 0.205282 0.660397
vt 0.210536 0.676057
vt 0.258139 0.600533
vt 0.258224 0.608833
vt 0.248153 0.610390
vt 0.247856 0.601722
vt 0.236974 0.603878
vt 0.237756 0.613107
vt 0.248686 0.618630
vt 0.238741 0.621669
vt 0.258447 0.616829
vt 0.137316 0.739961
vt 0.134333 0.742122
vt 0.132524 0.738930
vt 0.135396 0.736303
vt 0.133114 0.732938
vt 0.130344 0.735922
vt 0.129933 0.741436
vt 0.127768 0.738784
vt 0.131738 0.744091
vt 0.181995 0.132628
vt 0.176305 0.126629
vt 0.187521 0.117313
vt 0.191325 0.124140
vt 0.171529 0.118943
vt 0.183993 0.109460
vt 0.195221 0.100588
vt 0.197775 0.108746
vt 0.200071 0.116546
vt 0.167142 0.110249
vt 0.180499 0.100773
vt 0.162790 0.100972
vt 0.176846 0.091576
vt 0.189376 0.082738
vt 0.192447 0.091858
vt 0.203059 0.083423
vt 0.205332 0.092201
vt 0.200497 0.074357
vt 0.210368 0.066397
vt 0.212492 0.075428
vt 0.214407 0.084266
vt 0.207387 0.100636
vt 0.208849 0.109397
vt 0.216357 0.092831
vt 0.219113 0.102187
vt 0.626339 0.609671
vt 0.638602 0.609671
vt 0.638602 0.620226
vt 0.626339 0.620226
vt 0.651068 0.609671
vt 0.651068 0.620226
vt 0.651068 0.630781
vt 0.638602 0.630781
vt 0.626339 0.630781
vt 0.663620 0.609671
vt 0.663620 0.620226
vt 0.663620 0.630781
vt 0.663620 0.641337
vt 0.651068 0.641337
vt 0.663620 0.652183
vt 0.651068 0.652183
vt 0.638602 0.641337
vt 0.626339 0.641337
vt 0.638602 0.652183
vt 0.626339 0.652183
vt 0.108212 0.346498
vt 0.103927 0.351290
vt 0.099989 0.347049
vt 0.104727 0.342712
vt 0.099048 0.356663
vt 0.094599 0.351918
vt 0.090586 0.346751
vt 0.096451 0.342418
vt 0.101610 0.338586
vt 0.093501 0.362659
vt 0.088493 0.357364
vt 0.087219 0.369299
vt 0.081610 0.363405
vt 0.076521 0.357037
vt 0.083959 0.351619
vt 0.079980 0.345461
vt 0.087089 0.341193
vt 0.072032 0.350240
vt 0.068220 0.343040
vt 0.076626 0.338915
vt 0.084171 0.335249
vt 0.093395 0.337425
vt 0.098946 0.334135
vt 0.090893 0.332060
vt 0.096827 0.329339
vt 0.080111 0.376614
vt 0.073876 0.370053
vt 0.072124 0.384591
vt 0.065248 0.377303
vt 0.059014 0.369522
vt 0.068212 0.363001
vt 0.063194 0.393238
vt 0.055672 0.385157
vt 0.053323 0.402539
vt 0.045188 0.393639
vt 0.037798 0.384138
vt 0.048871 0.376568
vt 0.042849 0.367502
vt 0.053494 0.361281
vt 0.031289 0.374175
vt 0.025711 0.363842
vt 0.037675 0.358052
vt 0.048756 0.352645
vt 0.063209 0.355511
vt 0.058925 0.347623
vt 0.626339 0.329154
vt 0.638602 0.329154
vt 0.638602 0.340000
vt 0.626339 0.340000
vt 0.651068 0.329154
vt 0.651068 0.340000
vt 0.651068 0.350556
vt 0.638602 0.350556
vt 0.626339 0.350556
vt 0.663620 0.329154
vt 0.663620 0.340000
vt 0.663620 0.350556
vt 0.663620 0.361402
vt 0.651068 0.361402
vt 0.663620 0.371958
vt 0.651068 0.371958
vt 0.638602 0.361402
vt 0.626339 0.361402
vt 0.638602 0.371958
vt 0.626339 0.371958
vt 0.263601 0.088190
vt 0.262902 0.081916
vt 0.265968 0.079896
vt 0.266437 0.086278
vt 0.262293 0.074934
vt 0.265559 0.072833
vt 0.268677 0.071368
vt 0.268915 0.078503
vt 0.269190 0.084988
vt 0.261793 0.067290
vt 0.265229 0.065124
vt 0.261415 0.059035
vt 0.264994 0.056811
vt 0.268373 0.055248
vt 0.268492 0.063605
vt 0.271639 0.062711
vt 0.271699 0.070509
vt 0.271615 0.054327
vt 0.274785 0.054037
vt 0.274725 0.062429
vt 0.274672 0.070238
vt 0.271789 0.077691
vt 0.271900 0.084245
vt 0.274626 0.077435
vt 0.274588 0.084012
vt 0.261165 0.050228
vt 0.264860 0.047950
vt 0.261020 0.040943
vt 0.264812 0.038614
vt 0.268342 0.036983
vt 0.268327 0.046350
vt 0.260916 0.031254
vt 0.264800 0.028872
vt 0.260683 0.021230
vt 0.264680 0.018776
vt 0.268354 0.017083
vt 0.268386 0.027215
vt 0.271757 0.026247
vt 0.271685 0.036025
vt 0.271724 0.016101
vt 0.275113 0.015799
vt 0.275015 0.025943
vt 0.274929 0.035725
vt 0.271632 0.045408
vt 0.274853 0.045112
vt 0.626339 0.732303
vt 0.638602 0.732303
vt 0.638602 0.739126
vt 0.626339 0.739126
vt 0.651068 0.732303
vt 0.651068 0.739126
vt 0.651068 0.745950
vt 0.638602 0.745950
vt 0.626339 0.745950
vt 0.663620 0.732303
vt 0.663620 0.739126
vt 0.663620 0.745950
vt 0.663620 0.757705
vt 0.651068 0.757705
vt 0.663620 0.765155
vt 0.651068 0.765155
vt 0.638602 0.757705
vt 0.626339 0.757705
vt 0.638602 0.765155
vt 0.626339 0.765155
vt 0.278508 0.395926
vt 0.275081 0.408937
vt 0.272744 0.408785
vt 0.275362 0.395560
vt 0.272563 0.422686
vt 0.270970 0.422663
vt 0.269213 0.422702
vt 0.270267 0.408551
vt 0.272108 0.394946
vt 0.267703 0.408167
vt 0.268693 0.393878
vt 0.267326 0.422781
vt 0.265170 0.422923
vt 0.264697 0.407607
vt 0.264928 0.392464
vt 0.626339 0.015785
vt 0.638602 0.015785
vt 0.638602 0.023235
vt 0.626339 0.023235
vt 0.651068 0.015785
vt 0.651068 0.023235
vt 0.651068 0.034990
vt 0.638602 0.034990
vt 0.626339 0.034990
vt 0.663620 0.015785
vt 0.663620 0.023235
vt 0.663620 0.034990
vt 0.663620 0.041814
vt 0.651068 0.041814
vt 0.663620 0.048637
vt 0.651068 0.048637
vt 0.638602 0.041814
vt 0.626339 0.041814
vt 0.638602 0.048637
vt 0.626339 0.048637
vt 0.220718 0.320526
vt 0.224307 0.331614
vt 0.215612 0.335457
vt 0.212657 0.326439
vt 0.227860 0.342240
vt 0.219112 0.346443
vt 0.210568 0.350385
vt 0.207468 0.339452
vt 0.205365 0.329958
vt 0.232252 0.353950
vt 0.223242 0.358615
vt 0.238352 0.368385
vt 0.227805 0.371799
vt 0.218571 0.375231
vt 0.214231 0.362367
vt 0.206232 0.366392
vt 0.202970 0.354606
vt 0.210266 0.379083
vt 0.202447 0.382962
vt 0.198866 0.370454
vt 0.195982 0.358851
vt 0.200194 0.343720
vt 0.198396 0.333551
vt 0.193447 0.348033
vt 0.191627 0.337588
vt 0.239940 0.383592
vt 0.232184 0.385591
vt 0.243429 0.396925
vt 0.236844 0.399841
vt 0.229288 0.403270
vt 0.223719 0.388910
vt 0.247562 0.411710
vt 0.241587 0.414711
vt 0.251499 0.427415
vt 0.246127 0.429991
vt 0.239709 0.432932
vt 0.234685 0.417953
vt 0.226805 0.421352
vt 0.221067 0.406798
vt 0.232099 0.436119
vt 0.223187 0.439338
vt 0.217960 0.424699
vt 0.212358 0.410339
vt 0.215356 0.392600
vt 0.207055 0.396332
vt 0.626339 0.093258
vt 0.638602 0.093258
vt 0.638602 0.107577
vt 0.626339 0.107577
vt 0.651068 0.093258
vt 0.651068 0.107577
vt 0.651068 0.118424
vt 0.638602 0.118424
vt 0.626339 0.118424
vt 0.663620 0.093258
vt 0.663620 0.107577
vt 0.663620 0.118424
vt 0.663620 0.129271
vt 0.651068 0.129271
vt 0.663620 0.139826
vt 0.651068 0.139826
vt 0.638602 0.129271
vt 0.626339 0.129271
vt 0.638602 0.139826
vt 0.626339 0.139826
vt 0.186843 0.352078
vt 0.184937 0.341889
vt 0.189120 0.362706
vt 0.182326 0.366093
vt 0.180324 0.355694
vt 0.178417 0.345981
vt 0.191641 0.374161
vt 0.194690 0.386498
vt 0.186942 0.389514
vt 0.184453 0.377362
vt 0.177322 0.380013
vt 0.175603 0.368964
vt 0.179250 0.391953
vt 0.171622 0.393797
vt 0.170254 0.382103
vt 0.168960 0.371306
vt 0.173917 0.358807
vt 0.172187 0.349458
vt 0.167631 0.361409
vt 0.166190 0.352340
vt 0.198574 0.399687
vt 0.203167 0.413513
vt 0.193697 0.416194
vt 0.190022 0.402520
vt 0.208176 0.427766
vt 0.212999 0.442366
vt 0.201875 0.444988
vt 0.197817 0.430371
vt 0.187326 0.432355
vt 0.184243 0.418266
vt 0.190281 0.447002
vt 0.178649 0.448306
vt 0.176850 0.433678
vt 0.174904 0.419690
vt 0.181544 0.404755
vt 0.173163 0.406369
vt 0.638602 0.155471
vt 0.626339 0.155471
vt 0.651068 0.155471
vt 0.651068 0.170464
vt 0.638602 0.170464
vt 0.626339 0.170464
vt 0.663620 0.155471
vt 0.663620 0.170464
vt 0.663620 0.184653
vt 0.651068 0.184653
vt 0.663620 0.198063
vt 0.651068 0.198063
vt 0.638602 0.184653
vt 0.626339 0.184653
vt 0.638602 0.198063
vt 0.626339 0.198063
vt 0.161456 0.363505
vt 0.160362 0.354725
vt 0.162404 0.373113
vt 0.155936 0.374389
vt 0.155418 0.365096
vt 0.154692 0.356630
vt 0.163243 0.383625
vt 0.164044 0.395039
vt 0.156520 0.395688
vt 0.156282 0.384584
vt 0.149428 0.384990
vt 0.149596 0.375138
vt 0.149032 0.395753
vt 0.141649 0.395239
vt 0.142671 0.384847
vt 0.143380 0.375357
vt 0.149525 0.366182
vt 0.149194 0.358050
vt 0.143783 0.366755
vt 0.143877 0.358973
vt 0.164866 0.407354
vt 0.165718 0.420448
vt 0.156599 0.420546
vt 0.156594 0.407700
vt 0.166610 0.434294
vt 0.167300 0.448855
vt 0.156142 0.448651
vt 0.156483 0.434203
vt 0.146469 0.433400
vt 0.147578 0.419981
vt 0.145021 0.447690
vt 0.133931 0.445969
vt 0.136525 0.431890
vt 0.138620 0.418777
vt 0.148418 0.407427
vt 0.140312 0.406557
vt 0.638602 0.210772
vt 0.626339 0.210772
vt 0.651068 0.210772
vt 0.651068 0.222861
vt 0.638602 0.222861
vt 0.626339 0.222861
vt 0.663620 0.210772
vt 0.663620 0.222861
vt 0.663620 0.234412
vt 0.651068 0.234412
vt 0.663620 0.245488
vt 0.651068 0.245488
vt 0.638602 0.234412
vt 0.626339 0.234412
vt 0.638602 0.245488
vt 0.626339 0.245488
vt 0.138198 0.366800
vt 0.138750 0.359381
vt 0.137294 0.375038
vt 0.131335 0.374160
vt 0.132770 0.366297
vt 0.133816 0.359252
vt 0.136022 0.384155
vt 0.134364 0.394161
vt 0.127175 0.392494
vt 0.129483 0.382885
vt 0.123054 0.381020
vt 0.125509 0.372696
vt 0.120085 0.390207
vt 0.113106 0.387282
vt 0.116747 0.378542
vt 0.119822 0.370637
vt 0.127502 0.365220
vt 0.129076 0.358558
vt 0.122396 0.363554
vt 0.124526 0.357265
vt 0.132290 0.405096
vt 0.129746 0.416945
vt 0.120975 0.414452
vt 0.124361 0.403017
vt 0.126668 0.429723
vt 0.122961 0.443420
vt 0.112182 0.440087
vt 0.116942 0.426824
vt 0.107377 0.423167
vt 0.112326 0.411262
vt 0.101628 0.435934
vt 0.091305 0.430929
vt 0.097982 0.418729
vt 0.103819 0.407347
vt 0.116533 0.400287
vt 0.108821 0.396884
vt 0.638602 0.256146
vt 0.626339 0.256146
vt 0.651068 0.256146
vt 0.651068 0.266451
vt 0.638602 0.266451
vt 0.626339 0.266451
vt 0.663620 0.256146
vt 0.663620 0.266451
vt 0.663620 0.276491
vt 0.651068 0.276491
vt 0.663620 0.286349
vt 0.651068 0.286349
vt 0.638602 0.276491
vt 0.626339 0.276491
vt 0.638602 0.286349
vt 0.626339 0.286349
vt 0.117463 0.361289
vt 0.120162 0.355356
vt 0.114293 0.367975
vt 0.108956 0.364735
vt 0.112718 0.358460
vt 0.115979 0.352881
vt 0.110586 0.375443
vt 0.106268 0.383708
vt 0.099626 0.379499
vt 0.104618 0.371742
vt 0.098900 0.367467
vt 0.103855 0.360950
vt 0.093249 0.374681
vt 0.108190 0.355110
vt 0.111983 0.349908
vt 0.101253 0.392797
vt 0.095464 0.402718
vt 0.087337 0.397357
vt 0.093892 0.388033
vt 0.088791 0.413486
vt 0.081235 0.425056
vt 0.071487 0.418339
vt 0.079869 0.407467
vt 0.071299 0.400699
vt 0.079522 0.391299
vt 0.062143 0.410813
vt 0.086820 0.382619
vt 0.638602 0.297196
vt 0.626339 0.297196
vt 0.651068 0.297196
vt 0.651068 0.307751
vt 0.638602 0.307751
vt 0.626339 0.307751
vt 0.663620 0.297196
vt 0.663620 0.307751
vt 0.663620 0.318598
vt 0.651068 0.318598
vt 0.638602 0.318598
vt 0.626339 0.318598
vt 0.089010 0.326318
vt 0.095327 0.324167
vt 0.081894 0.328925
vt 0.080287 0.322212
vt 0.087771 0.320186
vt 0.094457 0.318599
vt 0.073942 0.331977
vt 0.065130 0.335465
vt 0.062792 0.327522
vt 0.071969 0.324670
vt 0.070730 0.316984
vt 0.079377 0.315118
vt 0.061230 0.319211
vt 0.060467 0.310514
vt 0.070248 0.308909
vt 0.079180 0.307628
vt 0.087191 0.313656
vt 0.094214 0.312613
vt 0.087282 0.306722
vt 0.094602 0.306208
vt 0.055430 0.339357
vt 0.044863 0.343641
vt 0.041805 0.334258
vt 0.052734 0.330734
vt 0.033395 0.348250
vt 0.021024 0.353198
vt 0.017245 0.342129
vt 0.029987 0.338062
vt 0.027500 0.327578
vt 0.039623 0.324558
vt 0.014442 0.330776
vt 0.012594 0.319025
vt 0.025924 0.316708
vt 0.038316 0.314478
vt 0.050858 0.321754
vt 0.049821 0.312393
vt 0.638602 0.381816
vt 0.626339 0.381816
vt 0.651068 0.381816
vt 0.651068 0.391856
vt 0.638602 0.391856
vt 0.626339 0.391856
vt 0.663620 0.381816
vt 0.663620 0.391856
vt 0.663620 0.402162
vt 0.651068 0.402162
vt 0.663620 0.412820
vt 0.651068 0.412820
vt 0.638602 0.402162
vt 0.626339 0.402162
vt 0.638602 0.412820
vt 0.626339 0.412820
vt 0.088060 0.299377
vt 0.095628 0.299390
vt 0.079717 0.299739
vt 0.081024 0.291454
vt 0.089553 0.291642
vt 0.097313 0.292165
vt 0.070548 0.300436
vt 0.060532 0.301417
vt 0.061467 0.291906
vt 0.071669 0.291562
vt 0.073654 0.282288
vt 0.083135 0.282779
vt 0.063321 0.281974
vt 0.066135 0.271621
vt 0.076535 0.272613
vt 0.086076 0.273715
vt 0.091780 0.283517
vt 0.099681 0.284555
vt 0.094793 0.275012
vt 0.102753 0.276560
vt 0.049650 0.302622
vt 0.037910 0.303974
vt 0.038457 0.293004
vt 0.050393 0.292416
vt 0.025280 0.305394
vt 0.011720 0.306805
vt 0.011891 0.294034
vt 0.025631 0.293574
vt 0.027060 0.281243
vt 0.040025 0.281565
vt 0.013206 0.280640
vt 0.015793 0.266605
vt 0.029670 0.268294
vt 0.042694 0.269590
vt 0.052106 0.281757
vt 0.054846 0.270662
vt 0.638602 0.423896
vt 0.626339 0.423896
vt 0.651068 0.423896
vt 0.651068 0.435446
vt 0.638602 0.435446
vt 0.626339 0.435446
vt 0.663620 0.423896
vt 0.663620 0.435446
vt 0.663620 0.447536
vt 0.651068 0.447536
vt 0.663620 0.460244
vt 0.651068 0.460244
vt 0.638602 0.447536
vt 0.626339 0.447536
vt 0.638602 0.460244
vt 0.626339 0.460244
vt 0.098583 0.266119
vt 0.106549 0.268179
vt 0.089872 0.264261
vt 0.094530 0.254429
vt 0.103173 0.256852
vt 0.111088 0.259424
vt 0.080339 0.262537
vt 0.069950 0.260847
vt 0.074790 0.249691
vt 0.085077 0.252090
vt 0.090785 0.241270
vt 0.100078 0.244239
vt 0.080698 0.238152
vt 0.087755 0.226342
vt 0.097544 0.230165
vt 0.106603 0.233752
vt 0.108595 0.247224
vt 0.116425 0.250288
vt 0.114947 0.237278
vt 0.122736 0.240714
vt 0.058673 0.259098
vt 0.046547 0.257122
vt 0.051656 0.244202
vt 0.063636 0.247112
vt 0.033573 0.254791
vt 0.019790 0.251949
vt 0.025285 0.236848
vt 0.038862 0.240805
vt 0.045634 0.226448
vt 0.058097 0.230907
vt 0.032433 0.221307
vt 0.041337 0.205651
vt 0.053979 0.211928
vt 0.065947 0.217401
vt 0.069789 0.234753
vt 0.077210 0.222145
vt 0.638602 0.473654
vt 0.626339 0.473654
vt 0.651068 0.473654
vt 0.651068 0.487844
vt 0.638602 0.487844
vt 0.626339 0.487844
vt 0.663620 0.473654
vt 0.663620 0.487844
vt 0.663620 0.502837
vt 0.651068 0.502837
vt 0.663620 0.518481
vt 0.651068 0.518481
vt 0.638602 0.502837
vt 0.626339 0.502837
vt 0.638602 0.518481
vt 0.626339 0.518481
vt 0.122398 0.227015
vt 0.130118 0.230728
vt 0.114306 0.222940
vt 0.123736 0.211392
vt 0.131288 0.216269
vt 0.138174 0.220751
vt 0.105548 0.218737
vt 0.096114 0.214274
vt 0.105957 0.201991
vt 0.115197 0.206762
vt 0.126627 0.194090
vt 0.135489 0.198648
vt 0.117362 0.189549
vt 0.129599 0.177628
vt 0.138144 0.181847
vt 0.150974 0.183301
vt 0.142037 0.204961
vt 0.146857 0.211354
vt 0.155085 0.193666
vt 0.157601 0.202678
vt 0.086001 0.209405
vt 0.075304 0.203836
vt 0.086347 0.190223
vt 0.096344 0.196521
vt 0.064064 0.197334
vt 0.052197 0.190017
vt 0.064952 0.174886
vt 0.075872 0.183041
vt 0.089447 0.169134
vt 0.098989 0.176930
vt 0.079609 0.160375
vt 0.095743 0.146562
vt 0.104491 0.155786
vt 0.113041 0.164052
vt 0.108212 0.183800
vt 0.121435 0.171450
vt 0.638602 0.529037
vt 0.626339 0.529037
vt 0.651068 0.529037
vt 0.651068 0.539883
vt 0.638602 0.539883
vt 0.626339 0.539883
vt 0.663620 0.529037
vt 0.663620 0.539883
vt 0.663620 0.550730
vt 0.651068 0.550730
vt 0.663620 0.565049
vt 0.651068 0.565049
vt 0.638602 0.550730
vt 0.626339 0.550730
vt 0.638602 0.565049
vt 0.626339 0.565049
vt 0.145952 0.172689
vt 0.156890 0.169090
vt 0.142374 0.166932
vt 0.159255 0.156381
vt 0.135692 0.159733
vt 0.128051 0.151782
vt 0.143251 0.140174
vt 0.150370 0.148402
vt 0.120501 0.143156
vt 0.112974 0.133764
vt 0.130414 0.121921
vt 0.136745 0.131350
vt 0.152454 0.120420
vt 0.157872 0.129199
vt 0.147202 0.111052
vt 0.163960 0.137077
vt 0.171750 0.142726
vt 0.638602 0.575605
vt 0.626339 0.575605
vt 0.651068 0.575605
vt 0.651068 0.587360
vt 0.638602 0.587360
vt 0.626339 0.587360
vt 0.663620 0.575605
vt 0.663620 0.587360
vt 0.663620 0.599115
vt 0.651068 0.599115
vt 0.638602 0.599115
vt 0.626339 0.599115
vt 0.236123 0.101686
vt 0.227473 0.103290
vt 0.229468 0.096334
vt 0.234545 0.093143
vt 0.226499 0.092338
vt 0.232725 0.086166
vt 0.240074 0.088038
vt 0.242008 0.094468
vt 0.238578 0.080379
vt 0.243985 0.074805
vt 0.245195 0.082697
vt 0.246688 0.089659
vt 0.244430 0.098167
vt 0.242800 0.104098
vt 0.248314 0.095747
vt 0.249598 0.103156
vt 0.224179 0.085237
vt 0.222489 0.076762
vt 0.229712 0.069741
vt 0.231081 0.078366
vt 0.220892 0.067857
vt 0.219121 0.058790
vt 0.226926 0.051609
vt 0.228400 0.060743
vt 0.235166 0.054172
vt 0.236220 0.063275
vt 0.233951 0.044933
vt 0.240319 0.038821
vt 0.241299 0.048204
vt 0.242119 0.057426
vt 0.237319 0.072065
vt 0.242982 0.066332
vt 0.638602 0.663939
vt 0.626339 0.663939
vt 0.651068 0.663939
vt 0.651068 0.674494
vt 0.638602 0.674494
vt 0.626339 0.674494
vt 0.663620 0.663939
vt 0.663620 0.674494
vt 0.663620 0.685187
vt 0.651068 0.685187
vt 0.663620 0.695742
vt 0.651068 0.695742
vt 0.638602 0.685187
vt 0.626339 0.685187
vt 0.638602 0.695742
vt 0.626339 0.695742
vt 0.252428 0.091861
vt 0.254083 0.097318
vt 0.251055 0.085237
vt 0.255097 0.081153
vt 0.256192 0.087948
vt 0.257480 0.093771
vt 0.249886 0.077855
vt 0.248922 0.069828
vt 0.253433 0.065535
vt 0.254178 0.073650
vt 0.258128 0.070128
vt 0.258826 0.077702
vt 0.257580 0.061940
vt 0.259665 0.084603
vt 0.260633 0.090754
vt 0.248140 0.061259
vt 0.247494 0.052246
vt 0.252404 0.047760
vt 0.252854 0.056878
vt 0.246893 0.042892
vt 0.246132 0.033332
vt 0.251441 0.028534
vt 0.252001 0.038275
vt 0.256663 0.034390
vt 0.256899 0.043990
vt 0.256281 0.024488
vt 0.257180 0.053201
vt 0.638602 0.704369
vt 0.626339 0.704369
vt 0.651068 0.704369
vt 0.651068 0.714924
vt 0.638602 0.714924
vt 0.626339 0.714924
vt 0.663620 0.704369
vt 0.663620 0.714924
vt 0.663620 0.721747
vt 0.651068 0.721747
vt 0.638602 0.721747
vt 0.626339 0.721747
vt 0.266962 0.091909
vt 0.264410 0.093668
vt 0.269486 0.090799
vt 0.269801 0.095871
vt 0.267608 0.096558
vt 0.265522 0.098072
vt 0.272020 0.090174
vt 0.274558 0.089978
vt 0.274538 0.095384
vt 0.272134 0.095514
vt 0.272111 0.100559
vt 0.269883 0.100356
vt 0.274479 0.100501
vt 0.274144 0.106447
vt 0.271401 0.106695
vt 0.268272 0.105912
vt 0.268249 0.099671
vt 0.266978 0.101443
vt 0.261744 0.096081
vt 0.263210 0.100331
vt 0.259877 0.104845
vt 0.258825 0.098712
vt 0.255984 0.100435
vt 0.254658 0.105413
vt 0.158362 0.211928
vt 0.150141 0.216030
vt 0.155873 0.224489
vt 0.145333 0.223809
vt 0.160700 0.233668
vt 0.150898 0.242998
vt 0.145091 0.237494
vt 0.164276 0.241440
vt 0.155592 0.249183
vt 0.148165 0.257148
vt 0.142821 0.252270
vt 0.136824 0.247855
vt 0.137764 0.233922
vt 0.130076 0.244113
vt 0.123645 0.253505
vt 0.130295 0.256972
vt 0.125032 0.265267
vt 0.118352 0.262213
vt 0.136406 0.260769
vt 0.142026 0.264891
vt 0.136861 0.272298
vt 0.131189 0.268621
vt 0.126685 0.276051
vt 0.120537 0.273111
vt 0.132332 0.279336
vt 0.128340 0.285990
vt 0.122769 0.283099
vt 0.116678 0.280581
vt 0.113844 0.270497
vt 0.110028 0.278404
vt 0.106873 0.285929
vt 0.113428 0.287656
vt 0.110761 0.294339
vt 0.104362 0.293059
vt 0.119403 0.289763
vt 0.124847 0.292258
vt 0.121825 0.298133
vt 0.116565 0.296027
vt 0.114230 0.301885
vt 0.108657 0.300621
vt 0.119253 0.303604
vt 0.117101 0.308645
vt 0.112380 0.307311
vt 0.107098 0.306480
vt 0.102473 0.299796
vt 0.101190 0.306120
vt 0.100493 0.312016
vt 0.106071 0.311891
vt 0.105574 0.316828
vt 0.100383 0.317471
vt 0.110996 0.312272
vt 0.115346 0.313223
vt 0.113960 0.317271
vt 0.110068 0.316715
vt 0.109629 0.320587
vt 0.105635 0.321271
vt 0.112915 0.320688
vt 0.112247 0.323041
vt 0.109917 0.323889
vt 0.106373 0.325263
vt 0.100868 0.322482
vt 0.101991 0.327078
vt 0.103770 0.331298
vt 0.107873 0.328866
vt 0.109978 0.332211
vt 0.106106 0.335206
vt 0.111241 0.326745
vt 0.113829 0.324587
vt 0.116009 0.326775
vt 0.113260 0.329486
vt 0.115643 0.332258
vt 0.112491 0.335408
vt 0.118423 0.329232
vt 0.120930 0.331814
vt 0.118228 0.335004
vt 0.115281 0.338436
vt 0.108875 0.338859
vt 0.111970 0.342237
vt 0.115303 0.345298
vt 0.118239 0.341226
vt 0.121290 0.343687
vt 0.118811 0.347967
vt 0.120890 0.337627
vt 0.123409 0.334400
vt 0.125743 0.336869
vt 0.123526 0.340009
vt 0.126070 0.341993
vt 0.124390 0.345696
vt 0.127794 0.339086
vt 0.129221 0.340691
vt 0.128622 0.343226
vt 0.127616 0.347057
vt 0.122452 0.350157
vt 0.126256 0.351759
vt 0.130259 0.352688
vt 0.131060 0.347614
vt 0.134776 0.347477
vt 0.134486 0.352988
vt 0.131444 0.343343
vt 0.131181 0.339834
vt 0.133981 0.338528
vt 0.134650 0.342687
vt 0.138249 0.341530
vt 0.138795 0.346795
vt 0.137250 0.336856
vt 0.140897 0.334812
vt 0.142195 0.339929
vt 0.143102 0.345620
vt 0.138953 0.352729
vt 0.143655 0.351948
vt 0.148582 0.350671
vt 0.147670 0.343976
vt 0.152483 0.341880
vt 0.153721 0.348916
vt 0.146440 0.337903
vt 0.144864 0.332389
vt 0.149125 0.329586
vt 0.150959 0.335456
vt 0.155732 0.332593
vt 0.157525 0.339342
vt 0.153660 0.326394
vt 0.158454 0.322812
vt 0.160746 0.329321
vt 0.162781 0.336370
vt 0.159061 0.346696
vt 0.164587 0.344019
vt 0.170343 0.340827
vt 0.168321 0.332863
vt 0.174519 0.328288
vt 0.176566 0.336804
vt 0.166067 0.325519
vt 0.163569 0.318724
vt 0.169292 0.313518
vt 0.172058 0.320569
vt 0.178954 0.313861
vt 0.181768 0.322106
vt 0.175791 0.306654
vt 0.182476 0.298440
vt 0.185998 0.305324
vt 0.190817 0.313650
vt 0.183469 0.331786
vt 0.190832 0.326832
vt 0.198118 0.323739
vt 0.199509 0.313477
vt 0.206667 0.313833
vt 0.204923 0.321947
vt 0.210329 0.321142
vt 0.213296 0.315507
vt 0.151278 0.320685
vt 0.155883 0.316789
vt 0.146957 0.324214
vt 0.144448 0.319294
vt 0.148578 0.315430
vt 0.153004 0.311211
vt 0.142920 0.327379
vt 0.139179 0.330197
vt 0.137063 0.326011
vt 0.140610 0.322813
vt 0.137948 0.318644
vt 0.141596 0.314788
vt 0.134583 0.322186
vt 0.131762 0.318707
vt 0.134938 0.314854
vt 0.138396 0.310676
vt 0.145543 0.310593
vt 0.149800 0.306048
vt 0.142164 0.306156
vt 0.146257 0.301280
vt 0.262623 0.423220
vt 0.261220 0.406960
vt 0.259540 0.423847
vt 0.257058 0.406910
vt 0.253908 0.387539
vt 0.260421 0.390546
vt 0.255905 0.425315
vt 0.252597 0.408997
vt 0.248742 0.394008
vt 0.245195 0.384088
vt 0.246973 0.376128
vt 0.169324 0.254718
vt 0.170363 0.261079
vt 0.165227 0.263936
vt 0.162914 0.260315
vt 0.169330 0.270474
vt 0.162270 0.269554
vt 0.157557 0.266491
vt 0.159593 0.255120
vt 0.167172 0.248387
vt 0.153015 0.262098
vt 0.162009 0.281239
vt 0.157165 0.277181
vt 0.155920 0.289443
vt 0.151637 0.284740
vt 0.147005 0.280450
vt 0.152212 0.273427
vt 0.150749 0.295916
vt 0.146706 0.291237
vt 0.142366 0.296894
vt 0.138102 0.292885
vt 0.142302 0.286932
vt 0.137525 0.282963
vt 0.142102 0.276281
vt 0.133439 0.289250
vt 0.147234 0.269238
vt 0.138430 0.302102
vt 0.134844 0.306948
vt 0.130918 0.303607
vt 0.134320 0.298433
vt 0.131584 0.311436
vt 0.128619 0.315578
vt 0.125149 0.312829
vt 0.127873 0.308406
vt 0.123780 0.305785
vt 0.126594 0.300664
vt 0.121332 0.310499
vt 0.129805 0.295150
vt 0.128837 0.322267
vt 0.125906 0.319390
vt 0.126111 0.325580
vt 0.123378 0.322900
vt 0.120464 0.320535
vt 0.122702 0.316873
vt 0.123514 0.328720
vt 0.120941 0.326151
vt 0.118322 0.323821
vt 0.115700 0.321885
vt 0.117370 0.318594
vt 0.119212 0.314782
vt 0.663620 0.059192
vt 0.663620 0.070948
vt 0.651068 0.070948
vt 0.651068 0.059192
vt 0.663620 0.082703
vt 0.651068 0.082703
vt 0.638602 0.082703
vt 0.638602 0.070948
vt 0.626339 0.082703
vt 0.626339 0.070948
vt 0.638602 0.059192
vt 0.626339 0.059192
vt 0.172692 0.299965
vt 0.179424 0.291983
vt 0.166360 0.306952
vt 0.163216 0.300739
vt 0.169523 0.293458
vt 0.176459 0.285395
vt 0.160820 0.312403
vt 0.157787 0.306509
vt 0.154437 0.301010
vt 0.159765 0.294831
vt 0.166058 0.286988
vt 0.173242 0.278277
vt 0.135751 0.332689
vt 0.132673 0.334892
vt 0.130836 0.331599
vt 0.133804 0.328920
vt 0.129994 0.336899
vt 0.128158 0.334157
vt 0.125953 0.331419
vt 0.128619 0.328496
vt 0.131483 0.325449
vt 0.264085 0.106957
vt 0.261647 0.115143
vt 0.257190 0.114101
vt 0.265844 0.115723
vt 0.262913 0.126110
vt 0.258812 0.123386
vt 0.254615 0.121880
vt 0.620563 0.753099
vt 0.620563 0.767270
vt 0.610825 0.767270
vt 0.610825 0.753099
vt 0.620563 0.781441
vt 0.610825 0.781441
vt 0.600926 0.781441
vt 0.600926 0.767270
vt 0.600926 0.753099
vt 0.620563 0.795612
vt 0.610825 0.795612
vt 0.620563 0.810174
vt 0.610825 0.810174
vt 0.600926 0.810174
vt 0.600926 0.795612
vt 0.590958 0.795612
vt 0.590958 0.781441
vt 0.590958 0.810174
vt 0.590958 0.767270
vt 0.590958 0.753099
vt 0.438431 0.349119
vt 0.441916 0.345309
vt 0.446698 0.349649
vt 0.442750 0.353928
vt 0.445028 0.341151
vt 0.450233 0.344975
vt 0.456164 0.349306
vt 0.452147 0.354533
vt 0.447679 0.359330
vt 0.447674 0.336670
vt 0.453275 0.339936
vt 0.449765 0.331843
vt 0.455749 0.334524
vt 0.462543 0.337673
vt 0.459654 0.343680
vt 0.466853 0.347935
vt 0.462877 0.354180
vt 0.470184 0.341301
vt 0.478715 0.345387
vt 0.474921 0.352703
vt 0.470426 0.359611
vt 0.458329 0.360004
vt 0.453289 0.365368
vt 0.465309 0.366082
vt 0.459653 0.372066
vt 0.473171 0.372782
vt 0.466872 0.379462
vt 0.478875 0.365598
vt 0.488250 0.372155
vt 0.481961 0.380101
vt 0.475000 0.387539
vt 0.483894 0.357967
vt 0.488167 0.349935
vt 0.498529 0.354923
vt 0.493797 0.363740
vt 0.504673 0.369971
vt 0.498614 0.379252
vt 0.509847 0.360299
vt 0.522092 0.366058
vt 0.516514 0.376658
vt 0.509960 0.386884
vt 0.491721 0.388069
vt 0.484113 0.396312
vt 0.502481 0.396635
vt 0.494216 0.405765
vt 0.620563 0.404388
vt 0.620563 0.418950
vt 0.610825 0.418950
vt 0.610825 0.404388
vt 0.620563 0.433121
vt 0.610825 0.433121
vt 0.600926 0.433121
vt 0.600926 0.418950
vt 0.600926 0.404388
vt 0.620563 0.447683
vt 0.610825 0.447683
vt 0.620563 0.461854
vt 0.610825 0.461854
vt 0.600926 0.461854
vt 0.600926 0.447683
vt 0.590958 0.447683
vt 0.590958 0.433121
vt 0.590958 0.461854
vt 0.590958 0.418950
vt 0.590958 0.404388
vt 0.285513 0.088297
vt 0.282706 0.086358
vt 0.283250 0.079992
vt 0.286286 0.082046
vt 0.279972 0.085041
vt 0.280323 0.078566
vt 0.280652 0.071441
vt 0.283750 0.072943
vt 0.286985 0.075084
vt 0.277273 0.084271
vt 0.277460 0.077722
vt 0.277641 0.070545
vt 0.277807 0.062751
vt 0.280942 0.063685
vt 0.277949 0.054370
vt 0.281178 0.055335
vt 0.284183 0.065246
vt 0.287588 0.067457
vt 0.284535 0.056944
vt 0.288081 0.059217
vt 0.284797 0.048094
vt 0.288459 0.050423
vt 0.281354 0.046444
vt 0.281478 0.037082
vt 0.284985 0.038765
vt 0.288743 0.041149
vt 0.278062 0.045454
vt 0.278149 0.036074
vt 0.278227 0.026297
vt 0.281585 0.027318
vt 0.278418 0.016155
vt 0.281775 0.017191
vt 0.285147 0.029031
vt 0.288995 0.031471
vt 0.285424 0.018943
vt 0.289384 0.021459
vt 0.620563 0.917737
vt 0.620563 0.926898
vt 0.610825 0.926898
vt 0.610825 0.917737
vt 0.620563 0.937346
vt 0.610825 0.937346
vt 0.600926 0.937346
vt 0.600926 0.926898
vt 0.600926 0.917737
vt 0.620563 0.947553
vt 0.610825 0.947553
vt 0.620563 0.957630
vt 0.610825 0.957630
vt 0.600926 0.957630
vt 0.600926 0.947553
vt 0.590958 0.947553
vt 0.590958 0.937346
vt 0.590958 0.957630
vt 0.590958 0.926898
vt 0.590958 0.917737
vt 0.284801 0.396083
vt 0.288226 0.395908
vt 0.282442 0.409257
vt 0.279874 0.409169
vt 0.291794 0.395622
vt 0.285171 0.409403
vt 0.279985 0.423718
vt 0.277886 0.423270
vt 0.276002 0.422983
vt 0.281628 0.396059
vt 0.277421 0.409068
vt 0.274253 0.422792
vt 0.620563 0.015785
vt 0.620563 0.025862
vt 0.610825 0.025862
vt 0.610825 0.015785
vt 0.620563 0.036069
vt 0.610825 0.036069
vt 0.600926 0.036069
vt 0.600926 0.025862
vt 0.600926 0.015785
vt 0.620563 0.046517
vt 0.610825 0.046517
vt 0.620563 0.055677
vt 0.610825 0.055677
vt 0.600926 0.055677
vt 0.600926 0.046517
vt 0.590958 0.046517
vt 0.590958 0.036069
vt 0.590958 0.055677
vt 0.590958 0.025862
vt 0.590958 0.015785
vt 0.317238 0.404997
vt 0.324284 0.408310
vt 0.317494 0.422756
vt 0.310030 0.419383
vt 0.332557 0.411921
vt 0.326321 0.426340
vt 0.320606 0.441128
vt 0.311620 0.437634
vt 0.304079 0.434286
vt 0.307045 0.400199
vt 0.311573 0.402484
vt 0.304036 0.416694
vt 0.299256 0.414330
vt 0.297856 0.431484
vt 0.292841 0.428989
vt 0.620563 0.112752
vt 0.620563 0.127315
vt 0.610825 0.127315
vt 0.610825 0.112752
vt 0.620563 0.141485
vt 0.610825 0.141485
vt 0.600926 0.141485
vt 0.600926 0.127315
vt 0.600926 0.112752
vt 0.620563 0.155656
vt 0.610825 0.155656
vt 0.620563 0.169827
vt 0.610825 0.169827
vt 0.600926 0.169827
vt 0.600926 0.155656
vt 0.590958 0.155656
vt 0.590958 0.141485
vt 0.590958 0.169827
vt 0.590958 0.127315
vt 0.590958 0.112752
vt 0.357670 0.341419
vt 0.362742 0.344369
vt 0.360118 0.353961
vt 0.354752 0.351007
vt 0.368630 0.348094
vt 0.366322 0.357548
vt 0.364005 0.367868
vt 0.357419 0.364437
vt 0.351678 0.361417
vt 0.374601 0.351550
vt 0.372623 0.360809
vt 0.380488 0.354514
vt 0.378853 0.363536
vt 0.377306 0.373432
vt 0.370683 0.370928
vt 0.368682 0.382007
vt 0.361550 0.379152
vt 0.375770 0.384275
vt 0.374139 0.396059
vt 0.366455 0.394023
vt 0.358723 0.391367
vt 0.354518 0.375860
vt 0.348299 0.372695
vt 0.351081 0.388176
vt 0.344102 0.384891
vt 0.346769 0.401413
vt 0.338710 0.398005
vt 0.355287 0.404472
vt 0.351223 0.418277
vt 0.341694 0.415334
vt 0.363842 0.406942
vt 0.372318 0.408764
vt 0.370274 0.422258
vt 0.360799 0.420607
vt 0.357345 0.434883
vt 0.346692 0.432613
vt 0.367999 0.436462
vt 0.365856 0.451351
vt 0.353999 0.449758
vt 0.342207 0.447422
vt 0.336198 0.429705
vt 0.330920 0.444471
vt 0.620563 0.183998
vt 0.610825 0.183998
vt 0.620563 0.198560
vt 0.610825 0.198560
vt 0.600926 0.198560
vt 0.600926 0.183998
vt 0.620563 0.212731
vt 0.610825 0.212731
vt 0.620563 0.226902
vt 0.610825 0.226902
vt 0.600926 0.226902
vt 0.600926 0.212731
vt 0.590958 0.212731
vt 0.590958 0.198560
vt 0.590958 0.226902
vt 0.590958 0.183998
vt 0.386247 0.356999
vt 0.384993 0.365756
vt 0.391871 0.358991
vt 0.391012 0.367453
vt 0.390339 0.376780
vt 0.383856 0.375382
vt 0.397342 0.360485
vt 0.396903 0.368629
vt 0.402648 0.361469
vt 0.402657 0.369275
vt 0.402960 0.377933
vt 0.396706 0.377630
vt 0.396733 0.387563
vt 0.389819 0.387046
vt 0.403558 0.387511
vt 0.404459 0.398027
vt 0.396974 0.398447
vt 0.389420 0.398262
vt 0.382812 0.385953
vt 0.381788 0.397469
vt 0.380723 0.409930
vt 0.389114 0.410428
vt 0.388889 0.423475
vt 0.379609 0.423211
vt 0.397421 0.410281
vt 0.405666 0.409513
vt 0.407221 0.421950
vt 0.398082 0.423047
vt 0.399001 0.436732
vt 0.388768 0.437386
vt 0.409175 0.435335
vt 0.411631 0.449754
vt 0.400254 0.451348
vt 0.388861 0.452143
vt 0.378435 0.437295
vt 0.377447 0.452145
vt 0.620563 0.244669
vt 0.610825 0.244669
vt 0.620563 0.261430
vt 0.610825 0.261430
vt 0.600926 0.261430
vt 0.600926 0.244669
vt 0.620563 0.277152
vt 0.610825 0.277152
vt 0.620563 0.292057
vt 0.610825 0.292057
vt 0.600926 0.292057
vt 0.600926 0.277152
vt 0.590958 0.277152
vt 0.590958 0.261430
vt 0.590958 0.292057
vt 0.590958 0.244669
vt 0.407776 0.361930
vt 0.408262 0.369382
vt 0.412720 0.361842
vt 0.413718 0.368926
vt 0.415100 0.376855
vt 0.409091 0.377682
vt 0.417475 0.361178
vt 0.419019 0.367882
vt 0.422044 0.359903
vt 0.424160 0.366234
vt 0.426722 0.373382
vt 0.420980 0.375425
vt 0.423401 0.383841
vt 0.416895 0.385673
vt 0.429787 0.381375
vt 0.433423 0.390233
vt 0.426340 0.393152
vt 0.419143 0.395409
vt 0.410280 0.386891
vt 0.411848 0.397023
vt 0.413828 0.408128
vt 0.421897 0.406099
vt 0.425228 0.417749
vt 0.416277 0.420194
vt 0.429865 0.403394
vt 0.437714 0.399989
vt 0.442738 0.410647
vt 0.434057 0.414576
vt 0.439010 0.426742
vt 0.429218 0.430391
vt 0.448626 0.422276
vt 0.455384 0.434770
vt 0.444788 0.439825
vt 0.433955 0.443984
vt 0.419263 0.433247
vt 0.422891 0.447281
vt 0.620563 0.306369
vt 0.610825 0.306369
vt 0.620563 0.320205
vt 0.610825 0.320205
vt 0.600926 0.320205
vt 0.600926 0.306369
vt 0.620563 0.333683
vt 0.610825 0.333683
vt 0.620563 0.346922
vt 0.610825 0.346922
vt 0.600926 0.346922
vt 0.600926 0.333683
vt 0.590958 0.333683
vt 0.590958 0.320205
vt 0.590958 0.346922
vt 0.590958 0.306369
vt 0.426430 0.358003
vt 0.429130 0.363976
vt 0.430635 0.355528
vt 0.433909 0.361142
vt 0.437693 0.367469
vt 0.432306 0.370722
vt 0.434650 0.352545
vt 0.438467 0.357775
vt 0.442838 0.363657
vt 0.447842 0.370232
vt 0.442062 0.374547
vt 0.453557 0.377524
vt 0.447098 0.382399
vt 0.436024 0.378271
vt 0.440363 0.386644
vt 0.445414 0.395873
vt 0.452895 0.391055
vt 0.459539 0.400536
vt 0.451261 0.405972
vt 0.460074 0.385564
vt 0.467491 0.394376
vt 0.475870 0.403936
vt 0.467133 0.410839
vt 0.485228 0.414244
vt 0.475684 0.421944
vt 0.458023 0.416963
vt 0.465707 0.428799
vt 0.620563 0.361484
vt 0.610825 0.361484
vt 0.620563 0.375655
vt 0.610825 0.375655
vt 0.600926 0.375655
vt 0.600926 0.361484
vt 0.620563 0.390217
vt 0.610825 0.390217
vt 0.600926 0.390217
vt 0.590958 0.390217
vt 0.590958 0.375655
vt 0.590958 0.361484
vt 0.451224 0.326644
vt 0.457589 0.328738
vt 0.452038 0.321053
vt 0.458767 0.322568
vt 0.466317 0.324511
vt 0.464776 0.331286
vt 0.452207 0.315057
vt 0.459265 0.316006
vt 0.451730 0.308656
vt 0.459071 0.309048
vt 0.467222 0.309829
vt 0.467138 0.317362
vt 0.475872 0.319114
vt 0.474728 0.326879
vt 0.476232 0.310969
vt 0.486121 0.312422
vt 0.485489 0.321218
vt 0.484027 0.329638
vt 0.472824 0.334273
vt 0.481760 0.337694
vt 0.491619 0.341520
vt 0.494241 0.332752
vt 0.505363 0.336173
vt 0.502394 0.345705
vt 0.496012 0.323632
vt 0.496910 0.314140
vt 0.508594 0.316054
vt 0.507435 0.326300
vt 0.519786 0.329173
vt 0.517415 0.339869
vt 0.521204 0.318099
vt 0.534796 0.320214
vt 0.533116 0.332215
vt 0.530436 0.343821
vt 0.514086 0.350275
vt 0.526740 0.355150
vt 0.620563 0.475093
vt 0.610825 0.475093
vt 0.620563 0.488571
vt 0.610825 0.488571
vt 0.600926 0.488571
vt 0.600926 0.475093
vt 0.620563 0.502407
vt 0.610825 0.502407
vt 0.620563 0.516719
vt 0.610825 0.516719
vt 0.600926 0.516719
vt 0.600926 0.502407
vt 0.590958 0.502407
vt 0.590958 0.488571
vt 0.590958 0.516719
vt 0.590958 0.475093
vt 0.450538 0.301762
vt 0.458134 0.301598
vt 0.448339 0.293957
vt 0.456259 0.293128
vt 0.464976 0.292750
vt 0.466544 0.301801
vt 0.444832 0.284958
vt 0.453211 0.283254
vt 0.439976 0.275426
vt 0.448557 0.272705
vt 0.458923 0.269274
vt 0.462443 0.282188
vt 0.472315 0.282645
vt 0.474466 0.292961
vt 0.470185 0.272765
vt 0.479690 0.273112
vt 0.482695 0.283193
vt 0.484782 0.293462
vt 0.475777 0.302368
vt 0.485894 0.303214
vt 0.496907 0.304249
vt 0.495953 0.293923
vt 0.508040 0.294295
vt 0.508813 0.305398
vt 0.493897 0.283152
vt 0.490203 0.272045
vt 0.502195 0.270435
vt 0.506076 0.282687
vt 0.519241 0.282046
vt 0.521050 0.294601
vt 0.515657 0.268773
vt 0.530171 0.266901
vt 0.533351 0.281180
vt 0.535014 0.294773
vt 0.521647 0.306592
vt 0.535452 0.307758
vt 0.620563 0.531624
vt 0.610825 0.531624
vt 0.620563 0.547347
vt 0.610825 0.547347
vt 0.600926 0.547347
vt 0.600926 0.531624
vt 0.620563 0.564107
vt 0.610825 0.564107
vt 0.620563 0.581874
vt 0.610825 0.581874
vt 0.600926 0.581874
vt 0.600926 0.564107
vt 0.590958 0.564107
vt 0.590958 0.547347
vt 0.590958 0.581874
vt 0.590958 0.531624
vt 0.463335 0.260681
vt 0.469456 0.265944
vt 0.469137 0.255612
vt 0.475506 0.263964
vt 0.484393 0.260953
vt 0.476556 0.251099
vt 0.485193 0.243267
vt 0.495652 0.257481
vt 0.509903 0.254747
vt 0.503101 0.240354
vt 0.518954 0.236633
vt 0.525254 0.251955
vt 0.620563 0.596045
vt 0.610825 0.596045
vt 0.620563 0.610216
vt 0.610825 0.610216
vt 0.600926 0.610216
vt 0.600926 0.596045
vt 0.620563 0.624778
vt 0.610825 0.624778
vt 0.620563 0.638949
vt 0.610825 0.638949
vt 0.600926 0.638949
vt 0.600926 0.624778
vt 0.590958 0.624778
vt 0.590958 0.610216
vt 0.590958 0.638949
vt 0.590958 0.596045
vt 0.620563 0.653120
vt 0.610825 0.653120
vt 0.620563 0.667291
vt 0.610825 0.667291
vt 0.600926 0.667291
vt 0.600926 0.653120
vt 0.620563 0.681462
vt 0.610825 0.681462
vt 0.620563 0.696024
vt 0.610825 0.696024
vt 0.600926 0.696024
vt 0.600926 0.681462
vt 0.590958 0.681462
vt 0.590958 0.667291
vt 0.590958 0.696024
vt 0.590958 0.653120
vt 0.620563 0.710586
vt 0.610825 0.710586
vt 0.620563 0.724757
vt 0.610825 0.724757
vt 0.600926 0.724757
vt 0.600926 0.710586
vt 0.620563 0.738928
vt 0.610825 0.738928
vt 0.600926 0.738928
vt 0.590958 0.710586
vt 0.590958 0.724757
vt 0.299992 0.103155
vt 0.300715 0.096019
vt 0.304628 0.098538
vt 0.307057 0.104494
vt 0.302355 0.089993
vt 0.306938 0.095004
vt 0.311983 0.102601
vt 0.309069 0.088934
vt 0.315075 0.097588
vt 0.303950 0.083064
vt 0.305268 0.075201
vt 0.310671 0.081279
vt 0.317010 0.090197
vt 0.312013 0.072847
vt 0.318532 0.081255
vt 0.306387 0.066757
vt 0.307375 0.057882
vt 0.313210 0.063958
vt 0.319871 0.071595
vt 0.314374 0.054804
vt 0.321163 0.061929
vt 0.308332 0.048690
vt 0.309455 0.039336
vt 0.315723 0.045558
vt 0.322659 0.052467
vt 0.335917 0.090237
vt 0.327549 0.081065
vt 0.328854 0.070141
vt 0.337367 0.078459
vt 0.330426 0.060043
vt 0.339105 0.067929
vt 0.620563 0.825956
vt 0.610825 0.825956
vt 0.620563 0.840127
vt 0.610825 0.840127
vt 0.600926 0.840127
vt 0.600926 0.825956
vt 0.620563 0.854482
vt 0.610825 0.854482
vt 0.620563 0.868653
vt 0.610825 0.868653
vt 0.600926 0.868653
vt 0.600926 0.854482
vt 0.590958 0.854482
vt 0.590958 0.840127
vt 0.590958 0.868653
vt 0.590958 0.825956
vt 0.294935 0.097469
vt 0.296608 0.092093
vt 0.291537 0.093925
vt 0.292900 0.088146
vt 0.294086 0.081385
vt 0.298063 0.085515
vt 0.288440 0.090885
vt 0.289483 0.084767
vt 0.290411 0.077892
vt 0.291211 0.070339
vt 0.295107 0.073908
vt 0.291873 0.062170
vt 0.295964 0.065818
vt 0.299334 0.078164
vt 0.300408 0.070164
vt 0.301309 0.061622
vt 0.296665 0.057182
vt 0.297249 0.048084
vt 0.302085 0.052633
vt 0.292398 0.053450
vt 0.292816 0.044254
vt 0.293198 0.034667
vt 0.297796 0.038617
vt 0.293732 0.024780
vt 0.298505 0.028894
vt 0.302827 0.043303
vt 0.303734 0.033766
vt 0.620563 0.880235
vt 0.610825 0.880235
vt 0.620563 0.894406
vt 0.610825 0.894406
vt 0.600926 0.894406
vt 0.600926 0.880235
vt 0.620563 0.903567
vt 0.610825 0.903567
vt 0.600926 0.903567
vt 0.590958 0.903567
vt 0.590958 0.894406
vt 0.590958 0.880235
vt 0.284694 0.093759
vt 0.282146 0.092007
vt 0.283872 0.098235
vt 0.281616 0.096898
vt 0.279313 0.096031
vt 0.279623 0.090856
vt 0.283315 0.101879
vt 0.281260 0.101235
vt 0.283976 0.106280
vt 0.281590 0.106190
vt 0.279261 0.106156
vt 0.279118 0.100792
vt 0.276841 0.100552
vt 0.276945 0.095542
vt 0.276776 0.106224
vt 0.277095 0.090196
vt 0.332985 0.117122
vt 0.334382 0.103275
vt 0.342582 0.108972
vt 0.341304 0.119071
vt 0.344634 0.097081
vt 0.353908 0.102315
vt 0.351126 0.111889
vt 0.349216 0.119575
vt 0.399533 0.270453
vt 0.405874 0.277859
vt 0.401831 0.281959
vt 0.396745 0.275949
vt 0.412642 0.285852
vt 0.408105 0.289436
vt 0.404266 0.293386
vt 0.398777 0.286266
vt 0.394495 0.280482
vt 0.437318 0.286694
vt 0.432239 0.277685
vt 0.441196 0.295061
vt 0.434749 0.296476
vt 0.430508 0.288597
vt 0.425088 0.279953
vt 0.443696 0.302297
vt 0.445145 0.308667
vt 0.439262 0.309109
vt 0.437542 0.303223
vt 0.432014 0.304565
vt 0.428919 0.298279
vt 0.434020 0.310005
vt 0.429348 0.311383
vt 0.427052 0.306340
vt 0.423694 0.300485
vt 0.424296 0.290880
vt 0.418417 0.282673
vt 0.418799 0.293572
vt 0.445919 0.314543
vt 0.446093 0.319993
vt 0.440900 0.319407
vt 0.440352 0.314488
vt 0.445656 0.325011
vt 0.444570 0.329620
vt 0.440173 0.327839
vt 0.440880 0.323846
vt 0.436889 0.323198
vt 0.436419 0.319340
vt 0.436626 0.326495
vt 0.434297 0.325667
vt 0.433614 0.323326
vt 0.432548 0.319930
vt 0.435452 0.314924
vt 0.431134 0.315913
vt 0.442819 0.333856
vt 0.440500 0.337787
vt 0.436612 0.334809
vt 0.438698 0.331452
vt 0.437743 0.341459
vt 0.434649 0.344853
vt 0.431328 0.341054
vt 0.434111 0.338020
vt 0.430951 0.334884
vt 0.433320 0.332106
vt 0.428377 0.337635
vt 0.425675 0.334461
vt 0.428169 0.331877
vt 0.430567 0.329415
vt 0.435322 0.329357
vt 0.432729 0.327220
vt 0.431314 0.347923
vt 0.427797 0.350597
vt 0.425320 0.346312
vt 0.428371 0.343851
vt 0.424143 0.352784
vt 0.420330 0.354375
vt 0.418985 0.349667
vt 0.422215 0.348316
vt 0.420544 0.344616
vt 0.423088 0.342639
vt 0.417992 0.345842
vt 0.417401 0.343313
vt 0.418829 0.341717
vt 0.420879 0.339509
vt 0.425721 0.340259
vt 0.423207 0.337045
vt 0.416319 0.355288
vt 0.412086 0.355564
vt 0.411831 0.350057
vt 0.415539 0.350212
vt 0.407627 0.355271
vt 0.402940 0.354450
vt 0.403545 0.348148
vt 0.407827 0.349351
vt 0.408402 0.344112
vt 0.411981 0.345282
vt 0.404487 0.342498
vt 0.405802 0.337426
vt 0.409417 0.339471
vt 0.412663 0.341148
vt 0.415176 0.345950
vt 0.415449 0.342456
vt 0.398041 0.353125
vt 0.392947 0.351316
vt 0.394261 0.344344
vt 0.399016 0.346474
vt 0.387675 0.349033
vt 0.382244 0.346286
vt 0.384156 0.338764
vt 0.389301 0.341770
vt 0.391144 0.335131
vt 0.395830 0.338000
vt 0.386244 0.331871
vt 0.388520 0.325543
vt 0.393228 0.329048
vt 0.397681 0.332214
vt 0.400286 0.340458
vt 0.401879 0.335009
vt 0.376672 0.343086
vt 0.370970 0.339457
vt 0.373322 0.331588
vt 0.378831 0.335352
vt 0.365324 0.335617
vt 0.360433 0.332657
vt 0.362831 0.324835
vt 0.367755 0.327740
vt 0.381116 0.328258
vt 0.375663 0.324459
vt 0.378011 0.318109
vt 0.383518 0.321796
vt 0.390956 0.319752
vt 0.395536 0.323441
vt 0.393289 0.314516
vt 0.397865 0.318216
vt 0.402191 0.322028
vt 0.399824 0.326915
vt 0.395095 0.309552
vt 0.400059 0.313233
vt 0.395879 0.302684
vt 0.402516 0.308386
vt 0.407641 0.313314
vt 0.404743 0.317491
vt 0.408696 0.321402
vt 0.406097 0.325539
vt 0.411632 0.317629
vt 0.414871 0.321463
vt 0.412083 0.324919
vt 0.409627 0.328711
vt 0.403820 0.330057
vt 0.407523 0.332857
vt 0.288209 0.409806
vt 0.282380 0.424391
vt 0.295513 0.395522
vt 0.299298 0.396168
vt 0.291492 0.410679
vt 0.285269 0.425454
vt 0.295148 0.412272
vt 0.288696 0.426977
vt 0.303056 0.397902
vt 0.244518 0.121087
vt 0.246789 0.113299
vt 0.252289 0.113639
vt 0.249914 0.121256
vt 0.412935 0.263546
vt 0.406233 0.267634
vt 0.402651 0.264020
vt 0.406093 0.261762
vt 0.398795 0.265297
vt 0.398543 0.262798
vt 0.400669 0.262227
vt 0.402513 0.261015
vt 0.400435 0.297637
vt 0.405975 0.304028
vt 0.409917 0.300151
vt 0.414868 0.306116
vt 0.411038 0.309520
vt 0.414099 0.296667
vt 0.419052 0.303100
vt 0.422596 0.308554
vt 0.418573 0.311190
vt 0.425167 0.313263
vt 0.421398 0.315602
vt 0.414923 0.314221
vt 0.417974 0.318348
vt 0.420684 0.322116
vt 0.417784 0.324984
vt 0.423852 0.319598
vt 0.426098 0.323225
vt 0.423212 0.325593
vt 0.420504 0.328269
vt 0.427305 0.317498
vt 0.429164 0.321275
vt 0.430849 0.324539
vt 0.428248 0.326484
vt 0.425649 0.328818
vt 0.423094 0.331386
vt 0.590958 0.069848
vt 0.600926 0.069848
vt 0.600926 0.084019
vt 0.590958 0.084019
vt 0.610825 0.069848
vt 0.620563 0.069848
vt 0.620563 0.084019
vt 0.610825 0.084019
vt 0.610825 0.098190
vt 0.600926 0.098190
vt 0.620563 0.098190
vt 0.590958 0.098190
vt 0.383261 0.306259
vt 0.389441 0.303487
vt 0.391078 0.307868
vt 0.388645 0.311042
vt 0.380421 0.312447
vt 0.386028 0.315986
vt 0.410920 0.335338
vt 0.412860 0.331597
vt 0.415809 0.334261
vt 0.413976 0.337534
vt 0.415164 0.328150
vt 0.418014 0.331174
vt 0.420670 0.334078
vt 0.418474 0.336807
vt 0.416641 0.339536
vt 0.289783 0.104380
vt 0.286629 0.106124
vt 0.285129 0.102608
vt 0.286209 0.100318
vt 0.357984 0.120335
vt 0.356978 0.123610
vt 0.348639 0.123635
vt 0.366907 0.121806
vt 0.365587 0.124480
vt 0.365171 0.126157
vt 0.356798 0.125397
vt 0.348791 0.125559
vt 0.284995 0.374504
vt 0.280457 0.373710
vt 0.281672 0.369120
vt 0.286313 0.369986
vt 0.275863 0.372465
vt 0.276962 0.367720
vt 0.277655 0.365912
vt 0.282167 0.367398
vt 0.286631 0.368229
vt 0.435576 0.169479
vt 0.446197 0.179751
vt 0.444882 0.182401
vt 0.438904 0.176228
vt 0.451990 0.187647
vt 0.449509 0.189260
vt 0.447958 0.190145
vt 0.443693 0.183677
vt 0.438395 0.178092
vt 0.422049 0.164898
vt 0.427696 0.166275
vt 0.432381 0.172021
vt 0.425924 0.169383
vt 0.432356 0.174042
vt 0.426043 0.171301
vt 0.243958 0.303684
vt 0.244141 0.302804
vt 0.244915 0.302582
vt 0.244947 0.303702
vt 0.244163 0.302338
vt 0.244699 0.301997
vt 0.245403 0.301521
vt 0.245702 0.302134
vt 0.245953 0.303335
vt 0.242290 0.307981
vt 0.243376 0.305336
vt 0.244676 0.305820
vt 0.244154 0.309134
vt 0.245976 0.305680
vt 0.245738 0.309298
vt 0.429155 0.259527
vt 0.421693 0.261987
vt 0.419606 0.258257
vt 0.426622 0.255809
vt 0.412956 0.259471
vt 0.412767 0.257655
vt 0.418978 0.256384
vt 0.425697 0.253976
vt 0.368375 0.297706
vt 0.362803 0.298913
vt 0.362429 0.296935
vt 0.367861 0.295468
vt 0.358000 0.299847
vt 0.357739 0.298056
vt 0.357391 0.296579
vt 0.362026 0.295402
vt 0.367349 0.293886
vt 0.344662 0.302135
vt 0.343258 0.302382
vt 0.342370 0.301729
vt 0.343666 0.301306
vt 0.342589 0.302496
vt 0.341892 0.302138
vt 0.341159 0.301705
vt 0.341629 0.301226
vt 0.342822 0.300594
vt 0.400187 0.140508
vt 0.402330 0.147203
vt 0.394994 0.144504
vt 0.391666 0.138632
vt 0.402617 0.151534
vt 0.396806 0.149665
vt 0.394619 0.149916
vt 0.392585 0.144854
vt 0.389391 0.139342
vt 0.382482 0.127052
vt 0.389790 0.131989
vt 0.386376 0.133077
vt 0.380235 0.128795
vt 0.384854 0.134294
vt 0.379203 0.130287
vt 0.375056 0.123930
vt 0.373345 0.126125
vt 0.372643 0.127733
vt 0.443345 0.250663
vt 0.436543 0.255695
vt 0.433631 0.251920
vt 0.440059 0.246843
vt 0.432445 0.250188
vt 0.438606 0.245249
vt 0.399414 0.260032
vt 0.398873 0.260305
vt 0.398359 0.259569
vt 0.399171 0.259347
vt 0.398367 0.260542
vt 0.397843 0.260088
vt 0.397240 0.259509
vt 0.397886 0.258877
vt 0.398825 0.258491
vt 0.400414 0.260446
vt 0.400663 0.259438
vt 0.403283 0.259624
vt 0.400495 0.258287
vt 0.403328 0.258231
vt 0.264004 0.137148
vt 0.264089 0.141766
vt 0.261422 0.142254
vt 0.261232 0.137976
vt 0.264159 0.146573
vt 0.261540 0.146876
vt 0.259859 0.147030
vt 0.259641 0.142512
vt 0.259304 0.138506
vt 0.243090 0.302195
vt 0.241791 0.302343
vt 0.242143 0.301052
vt 0.243600 0.301358
vt 0.239083 0.302381
vt 0.239041 0.300362
vt 0.239635 0.299076
vt 0.242924 0.300129
vt 0.244396 0.300730
vt 0.243750 0.302216
vt 0.244315 0.301634
vt 0.245037 0.301123
vt 0.248386 0.348910
vt 0.244514 0.341227
vt 0.247482 0.338300
vt 0.250867 0.345097
vt 0.241618 0.333426
vt 0.245042 0.331421
vt 0.247041 0.330736
vt 0.249334 0.337278
vt 0.252543 0.343765
vt 0.392030 0.284598
vt 0.389776 0.281515
vt 0.391966 0.277574
vt 0.389021 0.288282
vt 0.387095 0.285046
vt 0.385668 0.283570
vt 0.388231 0.280229
vt 0.390367 0.276488
vt 0.402589 0.166932
vt 0.403281 0.166568
vt 0.403413 0.167384
vt 0.402380 0.167480
vt 0.404828 0.165981
vt 0.405381 0.167184
vt 0.405380 0.168377
vt 0.403176 0.168282
vt 0.402029 0.168106
vt 0.401788 0.166562
vt 0.402194 0.166722
vt 0.401801 0.167328
vt 0.401390 0.166970
vt 0.401443 0.167858
vt 0.400972 0.167494
vt 0.401822 0.164397
vt 0.401810 0.165897
vt 0.401034 0.166185
vt 0.400511 0.164497
vt 0.400387 0.166710
vt 0.399507 0.164958
vt 0.401885 0.158246
vt 0.401787 0.161662
vt 0.399649 0.161448
vt 0.398697 0.157561
vt 0.398307 0.161789
vt 0.397057 0.157836
vt 0.286126 0.182832
vt 0.290611 0.183669
vt 0.290526 0.186851
vt 0.285957 0.185898
vt 0.295105 0.183875
vt 0.295131 0.187105
vt 0.295145 0.188752
vt 0.290336 0.188487
vt 0.285595 0.187457
vt 0.407380 0.259714
vt 0.407467 0.258124
vt 0.325093 0.154767
vt 0.325365 0.149916
vt 0.328070 0.150037
vt 0.327705 0.154816
vt 0.325285 0.145329
vt 0.328086 0.145587
vt 0.329863 0.145716
vt 0.329748 0.150151
vt 0.329332 0.155002
vt 0.322979 0.164830
vt 0.324292 0.159812
vt 0.326782 0.159822
vt 0.325262 0.164771
vt 0.328326 0.160115
vt 0.326714 0.165190
vt 0.396319 0.265268
vt 0.396953 0.262720
vt 0.395413 0.268890
vt 0.393739 0.268259
vt 0.394878 0.264838
vt 0.395792 0.262266
vt 0.398436 0.261330
vt 0.397429 0.261063
vt 0.396556 0.260535
vt 0.185169 0.256829
vt 0.184072 0.250127
vt 0.187717 0.247771
vt 0.188763 0.254283
vt 0.183265 0.243923
vt 0.186950 0.241796
vt 0.188893 0.241331
vt 0.189648 0.247230
vt 0.190679 0.253661
vt 0.264464 0.151641
vt 0.261870 0.151878
vt 0.265082 0.156762
vt 0.262529 0.156972
vt 0.260954 0.157229
vt 0.260233 0.152050
vt 0.226430 0.302158
vt 0.218231 0.299151
vt 0.219428 0.294999
vt 0.226350 0.297169
vt 0.211638 0.296800
vt 0.213163 0.292643
vt 0.214012 0.290796
vt 0.220075 0.293143
vt 0.226798 0.295323
vt 0.234087 0.302095
vt 0.233456 0.298992
vt 0.233852 0.297392
vt 0.182717 0.168469
vt 0.184527 0.160083
vt 0.190762 0.158826
vt 0.189026 0.166462
vt 0.187224 0.152244
vt 0.192899 0.151936
vt 0.195074 0.152435
vt 0.193043 0.159039
vt 0.191332 0.166466
vt 0.193249 0.282527
vt 0.191019 0.277639
vt 0.194024 0.274538
vt 0.196064 0.278898
vt 0.189005 0.271798
vt 0.192191 0.269039
vt 0.194025 0.268174
vt 0.195840 0.273463
vt 0.197818 0.277569
vt 0.200184 0.291338
vt 0.196183 0.287239
vt 0.198802 0.283026
vt 0.202548 0.286822
vt 0.200438 0.281412
vt 0.203991 0.284967
vt 0.267017 0.368198
vt 0.262548 0.365121
vt 0.263668 0.360097
vt 0.267985 0.363205
vt 0.257867 0.361031
vt 0.259322 0.356136
vt 0.260574 0.354420
vt 0.264749 0.358305
vt 0.268931 0.361392
vt 0.385180 0.291481
vt 0.383641 0.288279
vt 0.380306 0.294113
vt 0.379171 0.291140
vt 0.378220 0.289472
vt 0.382413 0.286636
vt 0.342859 0.303084
vt 0.341754 0.302763
vt 0.343321 0.304261
vt 0.341860 0.303892
vt 0.340747 0.303562
vt 0.340885 0.302370
vt 0.238268 0.317710
vt 0.240664 0.311751
vt 0.243529 0.313628
vt 0.243134 0.319046
vt 0.245382 0.313907
vt 0.245258 0.319128
vt 0.239729 0.326084
vt 0.243627 0.325041
vt 0.245719 0.324705
vt 0.344548 0.310215
vt 0.344901 0.316395
vt 0.343096 0.316103
vt 0.342744 0.309856
vt 0.344566 0.324030
vt 0.342804 0.323752
vt 0.341116 0.323531
vt 0.341484 0.316064
vt 0.341221 0.309847
vt 0.343950 0.306379
vt 0.342247 0.305992
vt 0.340874 0.305827
vt 0.458413 0.203309
vt 0.459548 0.211321
vt 0.455273 0.211519
vt 0.454624 0.203826
vt 0.459415 0.219518
vt 0.454685 0.219326
vt 0.452626 0.219052
vt 0.453255 0.211540
vt 0.452706 0.204126
vt 0.455917 0.195412
vt 0.452685 0.196419
vt 0.450947 0.196994
vt 0.231238 0.121554
vt 0.238299 0.121144
vt 0.237463 0.125322
vt 0.230644 0.125930
vt 0.243393 0.125201
vt 0.243102 0.127198
vt 0.237410 0.127292
vt 0.230753 0.127921
vt 0.455827 0.237615
vt 0.449133 0.244698
vt 0.445434 0.240972
vt 0.449787 0.234351
vt 0.443746 0.239588
vt 0.447810 0.233288
vt 0.458160 0.227941
vt 0.452863 0.227003
vt 0.450779 0.226377
vt 0.181444 0.229783
vt 0.180604 0.220501
vt 0.185306 0.218338
vt 0.185676 0.227779
vt 0.180196 0.209856
vt 0.185303 0.207473
vt 0.187463 0.207158
vt 0.187409 0.217999
vt 0.187713 0.227411
vt 0.341625 0.124443
vt 0.336032 0.125835
vt 0.342327 0.126568
vt 0.337484 0.128314
vt 0.304252 0.182469
vt 0.309275 0.180327
vt 0.309656 0.183180
vt 0.304467 0.185551
vt 0.313972 0.177551
vt 0.314428 0.180053
vt 0.315229 0.181322
vt 0.310273 0.184625
vt 0.304856 0.187101
vt 0.299577 0.183561
vt 0.299694 0.186737
vt 0.299898 0.188336
vt 0.374453 0.296153
vt 0.373681 0.293554
vt 0.372975 0.291926
vt 0.263635 0.132456
vt 0.260657 0.134040
vt 0.259295 0.130576
vt 0.258547 0.135102
vt 0.257134 0.132445
vt 0.393869 0.273224
vt 0.392223 0.272326
vt 0.205482 0.294365
vt 0.207449 0.289976
vt 0.208578 0.288115
vt 0.215811 0.124150
vt 0.223454 0.122467
vt 0.223113 0.127090
vt 0.215845 0.128820
vt 0.223393 0.129124
vt 0.216367 0.130870
vt 0.411705 0.164443
vt 0.416663 0.164319
vt 0.419548 0.167807
vt 0.413671 0.167104
vt 0.419725 0.169597
vt 0.413864 0.168745
vt 0.407647 0.165162
vt 0.408822 0.167018
vt 0.408961 0.168456
vt 0.402280 0.154963
vt 0.397856 0.153771
vt 0.395934 0.154015
vt 0.203758 0.130024
vt 0.209252 0.126731
vt 0.209871 0.130985
vt 0.205146 0.133461
vt 0.210701 0.132944
vt 0.206336 0.135305
vt 0.194832 0.138854
vt 0.199066 0.133941
vt 0.201422 0.136485
vt 0.198326 0.140479
vt 0.202994 0.138040
vt 0.200107 0.141675
vt 0.190762 0.145054
vt 0.195454 0.145732
vt 0.197429 0.146576
vt 0.256548 0.128054
vt 0.252861 0.126373
vt 0.254947 0.130275
vt 0.251784 0.128616
vt 0.248481 0.125508
vt 0.247837 0.127614
vt 0.325003 0.126057
vt 0.328593 0.121879
vt 0.332400 0.128152
vt 0.330151 0.131133
vt 0.334375 0.130464
vt 0.332383 0.132794
vt 0.324954 0.137025
vt 0.325123 0.132755
vt 0.328861 0.134524
vt 0.328201 0.137970
vt 0.331056 0.135465
vt 0.330279 0.138477
vt 0.325069 0.141074
vt 0.328040 0.141597
vt 0.329957 0.141857
vt 0.181069 0.187361
vt 0.181710 0.177434
vt 0.187665 0.174986
vt 0.186592 0.184753
vt 0.189931 0.174850
vt 0.188801 0.184523
vt 0.180457 0.198460
vt 0.185758 0.195897
vt 0.187942 0.195615
vt 0.186910 0.264453
vt 0.190319 0.261829
vt 0.192194 0.261113
vt 0.252991 0.355613
vt 0.254939 0.351119
vt 0.256401 0.349556
vt 0.319974 0.172644
vt 0.321314 0.169451
vt 0.323207 0.169361
vt 0.320809 0.173372
vt 0.324527 0.169919
vt 0.321894 0.174170
vt 0.340129 0.339593
vt 0.335997 0.347242
vt 0.334354 0.346386
vt 0.338463 0.339009
vt 0.330810 0.354422
vt 0.329212 0.353181
vt 0.327898 0.351972
vt 0.332878 0.345425
vt 0.336857 0.338294
vt 0.343016 0.331839
vt 0.341312 0.331458
vt 0.339610 0.330995
vt 0.303890 0.373211
vt 0.298729 0.374346
vt 0.300494 0.369816
vt 0.305808 0.368535
vt 0.293813 0.375001
vt 0.295411 0.370463
vt 0.295524 0.368568
vt 0.300517 0.367917
vt 0.305702 0.366602
vt 0.324679 0.360947
vt 0.323348 0.358942
vt 0.316296 0.368776
vt 0.317121 0.363590
vt 0.316528 0.361702
vt 0.322310 0.357457
vt 0.277501 0.178947
vt 0.281714 0.181208
vt 0.281477 0.184083
vt 0.277244 0.181540
vt 0.280935 0.185555
vt 0.276529 0.182883
vt 0.271092 0.174305
vt 0.273721 0.176380
vt 0.273475 0.178520
vt 0.270250 0.175093
vt 0.272617 0.179678
vt 0.269201 0.175956
vt 0.317638 0.174763
vt 0.318029 0.176809
vt 0.318945 0.177885
vt 0.267600 0.166524
vt 0.269507 0.171083
vt 0.267533 0.171069
vt 0.265287 0.166567
vt 0.266235 0.171691
vt 0.263855 0.167048
vt 0.266103 0.161715
vt 0.263636 0.161867
vt 0.262124 0.162234
vt 0.182384 0.237403
vt 0.186262 0.235411
vt 0.188244 0.235004
vt 0.350436 0.301147
vt 0.347124 0.301665
vt 0.346440 0.300609
vt 0.350194 0.299763
vt 0.345706 0.299593
vt 0.349732 0.298491
vt 0.354004 0.300567
vt 0.353864 0.298945
vt 0.353537 0.297532
vt 0.450324 0.146935
vt 0.444573 0.153452
vt 0.429830 0.141171
vt 0.433943 0.134285
vt 0.440444 0.158797
vt 0.426251 0.146204
vt 0.412234 0.135912
vt 0.415806 0.131740
vt 0.415264 0.122873
vt 0.403457 0.164940
vt 0.404912 0.163042
vt 0.407084 0.160758
vt 0.412767 0.157290
vt 0.409826 0.158884
vt 0.386645 0.124751
vt 0.395301 0.130380
vt 0.392084 0.121067
vt 0.401332 0.128472
vt 0.406789 0.138524
vt 0.356675 0.092866
vt 0.367416 0.099746
vt 0.363801 0.107178
vt 0.359578 0.083718
vt 0.371555 0.092124
vt 0.385221 0.102774
vt 0.377118 0.106532
vt 0.373201 0.111945
vt 0.382913 0.111875
vt 0.381604 0.116390
vt 0.389283 0.112919
vt 0.402611 0.121720
vt 0.406421 0.127027
vt 0.369707 0.117439
vt 0.378298 0.120704
vt 0.360444 0.114529
vt 0.418751 0.153300
vt 0.415619 0.155560
vt 0.346597 0.085949
vt 0.348783 0.075790
vt 0.268270 0.123797
vt 0.267951 0.130546
vt 0.272794 0.121999
vt 0.272743 0.128854
vt 0.273013 0.134758
vt 0.268133 0.135932
vt 0.216859 0.115091
vt 0.225057 0.113598
vt 0.233136 0.113098
vt 0.240372 0.113219
vt 0.316860 0.123468
vt 0.312050 0.113873
vt 0.318319 0.113608
vt 0.309443 0.121355
vt 0.304991 0.112795
vt 0.265013 0.102706
vt 0.294969 0.105035
vt 0.293072 0.100475
vt 0.290221 0.098766
vt 0.322143 0.109939
vt 0.324511 0.103048
vt 0.326164 0.092618
vt 0.319038 0.130412
vt 0.312221 0.128359
vt 0.319809 0.135558
vt 0.313743 0.134187
vt 0.287329 0.096160
vt 0.268242 0.141004
vt 0.273269 0.140265
vt 0.273546 0.145664
vt 0.268378 0.146111
vt 0.276962 0.120872
vt 0.277394 0.127742
vt 0.280884 0.120240
vt 0.281868 0.127087
vt 0.282728 0.133376
vt 0.277917 0.133922
vt 0.284689 0.119863
vt 0.286264 0.126687
vt 0.288591 0.119652
vt 0.290724 0.126475
vt 0.292292 0.132831
vt 0.287492 0.133024
vt 0.292815 0.119575
vt 0.295398 0.126427
vt 0.297561 0.119701
vt 0.300436 0.126609
vt 0.302389 0.132921
vt 0.297225 0.132781
vt 0.303027 0.120177
vt 0.305989 0.127156
vt 0.307876 0.133339
vt 0.269299 0.156684
vt 0.270188 0.161959
vt 0.274469 0.156758
vt 0.275191 0.162471
vt 0.276074 0.168361
vt 0.271402 0.167233
vt 0.315286 0.144718
vt 0.320771 0.144970
vt 0.320940 0.149878
vt 0.315534 0.150001
vt 0.320771 0.155003
vt 0.315468 0.155477
vt 0.320185 0.160327
vt 0.315111 0.161195
vt 0.319273 0.165716
vt 0.314596 0.167116
vt 0.272816 0.172365
vt 0.276997 0.174243
vt 0.279668 0.156883
vt 0.280231 0.162994
vt 0.284748 0.156975
vt 0.285168 0.163386
vt 0.285589 0.170216
vt 0.280850 0.169428
vt 0.289768 0.156985
vt 0.290057 0.163571
vt 0.294771 0.156896
vt 0.294929 0.163547
vt 0.295022 0.170670
vt 0.290310 0.170618
vt 0.299799 0.156721
vt 0.299823 0.163315
vt 0.304899 0.156412
vt 0.304799 0.162836
vt 0.304576 0.169719
vt 0.299744 0.170404
vt 0.310115 0.155982
vt 0.309907 0.162092
vt 0.309587 0.168553
vt 0.268717 0.151355
vt 0.273931 0.151156
vt 0.278771 0.145319
vt 0.279190 0.151020
vt 0.283904 0.145060
vt 0.284339 0.150908
vt 0.288990 0.144857
vt 0.289431 0.150793
vt 0.294073 0.144705
vt 0.294509 0.150666
vt 0.299200 0.144609
vt 0.299618 0.150521
vt 0.304421 0.144571
vt 0.304798 0.150367
vt 0.309776 0.144600
vt 0.310094 0.150187
vt 0.271412 0.370622
vt 0.272393 0.365732
vt 0.273216 0.363919
vt 0.281438 0.175959
vt 0.285964 0.177206
vt 0.290520 0.177845
vt 0.295073 0.177980
vt 0.299621 0.177695
vt 0.304330 0.176785
vt 0.309298 0.175090
vt 0.314102 0.172949
vt 0.318226 0.170842
vt 0.298889 0.112346
vt 0.293744 0.112191
vt 0.289559 0.112372
vt 0.286034 0.112526
vt 0.282916 0.112682
vt 0.279918 0.112920
vt 0.276776 0.113318
vt 0.273415 0.114039
vt 0.269789 0.115090
vt 0.278369 0.139707
vt 0.283391 0.139284
vt 0.288374 0.139006
vt 0.293371 0.138835
vt 0.298446 0.138769
vt 0.303663 0.138831
vt 0.309077 0.139062
vt 0.314706 0.139523
vt 0.320360 0.140259
vt 0.175758 0.154025
vt 0.181904 0.144612
vt 0.188780 0.136486
vt 0.195430 0.129771
vt 0.202060 0.124023
vt 0.209103 0.118905
vt 0.222825 0.309934
vt 0.216002 0.306876
vt 0.209208 0.304642
vt 0.202477 0.302868
vt 0.196349 0.300282
vt 0.191863 0.295428
vt 0.188558 0.289690
vt 0.185902 0.283956
vt 0.183434 0.277656
vt 0.180841 0.270289
vt 0.178664 0.262592
vt 0.177672 0.255359
vt 0.176797 0.248747
vt 0.175445 0.242062
vt 0.173664 0.234590
vt 0.171654 0.225823
vt 0.170147 0.215751
vt 0.170193 0.204695
vt 0.170276 0.193965
vt 0.169765 0.183975
vt 0.169717 0.174140
vt 0.171938 0.163969
vt 0.232553 0.309765
vt 0.236932 0.307153
vt 0.240310 0.305337
vt 0.242278 0.303982
vt 0.243234 0.303096
vt 0.243646 0.302702
vt 0.319848 0.372213
vt 0.311583 0.384124
vt 0.307731 0.381981
vt 0.323560 0.375172
vt 0.315498 0.386884
vt 0.303283 0.381930
vt 0.298702 0.382744
vt 0.309299 0.371572
vt 0.289913 0.384066
vt 0.285975 0.384049
vt 0.289341 0.374992
vt 0.282153 0.383683
vt 0.274127 0.382111
vt 0.270103 0.380616
vt 0.265904 0.378564
vt 0.255949 0.371577
vt 0.250117 0.364914
vt 0.244332 0.356851
vt 0.239484 0.347184
vt 0.235712 0.337465
vt 0.232891 0.328495
vt 0.230514 0.319949
vt 0.228650 0.312921
vt 0.290773 0.370474
vt 0.290964 0.368636
vt 0.311250 0.366626
vt 0.310991 0.364647
vt 0.294155 0.383610
vt 0.278161 0.383079
vt 0.261230 0.375763
vt 0.332950 0.355669
vt 0.327005 0.363277
vt 0.335870 0.356792
vt 0.330317 0.365440
vt 0.355775 0.323832
vt 0.359065 0.323733
vt 0.356802 0.331515
vt 0.353678 0.331553
vt 0.353954 0.340165
vt 0.350810 0.340003
vt 0.350781 0.349546
vt 0.347419 0.349045
vt 0.347323 0.359588
vt 0.343567 0.358565
vt 0.343423 0.370308
vt 0.339108 0.368567
vt 0.338351 0.381901
vt 0.333252 0.379423
vt 0.339605 0.357723
vt 0.334575 0.367099
vt 0.328188 0.377391
vt 0.341959 0.339938
vt 0.337954 0.347893
vt 0.344313 0.340081
vt 0.340523 0.348370
vt 0.347447 0.340073
vt 0.343867 0.348723
vt 0.346534 0.324355
vt 0.344834 0.332069
vt 0.349040 0.324493
vt 0.347182 0.332077
vt 0.352301 0.324239
vt 0.350313 0.331862
vt 0.366242 0.312602
vt 0.371976 0.314874
vt 0.369935 0.320792
vt 0.364698 0.318085
vt 0.368780 0.300987
vt 0.363066 0.301610
vt 0.368647 0.304733
vt 0.362983 0.304657
vt 0.358038 0.304812
vt 0.358103 0.302159
vt 0.353820 0.302565
vt 0.353512 0.304953
vt 0.348832 0.304639
vt 0.350176 0.302715
vt 0.347691 0.302585
vt 0.346101 0.303121
vt 0.357494 0.311550
vt 0.361544 0.311608
vt 0.360544 0.316988
vt 0.356946 0.317008
vt 0.362405 0.307755
vt 0.357829 0.307715
vt 0.367676 0.308399
vt 0.349979 0.311854
vt 0.353593 0.311855
vt 0.353300 0.317413
vt 0.349881 0.317552
vt 0.346929 0.311097
vt 0.347096 0.317055
vt 0.375281 0.305224
vt 0.373928 0.309930
vt 0.353551 0.307881
vt 0.349618 0.307765
vt 0.345474 0.304696
vt 0.346367 0.307130
vt 0.344300 0.303261
vt 0.395627 0.290500
vt 0.391887 0.294316
vt 0.387227 0.297117
vt 0.381666 0.299211
vt 0.375198 0.300304
vt 0.411925 0.274352
vt 0.419029 0.271253
vt 0.399545 0.261114
vt 0.426493 0.268914
vt 0.434154 0.266423
vt 0.442155 0.262966
vt 0.449699 0.258277
vt 0.455620 0.252307
vt 0.461779 0.247216
vt 0.500418 0.205431
vt 0.485785 0.202013
vt 0.479931 0.191052
vt 0.491539 0.188520
vt 0.474947 0.201748
vt 0.469873 0.192179
vt 0.462247 0.181699
vt 0.470071 0.178677
vt 0.479445 0.174134
vt 0.458147 0.166115
vt 0.465538 0.160316
vt 0.452537 0.170706
vt 0.448645 0.175501
vt 0.437528 0.164114
vt 0.456189 0.184868
vt 0.461724 0.193794
vt 0.465448 0.202466
vt 0.468730 0.245043
vt 0.468794 0.238327
vt 0.491343 0.214996
vt 0.485684 0.208955
vt 0.480110 0.218338
vt 0.477435 0.209949
vt 0.468506 0.219409
vt 0.467508 0.210776
vt 0.482724 0.229103
vt 0.497194 0.226400
vt 0.511442 0.221229
vt 0.468838 0.228893
vt 0.422452 0.150178
vt 0.402654 0.166037
vt 0.320106 0.389218
vt 0.325469 0.391609
vt 0.331634 0.394578
vt 0.397335 0.115479
vt 0.400710 0.111081
vt 0.590958 0.738928
vt 0.338960 0.270385
vt 0.346492 0.270026
vt 0.346881 0.274190
vt 0.339741 0.274752
vt 0.353526 0.269805
vt 0.353472 0.273683
vt 0.353498 0.277420
vt 0.347526 0.278162
vt 0.341007 0.279022
vt 0.435298 0.195109
vt 0.437384 0.200049
vt 0.432826 0.200860
vt 0.431058 0.195316
vt 0.438768 0.205363
vt 0.434102 0.206640
vt 0.428344 0.208166
vt 0.427167 0.201740
vt 0.425746 0.195431
vt 0.338182 0.261107
vt 0.346228 0.261286
vt 0.346300 0.265734
vt 0.338490 0.265846
vt 0.353829 0.261479
vt 0.353664 0.265714
vt 0.337579 0.251130
vt 0.346076 0.251800
vt 0.346171 0.256621
vt 0.337934 0.256240
vt 0.354170 0.252505
vt 0.354007 0.257097
vt 0.336038 0.239824
vt 0.345388 0.241259
vt 0.345841 0.246673
vt 0.336977 0.245665
vt 0.354287 0.242668
vt 0.354274 0.247737
vt 0.332925 0.226824
vt 0.343763 0.229231
vt 0.344696 0.235438
vt 0.334722 0.233549
vt 0.353774 0.231466
vt 0.354113 0.237291
vt 0.232491 0.274392
vt 0.239505 0.275827
vt 0.239095 0.280579
vt 0.231993 0.278785
vt 0.246738 0.277329
vt 0.246202 0.282439
vt 0.245466 0.286648
vt 0.238572 0.284468
vt 0.231394 0.282364
vt 0.232883 0.264590
vt 0.240029 0.265498
vt 0.239824 0.270773
vt 0.232773 0.269666
vt 0.247467 0.266555
vt 0.247151 0.272027
vt 0.232729 0.253101
vt 0.240090 0.253883
vt 0.240104 0.259901
vt 0.232870 0.259043
vt 0.247671 0.254752
vt 0.247644 0.260857
vt 0.232295 0.240071
vt 0.239816 0.240748
vt 0.240009 0.247544
vt 0.232545 0.246813
vt 0.247487 0.241514
vt 0.247668 0.248415
vt 0.231630 0.224896
vt 0.239160 0.225395
vt 0.239555 0.233398
vt 0.231996 0.232807
vt 0.246769 0.226028
vt 0.247229 0.234139
vt 0.230779 0.207304
vt 0.238045 0.207587
vt 0.238652 0.216743
vt 0.231221 0.216340
vt 0.245371 0.207737
vt 0.246151 0.217212
vt 0.262099 0.279544
vt 0.271588 0.279942
vt 0.270577 0.285028
vt 0.260521 0.284970
vt 0.281921 0.280071
vt 0.281642 0.284806
vt 0.281575 0.289005
vt 0.269941 0.289525
vt 0.258319 0.290454
vt 0.321704 0.270835
vt 0.330716 0.270709
vt 0.331703 0.275373
vt 0.322680 0.275722
vt 0.333353 0.279921
vt 0.324278 0.280598
vt 0.320580 0.260636
vt 0.329643 0.260938
vt 0.330081 0.265874
vt 0.321071 0.265841
vt 0.319311 0.249533
vt 0.328630 0.250359
vt 0.329208 0.255759
vt 0.320054 0.255258
vt 0.316441 0.236811
vt 0.326311 0.238337
vt 0.327719 0.244559
vt 0.318200 0.243449
vt 0.309904 0.221563
vt 0.321262 0.224121
vt 0.324217 0.231535
vt 0.313782 0.229518
vt 0.365235 0.276259
vt 0.370812 0.275997
vt 0.369474 0.278413
vt 0.364323 0.279178
vt 0.375103 0.276234
vt 0.373343 0.278233
vt 0.371719 0.279744
vt 0.368548 0.280528
vt 0.363738 0.281730
vt 0.366868 0.269844
vt 0.373111 0.270354
vt 0.372025 0.273365
vt 0.366094 0.273173
vt 0.377978 0.271184
vt 0.376610 0.273954
vt 0.368317 0.262257
vt 0.375193 0.263010
vt 0.374181 0.266832
vt 0.367618 0.266162
vt 0.380648 0.263970
vt 0.379347 0.267760
vt 0.369589 0.254158
vt 0.376914 0.255227
vt 0.376073 0.259122
vt 0.368971 0.258263
vt 0.382837 0.256437
vt 0.381775 0.260161
vt 0.371077 0.245803
vt 0.379089 0.247679
vt 0.377831 0.251370
vt 0.370262 0.250012
vt 0.385619 0.249646
vt 0.384009 0.252856
vt 0.372541 0.236276
vt 0.381871 0.239396
vt 0.380763 0.244036
vt 0.372007 0.241381
vt 0.391241 0.243336
vt 0.388004 0.246838
vt 0.210379 0.272013
vt 0.214534 0.271898
vt 0.215098 0.274851
vt 0.211571 0.274524
vt 0.219936 0.272332
vt 0.219911 0.275863
vt 0.219626 0.278760
vt 0.215298 0.277257
vt 0.212649 0.276304
vt 0.208196 0.264698
vt 0.213178 0.264020
vt 0.213912 0.268455
vt 0.209317 0.268991
vt 0.219418 0.263700
vt 0.219766 0.268363
vt 0.205642 0.251634
vt 0.211336 0.251662
vt 0.212253 0.258149
vt 0.206867 0.258524
vt 0.218331 0.251947
vt 0.218901 0.258080
vt 0.204102 0.239532
vt 0.210042 0.239340
vt 0.210612 0.245460
vt 0.204759 0.245416
vt 0.217354 0.239321
vt 0.217811 0.245726
vt 0.203078 0.225768
vt 0.209117 0.225177
vt 0.209529 0.232739
vt 0.203528 0.233216
vt 0.216559 0.224672
vt 0.216924 0.232383
vt 0.202910 0.206326
vt 0.208843 0.206428
vt 0.208867 0.216305
vt 0.202842 0.216690
vt 0.216120 0.206638
vt 0.216272 0.216011
vt 0.359376 0.276777
vt 0.358895 0.280067
vt 0.353590 0.280977
vt 0.358640 0.282919
vt 0.353816 0.284006
vt 0.360280 0.269702
vt 0.359844 0.273322
vt 0.361158 0.261785
vt 0.360713 0.265821
vt 0.361970 0.253270
vt 0.361562 0.257611
vt 0.362783 0.244134
vt 0.362386 0.248824
vt 0.363248 0.233689
vt 0.363134 0.239195
vt 0.225952 0.273211
vt 0.225568 0.277205
vt 0.225015 0.280476
vt 0.226040 0.263916
vt 0.226096 0.268818
vt 0.225508 0.252437
vt 0.225820 0.258426
vt 0.224834 0.239565
vt 0.225184 0.246195
vt 0.224124 0.224603
vt 0.224472 0.232407
vt 0.223493 0.206957
vt 0.223786 0.216048
vt 0.254021 0.278662
vt 0.252842 0.283993
vt 0.251312 0.288527
vt 0.255253 0.267631
vt 0.254797 0.273197
vt 0.263573 0.268496
vt 0.263047 0.274073
vt 0.255608 0.255732
vt 0.255489 0.261781
vt 0.263932 0.256723
vt 0.263822 0.262743
vt 0.255416 0.242409
vt 0.255602 0.249348
vt 0.263680 0.243427
vt 0.263888 0.250243
vt 0.254548 0.226790
vt 0.255097 0.234984
vt 0.262505 0.227752
vt 0.263219 0.235940
vt 0.252818 0.207893
vt 0.253767 0.217752
vt 0.260224 0.208599
vt 0.261494 0.218686
vt 0.346840 0.180887
vt 0.344401 0.186581
vt 0.337162 0.186137
vt 0.340292 0.180601
vt 0.341408 0.192195
vt 0.333163 0.191478
vt 0.326647 0.190582
vt 0.331409 0.185487
vt 0.335055 0.180122
vt 0.360664 0.181440
vt 0.359449 0.187436
vt 0.351938 0.187041
vt 0.353719 0.181191
vt 0.357938 0.193638
vt 0.349804 0.192931
vt 0.374666 0.181189
vt 0.374020 0.187693
vt 0.366792 0.187697
vt 0.367613 0.181501
vt 0.373111 0.194633
vt 0.365715 0.194198
vt 0.429969 0.221527
vt 0.435191 0.218816
vt 0.435131 0.224835
vt 0.430597 0.228211
vt 0.439419 0.216746
vt 0.438676 0.222338
vt 0.437793 0.226342
vt 0.435264 0.229473
vt 0.431317 0.233487
vt 0.434889 0.212645
vt 0.429261 0.214757
vt 0.439483 0.210957
vt 0.424239 0.189421
vt 0.429008 0.190156
vt 0.423370 0.184623
vt 0.427663 0.186155
vt 0.430643 0.187550
vt 0.432740 0.190555
vt 0.267494 0.210395
vt 0.269323 0.220208
vt 0.274904 0.212840
vt 0.277378 0.222085
vt 0.279226 0.230627
vt 0.270723 0.229094
vt 0.396771 0.212384
vt 0.397482 0.220493
vt 0.392117 0.219894
vt 0.391486 0.211855
vt 0.398592 0.228871
vt 0.393309 0.228202
vt 0.387246 0.226968
vt 0.386125 0.218887
vt 0.385675 0.211021
vt 0.396513 0.196567
vt 0.396441 0.204436
vt 0.391362 0.203936
vt 0.391769 0.196011
vt 0.385778 0.203187
vt 0.386411 0.195347
vt 0.397641 0.182624
vt 0.396922 0.188974
vt 0.392674 0.188226
vt 0.394012 0.181564
vt 0.387597 0.187342
vt 0.389229 0.179163
vt 0.406682 0.212200
vt 0.407633 0.220339
vt 0.402561 0.220606
vt 0.401763 0.212483
vt 0.408682 0.228656
vt 0.403654 0.229046
vt 0.405421 0.196400
vt 0.405958 0.204279
vt 0.401223 0.204525
vt 0.400974 0.196618
vt 0.405219 0.182453
vt 0.405151 0.188667
vt 0.400967 0.188996
vt 0.401288 0.182680
vt 0.417014 0.210720
vt 0.418048 0.218323
vt 0.412760 0.219552
vt 0.411785 0.211648
vt 0.419171 0.226226
vt 0.413850 0.227692
vt 0.415060 0.195776
vt 0.416014 0.203248
vt 0.410886 0.203870
vt 0.410114 0.196091
vt 0.413996 0.182708
vt 0.414289 0.188483
vt 0.409614 0.188450
vt 0.409486 0.182419
vt 0.423621 0.216734
vt 0.422545 0.209469
vt 0.424551 0.224111
vt 0.421470 0.202461
vt 0.420253 0.195562
vt 0.400172 0.237226
vt 0.395211 0.236592
vt 0.401789 0.243968
vt 0.397221 0.243618
vt 0.389157 0.235222
vt 0.409954 0.236896
vt 0.405023 0.237355
vt 0.411193 0.243409
vt 0.406383 0.243938
vt 0.420326 0.234031
vt 0.415093 0.235852
vt 0.421455 0.240226
vt 0.416254 0.242243
vt 0.425551 0.231423
vt 0.426586 0.237224
vt 0.344731 0.137705
vt 0.346191 0.139744
vt 0.344000 0.139251
vt 0.343209 0.137742
vt 0.347880 0.142355
vt 0.344827 0.141259
vt 0.342557 0.140287
vt 0.342487 0.138760
vt 0.342439 0.137849
vt 0.352097 0.138080
vt 0.354138 0.140822
vt 0.349468 0.140263
vt 0.347514 0.137822
vt 0.356569 0.144130
vt 0.351773 0.143313
vt 0.365161 0.139412
vt 0.366395 0.142149
vt 0.360146 0.141467
vt 0.358503 0.138591
vt 0.368041 0.145387
vt 0.362190 0.144844
vt 0.419218 0.188795
vt 0.418699 0.183451
vt 0.359966 0.151444
vt 0.354945 0.150429
vt 0.353620 0.146703
vt 0.358528 0.147678
vt 0.350314 0.149002
vt 0.349275 0.145417
vt 0.370843 0.152481
vt 0.365311 0.152129
vt 0.363931 0.148405
vt 0.369552 0.148850
vt 0.380672 0.151964
vt 0.376272 0.152434
vt 0.374957 0.148891
vt 0.379204 0.148437
vt 0.373391 0.145573
vt 0.377379 0.145223
vt 0.361678 0.160005
vt 0.356349 0.159254
vt 0.355856 0.154601
vt 0.361004 0.155524
vt 0.351313 0.158131
vt 0.351016 0.153256
vt 0.372864 0.160436
vt 0.367207 0.160413
vt 0.366392 0.156086
vt 0.371932 0.156271
vt 0.382988 0.159306
vt 0.378418 0.160024
vt 0.377382 0.156031
vt 0.381846 0.155440
vt 0.361954 0.170197
vt 0.355978 0.169818
vt 0.356400 0.164365
vt 0.362003 0.164923
vt 0.350226 0.169293
vt 0.351070 0.163542
vt 0.374347 0.170255
vt 0.368080 0.170346
vt 0.367780 0.165201
vt 0.373687 0.165166
vt 0.385886 0.169101
vt 0.380605 0.169842
vt 0.379524 0.164764
vt 0.384365 0.164061
vt 0.361508 0.175700
vt 0.368042 0.175763
vt 0.374733 0.175490
vt 0.348797 0.175106
vt 0.355074 0.175443
vt 0.371652 0.142653
vt 0.375236 0.142618
vt 0.370382 0.140286
vt 0.373406 0.140935
vt 0.346191 0.147200
vt 0.345570 0.143845
vt 0.342965 0.145615
vt 0.342739 0.142472
vt 0.346740 0.156677
vt 0.346657 0.151502
vt 0.343020 0.155354
vt 0.343161 0.149947
vt 0.344902 0.168682
vt 0.346182 0.162525
vt 0.340570 0.168033
vt 0.342198 0.161554
vt 0.338136 0.174287
vt 0.342899 0.174759
vt 0.434726 0.190133
vt 0.437711 0.194577
vt 0.431322 0.186570
vt 0.432062 0.185642
vt 0.435804 0.189372
vt 0.439034 0.193925
vt 0.427582 0.183963
vt 0.423352 0.181946
vt 0.423769 0.180507
vt 0.428154 0.182731
vt 0.262870 0.296357
vt 0.263713 0.299373
vt 0.258394 0.299932
vt 0.257536 0.297273
vt 0.263780 0.302984
vt 0.258602 0.303383
vt 0.255712 0.303869
vt 0.255272 0.300776
vt 0.254386 0.298625
vt 0.263212 0.307304
vt 0.258268 0.307802
vt 0.262543 0.312122
vt 0.257760 0.312576
vt 0.255359 0.312678
vt 0.255665 0.308031
vt 0.417056 0.245744
vt 0.411924 0.246976
vt 0.422355 0.243603
vt 0.423101 0.245338
vt 0.417596 0.247588
vt 0.412290 0.248904
vt 0.358819 0.285076
vt 0.354189 0.286256
vt 0.363815 0.283726
vt 0.364289 0.285381
vt 0.359255 0.286817
vt 0.354644 0.288041
vt 0.324042 0.296875
vt 0.325664 0.294053
vt 0.331042 0.295418
vt 0.329348 0.297803
vt 0.329266 0.290530
vt 0.334652 0.292920
vt 0.336730 0.294551
vt 0.333804 0.296981
vt 0.332489 0.298965
vt 0.381624 0.147727
vt 0.383319 0.151304
vt 0.379500 0.144550
vt 0.380596 0.143776
vt 0.382979 0.147009
vt 0.384904 0.150671
vt 0.376984 0.142008
vt 0.374005 0.140102
vt 0.374582 0.139139
vt 0.377812 0.141207
vt 0.370218 0.138647
vt 0.364827 0.137449
vt 0.365048 0.135948
vt 0.370596 0.137413
vt 0.427579 0.240377
vt 0.432298 0.236305
vt 0.433429 0.237672
vt 0.428540 0.241960
vt 0.391821 0.249352
vt 0.389428 0.251500
vt 0.394850 0.248032
vt 0.396037 0.250590
vt 0.393482 0.251639
vt 0.391519 0.253312
vt 0.398627 0.247756
vt 0.402733 0.247764
vt 0.403079 0.249861
vt 0.399298 0.250091
vt 0.247014 0.146975
vt 0.247284 0.142936
vt 0.249247 0.142671
vt 0.249257 0.146626
vt 0.247646 0.140294
vt 0.249225 0.140050
vt 0.250525 0.139679
vt 0.250839 0.142456
vt 0.251036 0.146478
vt 0.249707 0.291427
vt 0.244641 0.289376
vt 0.253516 0.293255
vt 0.251363 0.295188
vt 0.248384 0.293295
vt 0.243840 0.291204
vt 0.261252 0.293741
vt 0.255997 0.295121
vt 0.253244 0.296921
vt 0.264367 0.330927
vt 0.266534 0.335773
vt 0.262643 0.336700
vt 0.260124 0.331628
vt 0.269464 0.340140
vt 0.266062 0.341434
vt 0.264000 0.342619
vt 0.260641 0.337627
vt 0.258029 0.332314
vt 0.379174 0.274799
vt 0.377453 0.276992
vt 0.380751 0.272063
vt 0.382335 0.272897
vt 0.380586 0.275706
vt 0.378698 0.277975
vt 0.401796 0.178776
vt 0.405553 0.178829
vt 0.398448 0.178526
vt 0.399294 0.175913
vt 0.402317 0.176483
vt 0.405832 0.176825
vt 0.395444 0.177487
vt 0.392882 0.175345
vt 0.394893 0.173279
vt 0.396897 0.174892
vt 0.387335 0.173692
vt 0.390930 0.172216
vt 0.389173 0.168145
vt 0.391155 0.167196
vt 0.392995 0.170764
vt 0.387403 0.163306
vt 0.385860 0.158608
vt 0.387702 0.157990
vt 0.389326 0.162599
vt 0.300640 0.204824
vt 0.290619 0.203881
vt 0.288775 0.199725
vt 0.295660 0.200138
vt 0.283195 0.202215
vt 0.282061 0.198197
vt 0.282450 0.195950
vt 0.288777 0.197405
vt 0.295089 0.197829
vt 0.407142 0.247573
vt 0.407410 0.249549
vt 0.340698 0.149198
vt 0.340727 0.144846
vt 0.340399 0.154650
vt 0.338428 0.154362
vt 0.338823 0.148981
vt 0.338980 0.144614
vt 0.339448 0.160891
vt 0.337684 0.167379
vt 0.335673 0.166733
vt 0.337410 0.160446
vt 0.385130 0.261110
vt 0.383817 0.264833
vt 0.386384 0.257571
vt 0.388409 0.258549
vt 0.387052 0.261882
vt 0.385650 0.265544
vt 0.387734 0.254304
vt 0.389867 0.255654
vt 0.201226 0.245561
vt 0.200528 0.239749
vt 0.202187 0.251838
vt 0.200086 0.252158
vt 0.199094 0.245811
vt 0.198375 0.239961
vt 0.287953 0.354443
vt 0.290465 0.354798
vt 0.290491 0.356008
vt 0.288078 0.355642
vt 0.292991 0.355022
vt 0.293037 0.356186
vt 0.293062 0.357245
vt 0.290467 0.357024
vt 0.287977 0.356626
vt 0.247480 0.158215
vt 0.247033 0.152225
vt 0.249468 0.151818
vt 0.250064 0.157740
vt 0.251354 0.151631
vt 0.252018 0.157421
vt 0.224411 0.282768
vt 0.219070 0.280837
vt 0.230803 0.284812
vt 0.230241 0.286605
vt 0.223797 0.284495
vt 0.218365 0.282437
vt 0.237994 0.287059
vt 0.237400 0.288889
vt 0.209104 0.155822
vt 0.207628 0.161347
vt 0.204797 0.160340
vt 0.206539 0.154770
vt 0.206257 0.167971
vt 0.203210 0.167023
vt 0.201235 0.166551
vt 0.202930 0.159763
vt 0.204839 0.154058
vt 0.206539 0.269697
vt 0.205153 0.265384
vt 0.207896 0.272623
vt 0.206372 0.273471
vt 0.204835 0.270431
vt 0.203260 0.265990
vt 0.209523 0.275066
vt 0.211672 0.277150
vt 0.210652 0.278266
vt 0.208240 0.276017
vt 0.279834 0.351410
vt 0.282060 0.352913
vt 0.280893 0.353625
vt 0.278353 0.352375
vt 0.283536 0.353864
vt 0.283227 0.354532
vt 0.282836 0.355404
vt 0.280297 0.354552
vt 0.277563 0.353406
vt 0.375363 0.278897
vt 0.372579 0.280626
vt 0.376425 0.279974
vt 0.373404 0.281868
vt 0.323811 0.303295
vt 0.323515 0.299920
vt 0.328746 0.300448
vt 0.328835 0.303641
vt 0.331757 0.301113
vt 0.331561 0.303943
vt 0.262151 0.316921
vt 0.257486 0.317408
vt 0.262253 0.321612
vt 0.257704 0.322215
vt 0.255438 0.322512
vt 0.255196 0.317599
vt 0.262978 0.326261
vt 0.258522 0.326841
vt 0.256342 0.327310
vt 0.324525 0.324202
vt 0.325208 0.317920
vt 0.329770 0.318463
vt 0.328981 0.325029
vt 0.325147 0.311975
vt 0.329783 0.312326
vt 0.332059 0.312365
vt 0.331985 0.318655
vt 0.331154 0.325485
vt 0.324537 0.307168
vt 0.329341 0.307483
vt 0.331770 0.307588
vt 0.442197 0.210251
vt 0.442007 0.216013
vt 0.441502 0.204671
vt 0.443123 0.204334
vt 0.443870 0.210091
vt 0.443673 0.216068
vt 0.440010 0.199441
vt 0.441478 0.198933
vt 0.242542 0.139741
vt 0.237122 0.140614
vt 0.237309 0.138197
vt 0.242046 0.137597
vt 0.231308 0.141522
vt 0.231371 0.139093
vt 0.231123 0.137322
vt 0.237161 0.136464
vt 0.241964 0.136025
vt 0.436127 0.231780
vt 0.438980 0.226960
vt 0.440377 0.227626
vt 0.437381 0.232872
vt 0.440905 0.221690
vt 0.442502 0.221977
vt 0.199218 0.216880
vt 0.199324 0.206263
vt 0.199455 0.226087
vt 0.197287 0.226218
vt 0.197044 0.216933
vt 0.197155 0.206215
vt 0.357883 0.136517
vt 0.351192 0.136100
vt 0.350977 0.134539
vt 0.357893 0.134917
vt 0.346527 0.136082
vt 0.343856 0.136263
vt 0.343289 0.135175
vt 0.346074 0.134713
vt 0.320369 0.195475
vt 0.316570 0.193948
vt 0.323167 0.189309
vt 0.313515 0.199441
vt 0.309268 0.197533
vt 0.308104 0.195596
vt 0.315184 0.192231
vt 0.321553 0.187807
vt 0.307077 0.202033
vt 0.302361 0.199483
vt 0.301425 0.197388
vt 0.368643 0.282213
vt 0.369244 0.283708
vt 0.247924 0.138906
vt 0.249063 0.138568
vt 0.248079 0.138262
vt 0.248719 0.137780
vt 0.249447 0.137094
vt 0.250042 0.138019
vt 0.382334 0.268634
vt 0.384051 0.269366
vt 0.214795 0.278978
vt 0.213960 0.280363
vt 0.225059 0.142588
vt 0.224855 0.140337
vt 0.219501 0.143705
vt 0.219115 0.141787
vt 0.218573 0.140266
vt 0.224467 0.138633
vt 0.418738 0.180467
vt 0.414091 0.179508
vt 0.414297 0.177788
vt 0.419045 0.178873
vt 0.409674 0.179026
vt 0.409851 0.177174
vt 0.384607 0.154795
vt 0.386355 0.154187
vt 0.215593 0.144590
vt 0.215182 0.143135
vt 0.213506 0.145032
vt 0.212761 0.144285
vt 0.212004 0.143325
vt 0.214521 0.141879
vt 0.212730 0.146224
vt 0.211202 0.145517
vt 0.211743 0.148262
vt 0.209841 0.147337
vt 0.208701 0.146468
vt 0.210272 0.144630
vt 0.210528 0.151427
vt 0.208285 0.150380
vt 0.206845 0.149546
vt 0.247455 0.138117
vt 0.248074 0.137343
vt 0.246748 0.137866
vt 0.246998 0.137132
vt 0.247342 0.136135
vt 0.248614 0.136530
vt 0.245503 0.138321
vt 0.245164 0.137217
vt 0.245277 0.135938
vt 0.342497 0.136625
vt 0.341764 0.137245
vt 0.340943 0.136499
vt 0.341858 0.135743
vt 0.341268 0.138207
vt 0.340925 0.139636
vt 0.339598 0.139163
vt 0.340200 0.137599
vt 0.340756 0.141748
vt 0.339201 0.141404
vt 0.205084 0.175722
vt 0.201858 0.174863
vt 0.204117 0.184837
vt 0.200732 0.184150
vt 0.198618 0.183877
vt 0.199801 0.174483
vt 0.203356 0.195348
vt 0.199852 0.194960
vt 0.197700 0.194800
vt 0.203579 0.258973
vt 0.201544 0.259418
vt 0.272880 0.343292
vt 0.270462 0.345431
vt 0.275684 0.345037
vt 0.275009 0.346645
vt 0.274832 0.348237
vt 0.272926 0.348641
vt 0.271304 0.349748
vt 0.267688 0.346701
vt 0.335112 0.173578
vt 0.331901 0.179273
vt 0.330025 0.178198
vt 0.333157 0.172724
vt 0.312949 0.345380
vt 0.316892 0.340788
vt 0.320501 0.342321
vt 0.315996 0.347092
vt 0.320329 0.335542
vt 0.324373 0.336833
vt 0.326282 0.337799
vt 0.322198 0.343521
vt 0.317417 0.348452
vt 0.322902 0.330043
vt 0.327199 0.331122
vt 0.329251 0.331826
vt 0.298429 0.354356
vt 0.301492 0.353323
vt 0.302871 0.354804
vt 0.299309 0.355633
vt 0.304971 0.351613
vt 0.306844 0.353257
vt 0.307656 0.354656
vt 0.303504 0.356092
vt 0.299663 0.356885
vt 0.308850 0.349010
vt 0.311283 0.350758
vt 0.312384 0.352187
vt 0.276273 0.199418
vt 0.275600 0.195419
vt 0.269872 0.195770
vt 0.269661 0.191683
vt 0.270652 0.189724
vt 0.276295 0.193309
vt 0.264038 0.191556
vt 0.264440 0.187294
vt 0.257335 0.186204
vt 0.259824 0.182144
vt 0.261498 0.180635
vt 0.265734 0.185494
vt 0.328120 0.184432
vt 0.326343 0.183129
vt 0.253043 0.177572
vt 0.256047 0.176184
vt 0.250327 0.170887
vt 0.253189 0.170031
vt 0.255154 0.169285
vt 0.257918 0.175151
vt 0.248527 0.164482
vt 0.251243 0.163865
vt 0.253243 0.163348
vt 0.199926 0.233522
vt 0.197766 0.233699
vt 0.338333 0.287994
vt 0.340286 0.290388
vt 0.344604 0.286229
vt 0.345755 0.288561
vt 0.346489 0.290347
vt 0.341497 0.292129
vt 0.349414 0.285036
vt 0.350119 0.287330
vt 0.350645 0.289123
vt 0.277212 0.349637
vt 0.275631 0.350812
vt 0.274648 0.351950
vt 0.285418 0.354082
vt 0.285610 0.355150
vt 0.285436 0.356060
vt 0.295634 0.354980
vt 0.295967 0.356145
vt 0.296197 0.357222
vt 0.243825 0.158893
vt 0.243623 0.152936
vt 0.239328 0.159542
vt 0.239383 0.153691
vt 0.239920 0.148371
vt 0.243898 0.147624
vt 0.381138 0.187371
vt 0.381847 0.180432
vt 0.380098 0.194941
vt 0.381469 0.174813
vt 0.258784 0.197645
vt 0.251705 0.197372
vt 0.250188 0.187328
vt 0.244475 0.197929
vt 0.243344 0.188514
vt 0.241958 0.180156
vt 0.248008 0.178996
vt 0.240650 0.172709
vt 0.245985 0.171875
vt 0.216999 0.171305
vt 0.211093 0.169607
vt 0.212098 0.162963
vt 0.217586 0.164576
vt 0.213176 0.157341
vt 0.218257 0.158761
vt 0.214182 0.152725
vt 0.218905 0.153821
vt 0.214971 0.149139
vt 0.219395 0.149707
vt 0.271777 0.295935
vt 0.272409 0.299106
vt 0.282556 0.295789
vt 0.282952 0.299104
vt 0.283109 0.302800
vt 0.272468 0.302796
vt 0.244583 0.143287
vt 0.240941 0.143694
vt 0.245560 0.140312
vt 0.246637 0.138868
vt 0.234347 0.159935
vt 0.234592 0.154234
vt 0.229068 0.159984
vt 0.229435 0.154485
vt 0.230021 0.149531
vt 0.235229 0.149032
vt 0.223655 0.159632
vt 0.224124 0.154399
vt 0.224583 0.149802
vt 0.244585 0.165223
vt 0.239747 0.165868
vt 0.234945 0.173109
vt 0.234468 0.166196
vt 0.229063 0.173034
vt 0.228946 0.166145
vt 0.223070 0.172461
vt 0.223290 0.165640
vt 0.210259 0.177295
vt 0.209601 0.186141
vt 0.216576 0.178971
vt 0.216289 0.187553
vt 0.223017 0.180107
vt 0.223092 0.188536
vt 0.229388 0.180669
vt 0.229834 0.189039
vt 0.235702 0.180708
vt 0.236566 0.189078
vt 0.348458 0.281904
vt 0.342832 0.282990
vt 0.236221 0.144353
vt 0.230759 0.145096
vt 0.224942 0.145797
vt 0.219599 0.146328
vt 0.215471 0.146507
vt 0.237356 0.198192
vt 0.230312 0.198056
vt 0.223259 0.197629
vt 0.216129 0.196953
vt 0.209108 0.196099
vt 0.364591 0.200864
vt 0.356317 0.199890
vt 0.372280 0.201727
vt 0.371735 0.208818
vt 0.363667 0.207545
vt 0.354798 0.206195
vt 0.363027 0.214247
vt 0.353701 0.212430
vt 0.371495 0.215908
vt 0.371682 0.223035
vt 0.362855 0.220919
vt 0.353205 0.218744
vt 0.363042 0.227509
vt 0.353333 0.225192
vt 0.372242 0.229994
vt 0.379413 0.202461
vt 0.379099 0.210001
vt 0.379228 0.217509
vt 0.379937 0.225150
vt 0.381176 0.232736
vt 0.328085 0.196676
vt 0.337829 0.197747
vt 0.334217 0.203008
vt 0.322700 0.201256
vt 0.318037 0.205029
vt 0.331257 0.207947
vt 0.329943 0.213324
vt 0.315727 0.209512
vt 0.317660 0.216340
vt 0.304914 0.213083
vt 0.330889 0.219825
vt 0.347397 0.198823
vt 0.345053 0.204659
vt 0.343248 0.210374
vt 0.342391 0.216329
vt 0.342765 0.222736
vt 0.282766 0.215347
vt 0.285813 0.224082
vt 0.291096 0.217601
vt 0.294652 0.225989
vt 0.297233 0.233810
vt 0.288065 0.232228
vt 0.299948 0.219532
vt 0.303934 0.227724
vt 0.306701 0.235334
vt 0.271685 0.237152
vt 0.280489 0.238435
vt 0.281291 0.245641
vt 0.272296 0.244459
vt 0.289629 0.239759
vt 0.299000 0.241083
vt 0.300191 0.247735
vt 0.290648 0.246648
vt 0.308565 0.242281
vt 0.309777 0.248660
vt 0.272634 0.251284
vt 0.281777 0.252226
vt 0.282025 0.258376
vt 0.272761 0.257573
vt 0.291220 0.253137
vt 0.300913 0.253900
vt 0.301357 0.259715
vt 0.291579 0.259118
vt 0.310562 0.254631
vt 0.311087 0.260224
vt 0.272740 0.263518
vt 0.282107 0.264191
vt 0.282137 0.269738
vt 0.272578 0.269192
vt 0.291836 0.264802
vt 0.301689 0.265212
vt 0.302079 0.270503
vt 0.292037 0.270194
vt 0.311533 0.265601
vt 0.312062 0.270741
vt 0.272244 0.274753
vt 0.282090 0.275028
vt 0.292228 0.275334
vt 0.302561 0.275552
vt 0.303220 0.280388
vt 0.292489 0.280211
vt 0.312815 0.275728
vt 0.314002 0.280628
vt 0.275724 0.339187
vt 0.278065 0.342417
vt 0.283834 0.338951
vt 0.284774 0.342422
vt 0.285428 0.345547
vt 0.279713 0.345188
vt 0.270698 0.292944
vt 0.281982 0.292527
vt 0.326612 0.285419
vt 0.335759 0.284334
vt 0.292790 0.284768
vt 0.293084 0.288862
vt 0.304071 0.284966
vt 0.304674 0.289091
vt 0.315567 0.285362
vt 0.316625 0.289665
vt 0.293325 0.292457
vt 0.293548 0.295788
vt 0.304674 0.292664
vt 0.304469 0.295964
vt 0.316034 0.293177
vt 0.315181 0.296289
vt 0.294914 0.211021
vt 0.286714 0.209127
vt 0.279102 0.206521
vt 0.271993 0.203372
vt 0.265414 0.200080
vt 0.304762 0.302940
vt 0.315247 0.303049
vt 0.315857 0.306942
vt 0.305147 0.306837
vt 0.316423 0.311549
vt 0.305396 0.311341
vt 0.316544 0.317081
vt 0.305445 0.316394
vt 0.316030 0.322924
vt 0.305125 0.321709
vt 0.314750 0.328469
vt 0.304309 0.326913
vt 0.312743 0.333735
vt 0.303065 0.331937
vt 0.310129 0.338734
vt 0.301500 0.336716
vt 0.307174 0.343190
vt 0.299782 0.341026
vt 0.304150 0.346824
vt 0.298018 0.344754
vt 0.301286 0.349625
vt 0.296371 0.347730
vt 0.280102 0.347983
vt 0.285849 0.348256
vt 0.286581 0.350808
vt 0.282673 0.350769
vt 0.284401 0.352651
vt 0.287412 0.352825
vt 0.291944 0.339591
vt 0.291547 0.343199
vt 0.291079 0.346378
vt 0.272281 0.330192
vt 0.273809 0.335002
vt 0.282617 0.330034
vt 0.283143 0.334796
vt 0.292982 0.330751
vt 0.292460 0.335382
vt 0.270959 0.320909
vt 0.271370 0.325534
vt 0.282336 0.320583
vt 0.282383 0.325337
vt 0.293888 0.320833
vt 0.293520 0.325755
vt 0.271382 0.311395
vt 0.271037 0.316204
vt 0.282676 0.311075
vt 0.282449 0.315841
vt 0.294143 0.311196
vt 0.294076 0.315921
vt 0.272024 0.306907
vt 0.282979 0.306758
vt 0.293982 0.302837
vt 0.294078 0.306874
vt 0.293762 0.299241
vt 0.304487 0.299370
vt 0.314923 0.299558
vt 0.290642 0.348988
vt 0.290363 0.351321
vt 0.294917 0.350114
vt 0.293730 0.352090
vt 0.298701 0.351685
vt 0.296576 0.353104
vt 0.290370 0.353215
vt 0.293043 0.353698
vt 0.295112 0.354008
vt 0.442146 0.184772
vt 0.437126 0.179612
vt 0.431553 0.175769
vt 0.425649 0.173082
vt 0.419647 0.171346
vt 0.413998 0.170395
vt 0.409186 0.169953
vt 0.405558 0.169674
vt 0.403215 0.169327
vt 0.401878 0.168905
vt 0.401059 0.168488
vt 0.400353 0.167965
vt 0.399496 0.167056
vt 0.398331 0.165181
vt 0.396906 0.161874
vt 0.395501 0.157822
vt 0.394248 0.153986
vt 0.392817 0.149980
vt 0.390680 0.145179
vt 0.387506 0.140187
vt 0.383327 0.135742
vt 0.378229 0.132199
vt 0.372298 0.129648
vt 0.365199 0.127973
vt 0.357034 0.127129
vt 0.349231 0.127243
vt 0.343101 0.128248
vt 0.338811 0.129935
vt 0.336212 0.131732
vt 0.334463 0.133555
vt 0.333137 0.135759
vt 0.332228 0.138440
vt 0.331723 0.141637
vt 0.331493 0.145450
vt 0.331296 0.149931
vt 0.330835 0.154905
vt 0.329802 0.160189
vt 0.328147 0.165458
vt 0.325899 0.170386
vt 0.323178 0.174822
vt 0.320093 0.178716
vt 0.316209 0.182353
vt 0.311041 0.185826
vt 0.305367 0.188414
vt 0.300139 0.189742
vt 0.295137 0.190171
vt 0.290094 0.189880
vt 0.285107 0.188775
vt 0.280212 0.186772
vt 0.275607 0.183971
vt 0.271534 0.180608
vt 0.267984 0.176710
vt 0.264913 0.172258
vt 0.262461 0.167423
vt 0.260681 0.162428
vt 0.259476 0.157271
vt 0.258722 0.151977
vt 0.258299 0.146900
vt 0.257976 0.142405
vt 0.257450 0.138567
vt 0.256487 0.135590
vt 0.255140 0.133533
vt 0.253340 0.131881
vt 0.250781 0.130438
vt 0.247328 0.129390
vt 0.242877 0.128892
vt 0.237342 0.128965
vt 0.230796 0.129611
vt 0.223559 0.130855
vt 0.216730 0.132656
vt 0.211400 0.134780
vt 0.207531 0.137100
vt 0.204634 0.139522
vt 0.201963 0.142594
vt 0.199291 0.147071
vt 0.196894 0.152694
vt 0.194835 0.159152
vt 0.193099 0.166472
vt 0.191672 0.174780
vt 0.190520 0.184408
vt 0.189647 0.195471
vt 0.189155 0.206992
vt 0.189092 0.217811
vt 0.189387 0.227201
vt 0.189909 0.234774
vt 0.190546 0.241089
vt 0.191299 0.246980
vt 0.192329 0.253395
vt 0.193849 0.260818
vt 0.195703 0.267803
vt 0.197554 0.272928
vt 0.199514 0.276791
vt 0.202018 0.280328
vt 0.205321 0.283605
vt 0.209601 0.286603
vt 0.214801 0.289249
vt 0.220728 0.291596
vt 0.227378 0.293802
vt 0.234403 0.295942
vt 0.240177 0.297761
vt 0.243488 0.299047
vt 0.245035 0.299969
vt 0.245776 0.300653
vt 0.246252 0.301265
vt 0.246702 0.302080
vt 0.247141 0.303506
vt 0.247362 0.306090
vt 0.247282 0.309891
vt 0.247056 0.314587
vt 0.247064 0.319787
vt 0.247650 0.325242
vt 0.249047 0.331090
vt 0.251409 0.337426
vt 0.254690 0.343659
vt 0.258580 0.349144
vt 0.262730 0.353659
vt 0.266847 0.357183
vt 0.270853 0.359865
vt 0.274862 0.361960
vt 0.278852 0.363598
vt 0.282897 0.364886
vt 0.286892 0.365714
vt 0.290788 0.366119
vt 0.294876 0.366183
vt 0.299492 0.365800
vt 0.304371 0.364732
vt 0.309411 0.363043
vt 0.314714 0.360436
vt 0.320376 0.356565
vt 0.325927 0.351406
vt 0.330908 0.345146
vt 0.334920 0.338263
vt 0.337720 0.331201
vt 0.339328 0.323930
vt 0.339836 0.316557
vt 0.339699 0.310318
vt 0.339509 0.306180
vt 0.339579 0.303722
vt 0.339888 0.302313
vt 0.340308 0.301438
vt 0.340899 0.300692
vt 0.342217 0.299697
vt 0.345195 0.298412
vt 0.349264 0.297142
vt 0.353082 0.296101
vt 0.356940 0.295104
vt 0.361553 0.293892
vt 0.366810 0.292356
vt 0.372295 0.290392
vt 0.377298 0.287981
vt 0.381222 0.285302
vt 0.384265 0.282466
vt 0.386719 0.279382
vt 0.388843 0.275857
vt 0.390735 0.271834
vt 0.392321 0.267838
vt 0.393578 0.264429
vt 0.394660 0.261813
vt 0.395631 0.260003
vt 0.396528 0.258844
vt 0.397445 0.258077
vt 0.398600 0.257526
vt 0.400442 0.257107
vt 0.403369 0.256860
vt 0.407504 0.256621
vt 0.412710 0.256069
vt 0.418746 0.254762
vt 0.425235 0.252366
vt 0.431741 0.248651
vt 0.437664 0.243821
vt 0.442575 0.238310
vt 0.446433 0.232205
vt 0.449238 0.225527
vt 0.450949 0.218466
vt 0.451485 0.211241
vt 0.450886 0.204137
vt 0.449128 0.197339
vt 0.446228 0.190854
vt 0.440852 0.193139
vt 0.437389 0.188227
vt 0.443430 0.198514
vt 0.445125 0.204268
vt 0.445848 0.210374
vt 0.445571 0.216673
vt 0.444266 0.222882
vt 0.441966 0.228801
vt 0.438750 0.234277
vt 0.434554 0.239272
vt 0.429400 0.243710
vt 0.423682 0.247178
vt 0.417918 0.249480
vt 0.412408 0.250825
vt 0.407411 0.251501
vt 0.403073 0.251890
vt 0.399488 0.252313
vt 0.396788 0.253046
vt 0.394926 0.254000
vt 0.393383 0.255245
vt 0.391876 0.257005
vt 0.390398 0.259461
vt 0.388978 0.262565
vt 0.387518 0.266157
vt 0.385861 0.270018
vt 0.384037 0.273648
vt 0.382138 0.276616
vt 0.380072 0.279083
vt 0.377596 0.281307
vt 0.374362 0.283438
vt 0.370021 0.285478
vt 0.364953 0.287266
vt 0.359878 0.288757
vt 0.355281 0.290003
vt 0.351334 0.291082
vt 0.347291 0.292302
vt 0.342595 0.294076
vt 0.338503 0.296445
vt 0.336421 0.298494
vt 0.335442 0.299817
vt 0.334703 0.301289
vt 0.334169 0.303560
vt 0.334040 0.306971
vt 0.334207 0.311728
vt 0.334142 0.318090
vt 0.333346 0.325103
vt 0.331508 0.331713
vt 0.328579 0.337985
vt 0.324496 0.344016
vt 0.319625 0.349292
vt 0.314404 0.353371
vt 0.309390 0.356155
vt 0.304930 0.357869
vt 0.300771 0.358842
vt 0.296968 0.359312
vt 0.293495 0.359316
vt 0.290537 0.359109
vt 0.287723 0.358714
vt 0.284870 0.358081
vt 0.281951 0.357243
vt 0.279063 0.356236
vt 0.275998 0.354959
vt 0.272790 0.353252
vt 0.269184 0.350781
vt 0.265375 0.347396
vt 0.261583 0.342964
vt 0.258199 0.337649
vt 0.255633 0.332060
vt 0.254023 0.326814
vt 0.253187 0.321802
vt 0.252959 0.316750
vt 0.253083 0.311787
vt 0.253203 0.307203
vt 0.252889 0.303366
vt 0.252109 0.300942
vt 0.251256 0.299509
vt 0.250399 0.298428
vt 0.249183 0.297108
vt 0.246924 0.295270
vt 0.242796 0.293150
vt 0.236549 0.290864
vt 0.229448 0.288581
vt 0.222978 0.286418
vt 0.217448 0.284254
vt 0.212880 0.281981
vt 0.209360 0.279599
vt 0.206721 0.277069
vt 0.204653 0.274275
vt 0.202946 0.271038
vt 0.201234 0.266451
vt 0.199441 0.259793
vt 0.197953 0.252494
vt 0.196946 0.246130
vt 0.196216 0.240270
vt 0.195603 0.233993
vt 0.195112 0.226486
vt 0.194852 0.217172
vt 0.194951 0.206427
vt 0.195481 0.194984
vt 0.196393 0.184022
vt 0.197581 0.174564
vt 0.199030 0.166530
vt 0.200761 0.159602
vt 0.202754 0.153713
vt 0.204945 0.148971
vt 0.207101 0.145638
vt 0.209011 0.143529
vt 0.211028 0.141848
vt 0.213839 0.140129
vt 0.218136 0.138301
vt 0.224225 0.136566
vt 0.231010 0.135252
vt 0.237147 0.134467
vt 0.242072 0.134173
vt 0.245584 0.134330
vt 0.247912 0.134839
vt 0.249457 0.135558
vt 0.250541 0.136437
vt 0.251400 0.137624
vt 0.252145 0.139540
vt 0.252677 0.142521
vt 0.253022 0.146634
vt 0.253427 0.151753
vt 0.254154 0.157402
vt 0.255401 0.163105
vt 0.257292 0.168764
vt 0.259975 0.174323
vt 0.263413 0.179498
vt 0.267454 0.184064
vt 0.272124 0.188036
vt 0.277467 0.191379
vt 0.283249 0.193809
vt 0.289169 0.195165
vt 0.295105 0.195565
vt 0.301034 0.195091
vt 0.307279 0.193466
vt 0.313955 0.190349
vt 0.319966 0.186190
vt 0.324478 0.181831
vt 0.328002 0.177233
vt 0.331019 0.172066
vt 0.333466 0.166390
vt 0.335203 0.160399
vt 0.336251 0.154541
vt 0.336725 0.149275
vt 0.336983 0.144880
vt 0.337326 0.141525
vt 0.337881 0.139063
vt 0.338658 0.137244
vt 0.339617 0.135893
vt 0.340775 0.134848
vt 0.342470 0.133898
vt 0.345511 0.133041
vt 0.350611 0.132603
vt 0.357696 0.132848
vt 0.365080 0.133882
vt 0.370970 0.135502
vt 0.375411 0.137485
vt 0.379078 0.139936
vt 0.382204 0.142934
vt 0.384880 0.146546
vt 0.386969 0.150482
vt 0.388496 0.154142
vt 0.389906 0.157970
vt 0.391572 0.162474
vt 0.393478 0.166774
vt 0.395413 0.169726
vt 0.397124 0.171323
vt 0.398551 0.172285
vt 0.400071 0.173187
vt 0.402331 0.174077
vt 0.405578 0.174711
vt 0.409617 0.175176
vt 0.414224 0.175819
vt 0.419218 0.176918
vt 0.424254 0.178625
vt 0.428996 0.181013
vt 0.433330 0.184151
vt 0.863804 0.898085
vt 0.871483 0.898248
vt 0.871555 0.902581
vt 0.864251 0.902505
vt 0.878862 0.898484
vt 0.878532 0.902622
vt 0.878215 0.906639
vt 0.871818 0.906766
vt 0.865090 0.906885
vt 0.967570 0.815916
vt 0.970445 0.822246
vt 0.964662 0.823439
vt 0.962086 0.816447
vt 0.972298 0.828989
vt 0.966456 0.830656
vt 0.959378 0.832695
vt 0.957629 0.824840
vt 0.955343 0.817087
vt 0.863498 0.888745
vt 0.871660 0.889243
vt 0.871545 0.893815
vt 0.863599 0.893513
vt 0.879536 0.889697
vt 0.879213 0.894149
vt 0.863162 0.878715
vt 0.871739 0.879547
vt 0.871742 0.884465
vt 0.863405 0.883851
vt 0.880027 0.880372
vt 0.879813 0.885129
vt 0.861739 0.867376
vt 0.871128 0.868856
vt 0.871559 0.874336
vt 0.862636 0.873228
vt 0.880154 0.870290
vt 0.880148 0.875470
vt 0.858616 0.854417
vt 0.869463 0.856752
vt 0.870430 0.862987
vt 0.860433 0.861109
vt 0.879565 0.858928
vt 0.879952 0.864825
vt 0.761093 0.904292
vt 0.768563 0.904902
vt 0.768816 0.909821
vt 0.761142 0.909020
vt 0.775973 0.905452
vt 0.776156 0.910489
vt 0.776236 0.914677
vt 0.768948 0.913910
vt 0.761052 0.912928
vt 0.760574 0.893915
vt 0.768048 0.894289
vt 0.768315 0.899701
vt 0.760885 0.899266
vt 0.775636 0.894749
vt 0.775798 0.900199
vt 0.759781 0.881922
vt 0.767402 0.882403
vt 0.767734 0.888557
vt 0.760206 0.888107
vt 0.775128 0.882925
vt 0.775424 0.889050
vt 0.758973 0.868455
vt 0.766695 0.868995
vt 0.767075 0.875928
vt 0.759382 0.875409
vt 0.774496 0.869593
vt 0.774873 0.876547
vt 0.758142 0.852867
vt 0.765840 0.853351
vt 0.766306 0.861504
vt 0.758566 0.860986
vt 0.773564 0.853960
vt 0.774101 0.862152
vt 0.757340 0.834806
vt 0.764783 0.835183
vt 0.765324 0.844534
vt 0.757729 0.844090
vt 0.772238 0.835438
vt 0.772939 0.845044
vt 0.790661 0.906020
vt 0.799416 0.906033
vt 0.798604 0.910721
vt 0.789588 0.910993
vt 0.809050 0.906038
vt 0.808809 0.910476
vt 0.808737 0.914397
vt 0.798091 0.914791
vt 0.788105 0.915799
vt 0.846940 0.897607
vt 0.855649 0.897889
vt 0.856324 0.902466
vt 0.847690 0.902298
vt 0.857553 0.906947
vt 0.848982 0.906938
vt 0.846138 0.887716
vt 0.855008 0.888265
vt 0.855258 0.893134
vt 0.846484 0.892779
vt 0.845079 0.876839
vt 0.854255 0.877784
vt 0.854722 0.883139
vt 0.845728 0.882457
vt 0.842332 0.864324
vt 0.852067 0.865855
vt 0.853423 0.872027
vt 0.844039 0.870856
vt 0.835868 0.849376
vt 0.847045 0.851818
vt 0.849997 0.859124
vt 0.839710 0.857161
vt 0.891419 0.906389
vt 0.898069 0.906380
vt 0.896306 0.909246
vt 0.890116 0.909694
vt 0.903434 0.906725
vt 0.901155 0.909262
vt 0.898991 0.911074
vt 0.894985 0.911721
vt 0.889156 0.912582
vt 0.893534 0.899074
vt 0.900773 0.899585
vt 0.899567 0.903205
vt 0.892573 0.902868
vt 0.906662 0.900222
vt 0.905238 0.903767
vt 0.895040 0.890601
vt 0.902622 0.891056
vt 0.901800 0.895431
vt 0.894362 0.894925
vt 0.908763 0.891480
vt 0.907848 0.895978
vt 0.896091 0.881911
vt 0.903755 0.882609
vt 0.903219 0.886762
vt 0.895603 0.886270
vt 0.909884 0.883207
vt 0.909372 0.887185
vt 0.897329 0.873266
vt 0.905443 0.874858
vt 0.904395 0.878616
vt 0.896632 0.877595
vt 0.911819 0.876404
vt 0.910572 0.879567
vt 0.898626 0.863584
vt 0.908006 0.866588
vt 0.906972 0.871195
vt 0.898163 0.868757
vt 0.917069 0.870477
vt 0.913929 0.873705
vt 0.735907 0.903561
vt 0.740865 0.903298
vt 0.741735 0.906754
vt 0.737411 0.906607
vt 0.747137 0.903397
vt 0.747466 0.907416
vt 0.747522 0.910767
vt 0.742232 0.909611
vt 0.738875 0.908743
vt 0.733577 0.894996
vt 0.739150 0.894302
vt 0.740026 0.899318
vt 0.734703 0.899950
vt 0.746052 0.893790
vt 0.746659 0.898943
vt 0.731151 0.880781
vt 0.737184 0.880867
vt 0.738145 0.887838
vt 0.732320 0.888165
vt 0.744611 0.881130
vt 0.745327 0.887686
vt 0.729649 0.868069
vt 0.735844 0.867894
vt 0.736433 0.874308
vt 0.730294 0.874223
vt 0.743471 0.867862
vt 0.743994 0.874564
vt 0.728638 0.853753
vt 0.734904 0.853163
vt 0.735318 0.861016
vt 0.729077 0.861491
vt 0.742612 0.852652
vt 0.742996 0.860646
vt 0.728552 0.833620
vt 0.734690 0.833745
vt 0.734674 0.843971
vt 0.728436 0.844344
vt 0.742220 0.833997
vt 0.742335 0.843693
vt 0.884717 0.906506
vt 0.883845 0.910127
vt 0.877903 0.910490
vt 0.883207 0.913281
vt 0.877732 0.913809
vt 0.886173 0.898730
vt 0.885501 0.902703
vt 0.887297 0.890156
vt 0.886765 0.894503
vt 0.888116 0.881164
vt 0.887723 0.885715
vt 0.888836 0.871725
vt 0.888492 0.876548
vt 0.889182 0.861084
vt 0.889131 0.866682
vt 0.753922 0.903773
vt 0.753976 0.908200
vt 0.753834 0.911879
vt 0.753259 0.893676
vt 0.753666 0.898970
vt 0.752207 0.881486
vt 0.752746 0.887815
vt 0.751253 0.868049
vt 0.751719 0.874947
vt 0.750424 0.852580
vt 0.750812 0.860637
vt 0.749839 0.834378
vt 0.750087 0.843759
vt 0.783095 0.905860
vt 0.782632 0.910902
vt 0.781945 0.915125
vt 0.783369 0.895227
vt 0.783332 0.900617
vt 0.791439 0.895585
vt 0.791229 0.900891
vt 0.783087 0.883541
vt 0.783254 0.889506
vt 0.791306 0.884193
vt 0.791423 0.890046
vt 0.782475 0.870304
vt 0.782848 0.877211
vt 0.790705 0.871136
vt 0.791068 0.877848
vt 0.781399 0.854689
vt 0.782024 0.862890
vt 0.789348 0.855609
vt 0.790129 0.863732
vt 0.779756 0.835711
vt 0.780613 0.845623
vt 0.787161 0.836531
vt 0.788336 0.846589
vt 0.871299 0.808103
vt 0.869105 0.813984
vt 0.861842 0.813885
vt 0.864671 0.808180
vt 0.866336 0.819742
vt 0.858116 0.819359
vt 0.851678 0.818735
vt 0.856124 0.813536
vt 0.859414 0.808024
vt 0.885465 0.808121
vt 0.884391 0.814291
vt 0.876742 0.814136
vt 0.878331 0.808097
vt 0.883037 0.820637
vt 0.874793 0.820175
vt 0.899729 0.807690
vt 0.899163 0.814239
vt 0.891863 0.814377
vt 0.892585 0.808047
vt 0.898422 0.821256
vt 0.890929 0.820999
vt 0.961409 0.848945
vt 0.967826 0.845721
vt 0.967615 0.853114
vt 0.961963 0.857080
vt 0.973072 0.843222
vt 0.972049 0.850131
vt 0.970841 0.855056
vt 0.967606 0.858818
vt 0.962580 0.863541
vt 0.967497 0.838111
vt 0.960607 0.840720
vt 0.973204 0.836017
vt 0.952629 0.809673
vt 0.958920 0.809914
vt 0.950567 0.803686
vt 0.956533 0.804798
vt 0.960779 0.806215
vt 0.963901 0.810061
vt 0.794355 0.838411
vt 0.796100 0.848121
vt 0.801638 0.840889
vt 0.804039 0.849977
vt 0.805877 0.858360
vt 0.797498 0.856894
vt 0.923449 0.838705
vt 0.924320 0.847356
vt 0.918634 0.846729
vt 0.917839 0.838299
vt 0.925339 0.856299
vt 0.919805 0.855427
vt 0.913546 0.854066
vt 0.912373 0.845729
vt 0.911757 0.837594
vt 0.922221 0.822031
vt 0.922744 0.830272
vt 0.917392 0.830030
vt 0.917315 0.821854
vt 0.911589 0.829516
vt 0.911854 0.821520
vt 0.921585 0.808183
vt 0.921821 0.814306
vt 0.917574 0.814039
vt 0.918165 0.807713
vt 0.912578 0.813540
vt 0.913750 0.805822
vt 0.934242 0.838196
vt 0.935391 0.847247
vt 0.929801 0.847501
vt 0.928834 0.838662
vt 0.936324 0.856553
vt 0.930767 0.856719
vt 0.931652 0.820875
vt 0.933028 0.829456
vt 0.927855 0.830062
vt 0.926909 0.821640
vt 0.928776 0.806156
vt 0.930169 0.812621
vt 0.925888 0.813732
vt 0.924995 0.807471
vt 0.945932 0.836150
vt 0.947266 0.844997
vt 0.941171 0.846396
vt 0.939944 0.837406
vt 0.948422 0.854249
vt 0.942209 0.855721
vt 0.942440 0.818860
vt 0.944344 0.827483
vt 0.938514 0.828614
vt 0.936828 0.819906
vt 0.938480 0.803756
vt 0.940282 0.810466
vt 0.934958 0.811440
vt 0.933258 0.804786
vt 0.953830 0.843120
vt 0.952411 0.834469
vt 0.954839 0.851926
vt 0.950734 0.826117
vt 0.948584 0.817905
vt 0.926482 0.865190
vt 0.921414 0.864134
vt 0.927306 0.872388
vt 0.922792 0.871289
vt 0.915347 0.862491
vt 0.937124 0.865883
vt 0.931632 0.865842
vt 0.937679 0.873457
vt 0.932193 0.873221
vt 0.949347 0.863491
vt 0.943085 0.865196
vt 0.950163 0.870970
vt 0.943743 0.872805
vt 0.955726 0.860716
vt 0.956595 0.867777
vt 0.862680 0.760394
vt 0.865137 0.762976
vt 0.862000 0.762795
vt 0.860397 0.760803
vt 0.867844 0.766050
vt 0.863675 0.765297
vt 0.860341 0.764695
vt 0.859665 0.762578
vt 0.859250 0.761232
vt 0.872611 0.760106
vt 0.875435 0.763285
vt 0.869520 0.763140
vt 0.866633 0.760175
vt 0.878787 0.767038
vt 0.872839 0.766630
vt 0.888798 0.760287
vt 0.890706 0.763573
vt 0.882852 0.763427
vt 0.880522 0.760129
vt 0.893079 0.767556
vt 0.885709 0.767340
vt 0.946240 0.809819
vt 0.944373 0.803356
vt 0.883558 0.775463
vt 0.877562 0.774729
vt 0.875540 0.770481
vt 0.881526 0.771106
vt 0.871956 0.773662
vt 0.870126 0.769575
vt 0.896634 0.776417
vt 0.889950 0.776000
vt 0.888117 0.771560
vt 0.895097 0.771903
vt 0.908733 0.776864
vt 0.903278 0.776745
vt 0.902000 0.772138
vt 0.907596 0.772120
vt 0.900126 0.767654
vt 0.905660 0.767443
vt 0.885975 0.785234
vt 0.879970 0.784677
vt 0.879038 0.779464
vt 0.885020 0.780161
vt 0.874288 0.783876
vt 0.873377 0.778459
vt 0.898582 0.785829
vt 0.892207 0.785617
vt 0.891287 0.780656
vt 0.897760 0.780993
vt 0.909988 0.785762
vt 0.904837 0.785865
vt 0.904159 0.781186
vt 0.909432 0.781212
vt 0.886538 0.796353
vt 0.880182 0.796157
vt 0.880351 0.790293
vt 0.886475 0.790670
vt 0.874094 0.795938
vt 0.874537 0.789788
vt 0.899632 0.796526
vt 0.893045 0.796473
vt 0.892784 0.790935
vt 0.899198 0.791092
vt 0.911354 0.796295
vt 0.906077 0.796486
vt 0.905472 0.791135
vt 0.910626 0.791050
vt 0.886193 0.802155
vt 0.892979 0.802134
vt 0.899851 0.801928
vt 0.872983 0.802078
vt 0.879490 0.802104
vt 0.897701 0.763710
vt 0.902779 0.763539
vt 0.895718 0.760634
vt 0.900058 0.761144
vt 0.866797 0.772291
vt 0.865278 0.768396
vt 0.862621 0.771218
vt 0.861357 0.767479
vt 0.869107 0.782843
vt 0.868184 0.777139
vt 0.864905 0.781999
vt 0.863971 0.776099
vt 0.868509 0.795723
vt 0.869239 0.789173
vt 0.864015 0.795458
vt 0.864962 0.788628
vt 0.862086 0.801984
vt 0.866930 0.802109
vt 0.966525 0.809346
vt 0.970710 0.815118
vt 0.961589 0.804775
vt 0.962502 0.803378
vt 0.967906 0.808272
vt 0.972410 0.814227
vt 0.956001 0.801854
vt 0.949883 0.800226
vt 0.950034 0.798273
vt 0.956504 0.800081
vt 0.791973 0.920643
vt 0.792507 0.923187
vt 0.788292 0.923216
vt 0.787822 0.921184
vt 0.792216 0.926237
vt 0.787943 0.925871
vt 0.785634 0.925650
vt 0.786023 0.923470
vt 0.785733 0.922000
vt 0.791097 0.929887
vt 0.786705 0.929359
vt 0.789599 0.934103
vt 0.785054 0.933451
vt 0.782789 0.932888
vt 0.784419 0.928855
vt 0.944227 0.877093
vt 0.937912 0.877736
vt 0.950910 0.875147
vt 0.951636 0.877326
vt 0.944615 0.879382
vt 0.937975 0.880057
vt 0.883102 0.915723
vt 0.877793 0.916324
vt 0.888980 0.914902
vt 0.889289 0.916889
vt 0.883325 0.917739
vt 0.877997 0.918357
vt 0.848324 0.921483
vt 0.849660 0.919028
vt 0.853982 0.920174
vt 0.852665 0.922012
vt 0.852893 0.916064
vt 0.857117 0.918696
vt 0.858456 0.920496
vt 0.855849 0.921459
vt 0.854877 0.922706
vt 0.910930 0.771739
vt 0.912090 0.776675
vt 0.908809 0.766815
vt 0.910548 0.765930
vt 0.912867 0.771192
vt 0.914142 0.776348
vt 0.905395 0.762682
vt 0.900873 0.759843
vt 0.901632 0.758322
vt 0.906683 0.761538
vt 0.895237 0.758447
vt 0.888083 0.757900
vt 0.888103 0.756044
vt 0.895508 0.756708
vt 0.957558 0.871680
vt 0.963610 0.867046
vt 0.964899 0.868778
vt 0.958596 0.873671
vt 0.917290 0.875902
vt 0.915347 0.877789
vt 0.920016 0.874988
vt 0.920648 0.877283
vt 0.918592 0.877709
vt 0.917174 0.879078
vt 0.923446 0.875460
vt 0.927465 0.876533
vt 0.927215 0.878847
vt 0.923451 0.877825
vt 0.779205 0.772058
vt 0.780644 0.767198
vt 0.783212 0.767515
vt 0.781888 0.772248
vt 0.781974 0.763736
vt 0.784329 0.764005
vt 0.786360 0.764185
vt 0.785258 0.767909
vt 0.783949 0.772620
vt 0.781186 0.917962
vt 0.776093 0.917507
vt 0.784583 0.918508
vt 0.783407 0.920311
vt 0.780624 0.919966
vt 0.775824 0.919533
vt 0.790681 0.918460
vt 0.786666 0.919624
vt 0.784958 0.920971
vt 0.787836 0.953217
vt 0.789229 0.958750
vt 0.784916 0.958970
vt 0.783246 0.953138
vt 0.791541 0.964029
vt 0.787584 0.964723
vt 0.785131 0.965536
vt 0.782633 0.959544
vt 0.780922 0.953450
vt 0.908581 0.904602
vt 0.906527 0.907634
vt 0.910171 0.900927
vt 0.912253 0.901670
vt 0.910520 0.905593
vt 0.908247 0.908879
vt 0.924397 0.803773
vt 0.927874 0.802382
vt 0.921538 0.804540
vt 0.921588 0.802363
vt 0.923971 0.801594
vt 0.927265 0.800245
vt 0.918981 0.804170
vt 0.916829 0.802597
vt 0.918395 0.801071
vt 0.919755 0.802213
vt 0.912200 0.800787
vt 0.915494 0.799823
vt 0.914638 0.795918
vt 0.916713 0.795446
vt 0.917456 0.798914
vt 0.913886 0.790834
vt 0.913248 0.785575
vt 0.915376 0.785339
vt 0.916017 0.790537
vt 0.826721 0.833117
vt 0.817016 0.832229
vt 0.815238 0.828206
vt 0.821897 0.828590
vt 0.809828 0.830596
vt 0.808776 0.826710
vt 0.809178 0.824535
vt 0.815237 0.825950
vt 0.821338 0.826334
vt 0.932284 0.877432
vt 0.932097 0.879742
vt 0.861095 0.775881
vt 0.859787 0.771027
vt 0.862018 0.781736
vt 0.859909 0.781822
vt 0.859019 0.776162
vt 0.857725 0.771404
vt 0.862048 0.788314
vt 0.861034 0.795086
vt 0.858937 0.794654
vt 0.859923 0.788153
vt 0.913066 0.887562
vt 0.912448 0.891879
vt 0.913549 0.883723
vt 0.915743 0.884198
vt 0.915288 0.887910
vt 0.914659 0.892267
vt 0.914194 0.880431
vt 0.916294 0.881249
vt 0.726596 0.874335
vt 0.725927 0.868271
vt 0.727502 0.880930
vt 0.725287 0.881216
vt 0.724367 0.874566
vt 0.723689 0.868473
vt 0.811614 0.984572
vt 0.815009 0.985101
vt 0.815056 0.986748
vt 0.811740 0.986216
vt 0.818395 0.985322
vt 0.818528 0.986872
vt 0.818642 0.988281
vt 0.815035 0.988146
vt 0.811570 0.987560
vt 0.777504 0.784607
vt 0.778065 0.778028
vt 0.780817 0.778087
vt 0.780313 0.784522
vt 0.782904 0.778310
vt 0.782423 0.784521
vt 0.753537 0.914503
vt 0.747210 0.913236
vt 0.760836 0.915649
vt 0.760551 0.917679
vt 0.753160 0.916512
vt 0.746689 0.915193
vt 0.768862 0.916708
vt 0.768641 0.918742
vt 0.734049 0.779627
vt 0.732770 0.786032
vt 0.729558 0.785122
vt 0.730972 0.778665
vt 0.731605 0.793377
vt 0.728274 0.792503
vt 0.726132 0.792113
vt 0.727458 0.784655
vt 0.728933 0.778074
vt 0.731425 0.900645
vt 0.730154 0.895609
vt 0.732866 0.904259
vt 0.730954 0.905200
vt 0.729361 0.901359
vt 0.728012 0.896142
vt 0.734854 0.907354
vt 0.737719 0.909902
vt 0.736523 0.911453
vt 0.733223 0.908589
vt 0.801189 0.979387
vt 0.803773 0.981826
vt 0.802058 0.982537
vt 0.799077 0.980247
vt 0.805612 0.983370
vt 0.805080 0.984255
vt 0.804390 0.985412
vt 0.801040 0.983626
vt 0.797815 0.981316
vt 0.903772 0.910209
vt 0.900007 0.912277
vt 0.905161 0.911690
vt 0.900936 0.913975
vt 0.848614 0.927097
vt 0.848038 0.924145
vt 0.852395 0.924145
vt 0.852987 0.926710
vt 0.854708 0.924253
vt 0.855286 0.926339
vt 0.788258 0.938564
vt 0.783587 0.937987
vt 0.787407 0.943215
vt 0.782660 0.942845
vt 0.780287 0.942617
vt 0.781287 0.937586
vt 0.787253 0.948098
vt 0.782510 0.947803
vt 0.780139 0.947842
vt 0.852371 0.947671
vt 0.852205 0.940973
vt 0.857073 0.940777
vt 0.857305 0.947942
vt 0.851182 0.934999
vt 0.855877 0.934445
vt 0.858195 0.933940
vt 0.859450 0.940563
vt 0.859720 0.948111
vt 0.849802 0.930521
vt 0.854306 0.929916
vt 0.856595 0.929342
vt 0.976608 0.835151
vt 0.976298 0.842347
vt 0.975765 0.828100
vt 0.977788 0.827683
vt 0.978691 0.834974
vt 0.978351 0.842445
vt 0.973809 0.821414
vt 0.975672 0.820747
vt 0.774997 0.762124
vt 0.768154 0.762888
vt 0.768511 0.759995
vt 0.774419 0.759313
vt 0.761231 0.763519
vt 0.761511 0.760718
vt 0.761361 0.758673
vt 0.768377 0.757930
vt 0.774270 0.757278
vt 0.968563 0.861699
vt 0.972288 0.855860
vt 0.973996 0.856736
vt 0.970043 0.863094
vt 0.974828 0.849380
vt 0.976785 0.849773
vt 0.724684 0.844522
vt 0.724846 0.833545
vt 0.724876 0.854067
vt 0.722625 0.854189
vt 0.722434 0.844564
vt 0.722605 0.833488
vt 0.879547 0.757697
vt 0.871320 0.757697
vt 0.870981 0.755746
vt 0.879396 0.755789
vt 0.865111 0.757854
vt 0.861077 0.758323
vt 0.860006 0.756547
vt 0.864441 0.755918
vt 0.845691 0.823712
vt 0.841939 0.822326
vt 0.848239 0.817618
vt 0.839108 0.827747
vt 0.834956 0.826001
vt 0.833775 0.824150
vt 0.840518 0.820676
vt 0.846598 0.816200
vt 0.832920 0.830359
vt 0.828345 0.827939
vt 0.827416 0.825903
vt 0.894905 0.913777
vt 0.895421 0.915679
vt 0.782852 0.761742
vt 0.784822 0.761659
vt 0.783318 0.760749
vt 0.784611 0.760146
vt 0.786338 0.759202
vt 0.786801 0.761335
vt 0.911473 0.896518
vt 0.913642 0.897052
vt 0.741854 0.911764
vt 0.741072 0.913594
vt 0.753855 0.764120
vt 0.753895 0.761482
vt 0.747071 0.764714
vt 0.746897 0.762324
vt 0.746523 0.760394
vt 0.753668 0.759480
vt 0.943582 0.799629
vt 0.937573 0.799919
vt 0.937221 0.797787
vt 0.943486 0.797553
vt 0.932277 0.800953
vt 0.931725 0.798828
vt 0.912729 0.781071
vt 0.914849 0.780822
vt 0.741990 0.765263
vt 0.741664 0.763289
vt 0.739111 0.765602
vt 0.738128 0.764464
vt 0.737146 0.762934
vt 0.741054 0.761501
vt 0.737956 0.767202
vt 0.735777 0.766173
vt 0.736668 0.770004
vt 0.734017 0.768926
vt 0.732286 0.767909
vt 0.734364 0.764895
vt 0.735359 0.774198
vt 0.732448 0.773160
vt 0.730521 0.772380
vt 0.782320 0.760332
vt 0.783579 0.759143
vt 0.781206 0.759801
vt 0.781702 0.758615
vt 0.782315 0.756844
vt 0.784823 0.757667
vt 0.779239 0.760374
vt 0.778775 0.758736
vt 0.778859 0.756808
vt 0.858899 0.759241
vt 0.857932 0.760551
vt 0.856198 0.759736
vt 0.857455 0.757866
vt 0.857625 0.762286
vt 0.857843 0.764496
vt 0.855783 0.764577
vt 0.855669 0.761972
vt 0.858604 0.767322
vt 0.856546 0.767620
vt 0.730607 0.801714
vt 0.727174 0.800901
vt 0.729758 0.811318
vt 0.726221 0.810650
vt 0.724020 0.810402
vt 0.724996 0.800576
vt 0.729030 0.822256
vt 0.725401 0.821864
vt 0.723176 0.821707
vt 0.728772 0.888535
vt 0.726584 0.888923
vt 0.794681 0.968209
vt 0.791512 0.970079
vt 0.797531 0.970761
vt 0.796418 0.972500
vt 0.795835 0.974319
vt 0.793516 0.974316
vt 0.791392 0.975138
vt 0.788160 0.970804
vt 0.859008 0.801512
vt 0.856236 0.807389
vt 0.854295 0.806460
vt 0.856974 0.800823
vt 0.841704 0.972095
vt 0.845687 0.966570
vt 0.849840 0.967918
vt 0.845321 0.973701
vt 0.849006 0.960452
vt 0.853593 0.961479
vt 0.855786 0.962356
vt 0.851822 0.969068
vt 0.847050 0.975051
vt 0.851288 0.954173
vt 0.856129 0.954870
vt 0.858471 0.955412
vt 0.825309 0.984071
vt 0.829009 0.982530
vt 0.830839 0.984207
vt 0.826521 0.985589
vt 0.833062 0.980141
vt 0.835478 0.981909
vt 0.836605 0.983474
vt 0.831741 0.985696
vt 0.827082 0.987111
vt 0.837374 0.976676
vt 0.840394 0.978428
vt 0.841825 0.979921
vt 0.803153 0.827787
vt 0.802595 0.823886
vt 0.796991 0.824059
vt 0.796919 0.820041
vt 0.797971 0.818135
vt 0.803335 0.821833
vt 0.791382 0.819712
vt 0.791953 0.815517
vt 0.784941 0.814101
vt 0.787646 0.810190
vt 0.789409 0.808776
vt 0.793318 0.813786
vt 0.852854 0.812674
vt 0.851042 0.811500
vt 0.781141 0.805166
vt 0.784268 0.803991
vt 0.778926 0.798140
vt 0.781921 0.797542
vt 0.783996 0.796989
vt 0.786257 0.803086
vt 0.777750 0.791343
vt 0.780633 0.791044
vt 0.782741 0.790780
vt 0.725330 0.861793
vt 0.723085 0.861966
vt 0.861218 0.915140
vt 0.862544 0.917809
vt 0.867646 0.914646
vt 0.868358 0.917265
vt 0.868723 0.919299
vt 0.863244 0.919810
vt 0.872841 0.914240
vt 0.873194 0.916808
vt 0.873428 0.918845
vt 0.798340 0.976562
vt 0.796124 0.977592
vt 0.794634 0.978692
vt 0.808173 0.983907
vt 0.808341 0.985410
vt 0.808018 0.986690
vt 0.821825 0.985081
vt 0.822350 0.986542
vt 0.822746 0.987871
vt 0.773481 0.784810
vt 0.774147 0.778216
vt 0.768499 0.784975
vt 0.769268 0.778461
vt 0.770619 0.772417
vt 0.775411 0.772164
vt 0.906248 0.813780
vt 0.906809 0.806968
vt 0.905476 0.821362
vt 0.906603 0.801492
vt 0.785956 0.825581
vt 0.778863 0.825094
vt 0.777699 0.814883
vt 0.771523 0.825453
vt 0.770674 0.815794
vt 0.769635 0.807105
vt 0.775932 0.806270
vt 0.768734 0.799237
vt 0.774369 0.798776
vt 0.743344 0.796789
vt 0.736901 0.794997
vt 0.737838 0.787633
vt 0.744002 0.789367
vt 0.738878 0.781167
vt 0.744787 0.782767
vt 0.739930 0.775617
vt 0.745625 0.776984
vt 0.740887 0.771118
vt 0.746367 0.772033
vt 0.799640 0.920571
vt 0.800069 0.923456
vt 0.809545 0.920757
vt 0.809825 0.923891
vt 0.809837 0.927407
vt 0.799898 0.926824
vt 0.777120 0.767005
vt 0.772504 0.766957
vt 0.779017 0.763246
vt 0.780862 0.761350
vt 0.762955 0.784920
vt 0.763774 0.778534
vt 0.757054 0.784584
vt 0.757862 0.778361
vt 0.758966 0.772697
vt 0.765067 0.772628
vt 0.750952 0.783909
vt 0.751730 0.777891
vt 0.752577 0.772543
vt 0.773536 0.791676
vt 0.768326 0.791892
vt 0.762670 0.799300
vt 0.762601 0.791830
vt 0.756375 0.798933
vt 0.756565 0.791434
vt 0.749922 0.798123
vt 0.750338 0.790648
vt 0.736131 0.803286
vt 0.735505 0.812637
vt 0.742865 0.805046
vt 0.742518 0.814125
vt 0.749707 0.806331
vt 0.749641 0.815230
vt 0.756446 0.807090
vt 0.756678 0.815892
vt 0.763089 0.807371
vt 0.763671 0.816127
vt 0.872314 0.910792
vt 0.866398 0.911082
vt 0.766742 0.767253
vt 0.760253 0.767615
vt 0.753364 0.767865
vt 0.746880 0.767930
vt 0.741637 0.767750
vt 0.764239 0.825547
vt 0.756988 0.825265
vt 0.749691 0.824717
vt 0.742291 0.823948
vt 0.734999 0.823033
vt 0.889963 0.827783
vt 0.881571 0.827009
vt 0.897779 0.828465
vt 0.897409 0.835686
vt 0.889191 0.834575
vt 0.880195 0.833413
vt 0.888683 0.841379
vt 0.879227 0.839723
vt 0.897313 0.842907
vt 0.897613 0.850158
vt 0.888622 0.848141
vt 0.878838 0.846094
vt 0.888902 0.854818
vt 0.879056 0.852594
vt 0.898258 0.857222
vt 0.905052 0.829009
vt 0.904957 0.836717
vt 0.905243 0.844408
vt 0.906050 0.852218
vt 0.907321 0.859919
vt 0.853290 0.824661
vt 0.862961 0.825408
vt 0.859523 0.830740
vt 0.848121 0.829306
vt 0.843630 0.833107
vt 0.856702 0.835704
vt 0.855503 0.841053
vt 0.841443 0.837531
vt 0.843428 0.844197
vt 0.830934 0.841119
vt 0.856530 0.847483
vt 0.872558 0.826185
vt 0.870366 0.832105
vt 0.868689 0.837869
vt 0.867941 0.843840
vt 0.868403 0.850248
vt 0.809335 0.843379
vt 0.812316 0.851925
vt 0.817474 0.845581
vt 0.820967 0.853766
vt 0.823514 0.861401
vt 0.814546 0.859887
vt 0.826122 0.847440
vt 0.830051 0.855433
vt 0.832777 0.862873
vt 0.798509 0.864828
vt 0.807166 0.866003
vt 0.808017 0.873034
vt 0.799206 0.871997
vt 0.816109 0.867236
vt 0.825257 0.868497
vt 0.826424 0.874975
vt 0.817138 0.873943
vt 0.834598 0.869670
vt 0.835760 0.875903
vt 0.799657 0.878662
vt 0.808566 0.879433
vt 0.808887 0.885378
vt 0.799917 0.884768
vt 0.817729 0.880237
vt 0.827120 0.880962
vt 0.827535 0.886585
vt 0.818106 0.886013
vt 0.836482 0.881723
vt 0.836932 0.887152
vt 0.800046 0.890498
vt 0.809045 0.890968
vt 0.809148 0.896266
vt 0.800047 0.895921
vt 0.818378 0.891477
vt 0.827832 0.891877
vt 0.828176 0.896948
vt 0.818587 0.896635
vt 0.837288 0.892345
vt 0.837712 0.897280
vt 0.799890 0.901182
vt 0.809164 0.901286
vt 0.818779 0.901530
vt 0.828603 0.901765
vt 0.829196 0.906361
vt 0.819027 0.906159
vt 0.838341 0.902039
vt 0.839370 0.906682
vt 0.798638 0.964134
vt 0.800769 0.968187
vt 0.807889 0.964977
vt 0.808624 0.969113
vt 0.809086 0.972930
vt 0.802234 0.971713
vt 0.798749 0.917861
vt 0.809074 0.917689
vt 0.850878 0.911458
vt 0.859366 0.911361
vt 0.819303 0.910476
vt 0.819564 0.914354
vt 0.829975 0.910699
vt 0.830531 0.914599
vt 0.840751 0.911125
vt 0.841676 0.915108
vt 0.819770 0.917765
vt 0.819957 0.920937
vt 0.830541 0.917974
vt 0.830369 0.921104
vt 0.841143 0.918339
vt 0.840416 0.921223
vt 0.821186 0.839160
vt 0.813209 0.837319
vt 0.805806 0.834740
vt 0.798894 0.831564
vt 0.792480 0.828181
vt 0.830750 0.927781
vt 0.840756 0.927515
vt 0.841595 0.931179
vt 0.831212 0.931567
vt 0.842536 0.935615
vt 0.831589 0.936017
vt 0.843187 0.941150
vt 0.831813 0.941121
vt 0.843203 0.947246
vt 0.831674 0.946632
vt 0.842297 0.953254
vt 0.830980 0.952176
vt 0.840509 0.959127
vt 0.829778 0.957664
vt 0.837966 0.964852
vt 0.828164 0.963019
vt 0.834936 0.970104
vt 0.826310 0.967977
vt 0.831684 0.974533
vt 0.824332 0.972383
vt 0.828470 0.978062
vt 0.822421 0.975996
vt 0.802215 0.975171
vt 0.809331 0.976327
vt 0.810030 0.979653
vt 0.804958 0.979118
vt 0.806958 0.981849
vt 0.810972 0.982366
vt 0.817222 0.966267
vt 0.816629 0.970490
vt 0.815954 0.974312
vt 0.796312 0.953810
vt 0.797204 0.959211
vt 0.807418 0.954930
vt 0.807532 0.960209
vt 0.818691 0.956362
vt 0.817961 0.961482
vt 0.796313 0.944008
vt 0.796057 0.948794
vt 0.807958 0.944953
vt 0.807599 0.949889
vt 0.819922 0.945804
vt 0.819416 0.950989
vt 0.798030 0.934741
vt 0.797064 0.939342
vt 0.808994 0.935409
vt 0.808443 0.940135
vt 0.820354 0.935949
vt 0.820210 0.940727
vt 0.799133 0.930584
vt 0.809536 0.931214
vt 0.820304 0.927719
vt 0.820348 0.931659
vt 0.820129 0.924246
vt 0.830427 0.924348
vt 0.840286 0.924260
vt 0.815327 0.977538
vt 0.814912 0.980505
vt 0.820687 0.978965
vt 0.819239 0.981486
vt 0.825454 0.980739
vt 0.822897 0.982636
vt 0.814888 0.982986
vt 0.818403 0.983577
vt 0.821092 0.983869
vt 0.846912 0.158124
vt 0.846465 0.162544
vt 0.839161 0.162620
vt 0.839233 0.158287
vt 0.832183 0.162661
vt 0.831853 0.158523
vt 0.838897 0.166805
vt 0.832500 0.166678
vt 0.845625 0.166925
vt 0.743146 0.075956
vt 0.748630 0.076487
vt 0.746054 0.083479
vt 0.740271 0.082285
vt 0.744260 0.090696
vt 0.738418 0.089029
vt 0.753087 0.084879
vt 0.751338 0.092734
vt 0.755372 0.077127
vt 0.847218 0.148784
vt 0.847117 0.153552
vt 0.839171 0.153855
vt 0.839056 0.149282
vt 0.831502 0.154188
vt 0.831180 0.149737
vt 0.847553 0.138754
vt 0.847310 0.143891
vt 0.838974 0.144505
vt 0.838977 0.139586
vt 0.830903 0.145168
vt 0.830689 0.140412
vt 0.848977 0.127415
vt 0.848080 0.133267
vt 0.839157 0.134375
vt 0.839587 0.128895
vt 0.830567 0.135509
vt 0.830562 0.130329
vt 0.852099 0.114456
vt 0.850282 0.121148
vt 0.840286 0.123026
vt 0.841253 0.116791
vt 0.830764 0.124864
vt 0.831150 0.118967
vt 0.949623 0.164331
vt 0.949574 0.169060
vt 0.941900 0.169861
vt 0.942153 0.164941
vt 0.934559 0.170529
vt 0.934743 0.165491
vt 0.941768 0.173949
vt 0.934479 0.174716
vt 0.949663 0.172968
vt 0.950142 0.153954
vt 0.949831 0.159305
vt 0.942401 0.159740
vt 0.942667 0.154329
vt 0.934918 0.160238
vt 0.935079 0.154788
vt 0.950934 0.141961
vt 0.950510 0.148146
vt 0.942982 0.148597
vt 0.943314 0.142442
vt 0.935292 0.149089
vt 0.935588 0.142964
vt 0.951743 0.128495
vt 0.951334 0.135449
vt 0.943641 0.135967
vt 0.944020 0.129034
vt 0.935842 0.136586
vt 0.936220 0.129633
vt 0.952574 0.112907
vt 0.952150 0.121025
vt 0.944409 0.121543
vt 0.944876 0.113391
vt 0.936614 0.122191
vt 0.937152 0.113999
vt 0.953376 0.094845
vt 0.952987 0.104129
vt 0.945391 0.104573
vt 0.945933 0.095222
vt 0.937777 0.105083
vt 0.938478 0.095477
vt 0.920055 0.166059
vt 0.921128 0.171032
vt 0.912112 0.170761
vt 0.911300 0.166073
vt 0.901906 0.170515
vt 0.901665 0.166077
vt 0.912624 0.174830
vt 0.901979 0.174436
vt 0.922611 0.175838
vt 0.863776 0.157647
vt 0.863025 0.162337
vt 0.854391 0.162505
vt 0.855067 0.157929
vt 0.853163 0.166986
vt 0.861734 0.166977
vt 0.864577 0.147756
vt 0.864232 0.152819
vt 0.855458 0.153174
vt 0.855707 0.148304
vt 0.865636 0.136878
vt 0.864987 0.142496
vt 0.855994 0.143179
vt 0.856461 0.137823
vt 0.868384 0.124364
vt 0.866677 0.130895
vt 0.857292 0.132067
vt 0.858649 0.125894
vt 0.874848 0.109415
vt 0.871006 0.117200
vt 0.860719 0.119164
vt 0.863671 0.111857
vt 0.819297 0.166429
vt 0.820599 0.169734
vt 0.814409 0.169286
vt 0.812647 0.166419
vt 0.809560 0.169301
vt 0.807281 0.166764
vt 0.815730 0.171760
vt 0.811725 0.171114
vt 0.821560 0.172622
vt 0.817182 0.159113
vt 0.818142 0.162907
vt 0.811148 0.163244
vt 0.809943 0.159624
vt 0.805478 0.163806
vt 0.804054 0.160261
vt 0.815676 0.150640
vt 0.816353 0.154965
vt 0.808916 0.155471
vt 0.808093 0.151096
vt 0.802868 0.156017
vt 0.801953 0.151520
vt 0.814625 0.141950
vt 0.815113 0.146309
vt 0.807496 0.146801
vt 0.806961 0.142648
vt 0.801344 0.147224
vt 0.800831 0.143247
vt 0.813386 0.133305
vt 0.814084 0.137634
vt 0.806320 0.138655
vt 0.805273 0.134897
vt 0.800144 0.139607
vt 0.798897 0.136444
vt 0.812090 0.123624
vt 0.812553 0.128796
vt 0.803744 0.131234
vt 0.802709 0.126627
vt 0.796786 0.133744
vt 0.793647 0.130517
vt 0.974809 0.163600
vt 0.973305 0.166647
vt 0.968981 0.166794
vt 0.969851 0.163337
vt 0.963249 0.167455
vt 0.963579 0.163437
vt 0.968484 0.169651
vt 0.963193 0.170806
vt 0.971841 0.168782
vt 0.977138 0.155035
vt 0.976013 0.159990
vt 0.970690 0.159357
vt 0.971566 0.154341
vt 0.964056 0.158982
vt 0.964664 0.153830
vt 0.979565 0.140820
vt 0.978395 0.148205
vt 0.972571 0.147877
vt 0.973531 0.140906
vt 0.965388 0.147725
vt 0.966105 0.141169
vt 0.981067 0.128109
vt 0.980422 0.134263
vt 0.974282 0.134347
vt 0.974872 0.127933
vt 0.966722 0.134603
vt 0.967245 0.127901
vt 0.982078 0.113792
vt 0.981639 0.121530
vt 0.975398 0.121055
vt 0.975812 0.113202
vt 0.967720 0.120685
vt 0.968104 0.112692
vt 0.982164 0.093659
vt 0.982280 0.104383
vt 0.976041 0.104010
vt 0.976026 0.093784
vt 0.968381 0.103732
vt 0.968496 0.094036
vt 0.832813 0.170529
vt 0.826871 0.170167
vt 0.825999 0.166546
vt 0.827509 0.173321
vt 0.832984 0.173849
vt 0.825215 0.162742
vt 0.824542 0.158769
vt 0.823950 0.154542
vt 0.823419 0.150195
vt 0.822992 0.145754
vt 0.822599 0.141203
vt 0.822224 0.136587
vt 0.821880 0.131765
vt 0.821584 0.126722
vt 0.821533 0.121124
vt 0.956740 0.168240
vt 0.956794 0.163812
vt 0.956882 0.171918
vt 0.957050 0.159009
vt 0.957457 0.153716
vt 0.957970 0.147854
vt 0.958508 0.141526
vt 0.958996 0.134986
vt 0.959463 0.128089
vt 0.959903 0.120676
vt 0.960292 0.112619
vt 0.960628 0.103799
vt 0.960877 0.094417
vt 0.928083 0.170941
vt 0.927621 0.165899
vt 0.928771 0.175165
vt 0.927384 0.160656
vt 0.927347 0.155267
vt 0.919486 0.160930
vt 0.919276 0.155624
vt 0.927461 0.149545
vt 0.927629 0.143580
vt 0.919292 0.150085
vt 0.919409 0.144233
vt 0.927868 0.137251
vt 0.928240 0.130343
vt 0.919647 0.137887
vt 0.920010 0.131175
vt 0.928692 0.122929
vt 0.929317 0.114729
vt 0.920586 0.123771
vt 0.921368 0.115648
vt 0.930102 0.105662
vt 0.930959 0.095750
vt 0.922379 0.106628
vt 0.923555 0.096571
vt 0.839417 0.068143
vt 0.846045 0.068219
vt 0.848874 0.073925
vt 0.841611 0.074023
vt 0.852600 0.079398
vt 0.844380 0.079782
vt 0.854592 0.073575
vt 0.859038 0.078774
vt 0.851302 0.068063
vt 0.825250 0.068160
vt 0.832385 0.068136
vt 0.833974 0.074175
vt 0.826325 0.074330
vt 0.835922 0.080215
vt 0.827679 0.080677
vt 0.810987 0.067729
vt 0.818131 0.068087
vt 0.818853 0.074417
vt 0.811553 0.074278
vt 0.819787 0.081039
vt 0.812294 0.081295
vt 0.749307 0.108985
vt 0.748753 0.117119
vt 0.743101 0.113154
vt 0.742890 0.105761
vt 0.738667 0.110170
vt 0.737643 0.103261
vt 0.743110 0.118857
vt 0.739875 0.115096
vt 0.748136 0.123580
vt 0.750109 0.100760
vt 0.743219 0.098151
vt 0.737511 0.096057
vt 0.751795 0.069954
vt 0.758086 0.069712
vt 0.754182 0.064838
vt 0.760149 0.063725
vt 0.746814 0.070100
vt 0.749937 0.066254
vt 0.914616 0.108160
vt 0.916360 0.098450
vt 0.906677 0.110017
vt 0.909078 0.100928
vt 0.913218 0.116934
vt 0.904839 0.118399
vt 0.787267 0.098744
vt 0.792877 0.098338
vt 0.792081 0.106768
vt 0.786395 0.107396
vt 0.790911 0.115466
vt 0.785377 0.116338
vt 0.798343 0.105769
vt 0.797170 0.114105
vt 0.798959 0.097633
vt 0.788495 0.082070
vt 0.793400 0.081893
vt 0.793324 0.090069
vt 0.787972 0.090312
vt 0.799127 0.089556
vt 0.798862 0.081559
vt 0.789131 0.068223
vt 0.792551 0.067752
vt 0.793142 0.074079
vt 0.788895 0.074345
vt 0.798138 0.073579
vt 0.796966 0.065862
vt 0.776474 0.098236
vt 0.781882 0.098701
vt 0.780915 0.107541
vt 0.775324 0.107286
vt 0.779949 0.116759
vt 0.774392 0.116593
vt 0.779064 0.080914
vt 0.783807 0.081679
vt 0.782861 0.090102
vt 0.777687 0.089496
vt 0.781939 0.066196
vt 0.785721 0.067511
vt 0.784828 0.073771
vt 0.780547 0.072660
vt 0.764784 0.096190
vt 0.770772 0.097446
vt 0.769545 0.106435
vt 0.763449 0.105036
vt 0.768507 0.115760
vt 0.762294 0.114288
vt 0.768275 0.078899
vt 0.773888 0.079946
vt 0.772202 0.088654
vt 0.766372 0.087522
vt 0.772235 0.063795
vt 0.777458 0.064825
vt 0.775758 0.071479
vt 0.770434 0.070505
vt 0.758305 0.094508
vt 0.756885 0.103160
vt 0.755876 0.111966
vt 0.762132 0.077945
vt 0.759982 0.086157
vt 0.789302 0.124174
vt 0.784234 0.125230
vt 0.787923 0.131328
vt 0.783409 0.132428
vt 0.795369 0.122530
vt 0.779084 0.125881
vt 0.773592 0.125922
vt 0.778523 0.133260
vt 0.773036 0.133497
vt 0.767631 0.125236
vt 0.761369 0.123530
vt 0.766972 0.132844
vt 0.760553 0.131010
vt 0.754990 0.120756
vt 0.754121 0.127816
vt 0.848036 0.020434
vt 0.850319 0.020843
vt 0.848715 0.022834
vt 0.845579 0.023016
vt 0.847041 0.025336
vt 0.842872 0.026089
vt 0.851050 0.022617
vt 0.850374 0.024734
vt 0.851466 0.021272
vt 0.838104 0.020145
vt 0.844083 0.020214
vt 0.841195 0.023179
vt 0.835281 0.023324
vt 0.837876 0.026670
vt 0.831929 0.027078
vt 0.821917 0.020327
vt 0.830193 0.020168
vt 0.827864 0.023467
vt 0.820010 0.023612
vt 0.825006 0.027379
vt 0.817637 0.027596
vt 0.766343 0.063395
vt 0.764476 0.069859
vt 0.827157 0.035503
vt 0.829190 0.031145
vt 0.835175 0.030521
vt 0.833153 0.034768
vt 0.840590 0.029615
vt 0.838759 0.033702
vt 0.814082 0.036457
vt 0.815618 0.031943
vt 0.822599 0.031600
vt 0.820766 0.036039
vt 0.801982 0.036904
vt 0.803119 0.032160
vt 0.808715 0.032178
vt 0.807437 0.036784
vt 0.810590 0.027693
vt 0.805056 0.027483
vt 0.824741 0.045273
vt 0.825695 0.040201
vt 0.831677 0.039503
vt 0.830745 0.044717
vt 0.837339 0.038498
vt 0.836427 0.043915
vt 0.812134 0.045868
vt 0.812956 0.041032
vt 0.819429 0.040696
vt 0.818509 0.045656
vt 0.800728 0.045801
vt 0.801284 0.041251
vt 0.806557 0.041225
vt 0.805879 0.045905
vt 0.824178 0.056392
vt 0.824241 0.050709
vt 0.830364 0.050333
vt 0.830534 0.056196
vt 0.836179 0.049827
vt 0.836621 0.055977
vt 0.811083 0.056565
vt 0.811517 0.051131
vt 0.817932 0.050975
vt 0.817671 0.056513
vt 0.799362 0.056335
vt 0.800089 0.051089
vt 0.805244 0.051174
vt 0.804639 0.056525
vt 0.817737 0.062174
vt 0.824523 0.062195
vt 0.810865 0.061968
vt 0.831226 0.062144
vt 0.837733 0.062117
vt 0.807936 0.023578
vt 0.813015 0.023749
vt 0.814997 0.020673
vt 0.810657 0.021184
vt 0.845437 0.028436
vt 0.843919 0.032331
vt 0.849359 0.027519
vt 0.848095 0.031258
vt 0.842532 0.037178
vt 0.841609 0.042882
vt 0.846745 0.036139
vt 0.845811 0.042039
vt 0.841477 0.049213
vt 0.842207 0.055763
vt 0.845753 0.048668
vt 0.846701 0.055498
vt 0.843786 0.062148
vt 0.848629 0.062023
vt 0.740006 0.075157
vt 0.744190 0.069386
vt 0.749127 0.064814
vt 0.742809 0.068312
vt 0.748214 0.063418
vt 0.738306 0.074266
vt 0.754714 0.061894
vt 0.760833 0.060265
vt 0.754212 0.060120
vt 0.760682 0.058312
vt 0.918743 0.180683
vt 0.922894 0.181223
vt 0.922423 0.183255
vt 0.918209 0.183226
vt 0.922773 0.185910
vt 0.918500 0.186276
vt 0.924692 0.183510
vt 0.925082 0.185689
vt 0.924983 0.182040
vt 0.924011 0.189398
vt 0.919619 0.189927
vt 0.925662 0.193491
vt 0.921117 0.194142
vt 0.926297 0.188895
vt 0.927927 0.192927
vt 0.772804 0.137776
vt 0.766489 0.137133
vt 0.759806 0.135186
vt 0.766101 0.139421
vt 0.759080 0.137366
vt 0.772741 0.140097
vt 0.832923 0.176363
vt 0.827613 0.175762
vt 0.821736 0.174941
vt 0.827391 0.177778
vt 0.821427 0.176928
vt 0.832719 0.178396
vt 0.862392 0.181523
vt 0.858051 0.182052
vt 0.856734 0.180213
vt 0.861056 0.179067
vt 0.853599 0.178735
vt 0.857822 0.176103
vt 0.854867 0.181499
vt 0.852260 0.180535
vt 0.855839 0.182746
vt 0.798625 0.036714
vt 0.799785 0.031779
vt 0.801907 0.026855
vt 0.797848 0.031231
vt 0.800168 0.025969
vt 0.796573 0.036388
vt 0.805320 0.022721
vt 0.809843 0.019882
vt 0.804033 0.021577
vt 0.809083 0.018361
vt 0.815479 0.018487
vt 0.822632 0.017939
vt 0.815208 0.016748
vt 0.822612 0.016084
vt 0.753158 0.131720
vt 0.747106 0.127085
vt 0.752120 0.133710
vt 0.745817 0.128817
vt 0.795368 0.137828
vt 0.793425 0.135941
vt 0.790699 0.135028
vt 0.792124 0.137748
vt 0.790068 0.137322
vt 0.793542 0.139118
vt 0.787270 0.135499
vt 0.783251 0.136572
vt 0.787265 0.137864
vt 0.783501 0.138886
vt 0.931511 0.032097
vt 0.928827 0.032287
vt 0.927504 0.027554
vt 0.930072 0.027237
vt 0.926387 0.024044
vt 0.928742 0.023776
vt 0.925458 0.027948
vt 0.924355 0.024225
vt 0.926767 0.032659
vt 0.934623 0.177546
vt 0.929529 0.178001
vt 0.926133 0.178548
vt 0.930092 0.180005
vt 0.927309 0.180350
vt 0.934892 0.179573
vt 0.924050 0.179664
vt 0.920035 0.178500
vt 0.925758 0.181010
vt 0.922880 0.213257
vt 0.927470 0.213177
vt 0.925800 0.219010
vt 0.921487 0.218789
vt 0.923132 0.224762
vt 0.919174 0.224069
vt 0.928083 0.219583
vt 0.925585 0.225576
vt 0.929794 0.213490
vt 0.804189 0.167674
vt 0.802134 0.164641
vt 0.800545 0.160966
vt 0.800195 0.165633
vt 0.798463 0.161709
vt 0.802469 0.168919
vt 0.782841 0.062421
vt 0.786318 0.063812
vt 0.789177 0.064579
vt 0.786745 0.061633
vt 0.789128 0.062402
vt 0.783451 0.060284
vt 0.791734 0.064209
vt 0.793887 0.062636
vt 0.790960 0.062252
vt 0.792321 0.061111
vt 0.795222 0.059862
vt 0.798515 0.060827
vt 0.796078 0.055958
vt 0.793260 0.058953
vt 0.794003 0.055485
vt 0.796830 0.050873
vt 0.797468 0.045615
vt 0.794699 0.050577
vt 0.795340 0.045378
vt 0.883995 0.093156
vt 0.888818 0.088629
vt 0.895477 0.088246
vt 0.893700 0.092268
vt 0.901939 0.086749
vt 0.900888 0.090635
vt 0.895478 0.085990
vt 0.901537 0.084575
vt 0.889378 0.086373
vt 0.778431 0.137472
vt 0.778618 0.139781
vt 0.850929 0.031066
vt 0.849620 0.035921
vt 0.848698 0.041775
vt 0.851697 0.036202
vt 0.850806 0.041861
vt 0.852990 0.031444
vt 0.848667 0.048353
vt 0.849681 0.055125
vt 0.850793 0.048193
vt 0.851779 0.054693
vt 0.798267 0.151918
vt 0.797650 0.147601
vt 0.797167 0.143762
vt 0.795428 0.147949
vt 0.794973 0.144238
vt 0.796057 0.152306
vt 0.796521 0.140470
vt 0.794421 0.141289
vt 0.984789 0.128310
vt 0.984119 0.134375
vt 0.983213 0.140970
vt 0.986349 0.134605
vt 0.985429 0.141255
vt 0.987027 0.128513
vt 0.899102 0.244611
vt 0.898976 0.246256
vt 0.895659 0.246788
vt 0.895707 0.245141
vt 0.892187 0.246911
vt 0.892321 0.245362
vt 0.895681 0.248186
vt 0.892073 0.248321
vt 0.899145 0.247599
vt 0.933212 0.044646
vt 0.930403 0.044561
vt 0.929899 0.038126
vt 0.932650 0.038067
vt 0.927811 0.038349
vt 0.928293 0.044561
vt 0.963505 0.173275
vt 0.957179 0.174543
vt 0.949880 0.175689
vt 0.957556 0.176551
vt 0.950164 0.177718
vt 0.964027 0.175232
vt 0.941854 0.176748
vt 0.942075 0.178781
vt 0.976667 0.039666
vt 0.979744 0.038704
vt 0.981157 0.045161
vt 0.977945 0.046072
vt 0.982441 0.052542
vt 0.979111 0.053416
vt 0.983258 0.044694
vt 0.984583 0.052153
vt 0.981782 0.038113
vt 0.980562 0.155648
vt 0.979291 0.160685
vt 0.977850 0.164299
vt 0.981355 0.161398
vt 0.979762 0.165240
vt 0.982703 0.156181
vt 0.975862 0.167394
vt 0.972997 0.169942
vt 0.977492 0.168629
vt 0.974193 0.171493
vt 0.909526 0.239426
vt 0.911638 0.240286
vt 0.908657 0.242577
vt 0.906943 0.241865
vt 0.905636 0.244295
vt 0.905104 0.243410
vt 0.909676 0.243666
vt 0.906325 0.245451
vt 0.912900 0.241356
vt 0.810708 0.172317
vt 0.806943 0.170248
vt 0.805554 0.171729
vt 0.809780 0.174015
vt 0.862102 0.187136
vt 0.857729 0.186749
vt 0.858321 0.184185
vt 0.862678 0.184184
vt 0.856008 0.184292
vt 0.855429 0.186378
vt 0.927128 0.198026
vt 0.922458 0.198604
vt 0.928056 0.202885
vt 0.923308 0.203255
vt 0.929428 0.197625
vt 0.930428 0.202657
vt 0.928206 0.207843
vt 0.923463 0.208138
vt 0.930577 0.207882
vt 0.858344 0.207711
vt 0.853411 0.207982
vt 0.853643 0.200816
vt 0.858511 0.201013
vt 0.854839 0.194485
vt 0.859534 0.195039
vt 0.851266 0.200602
vt 0.852521 0.193979
vt 0.850996 0.208151
vt 0.856410 0.189955
vt 0.860913 0.190561
vt 0.854121 0.189381
vt 0.734417 0.102386
vt 0.734108 0.095190
vt 0.734951 0.088140
vt 0.732025 0.095014
vt 0.732928 0.087722
vt 0.732365 0.102484
vt 0.736907 0.081453
vt 0.735044 0.080786
vt 0.935719 0.022163
vt 0.936297 0.019352
vt 0.942205 0.020034
vt 0.942562 0.022927
vt 0.949205 0.020757
vt 0.949485 0.023558
vt 0.942339 0.017969
vt 0.949354 0.018712
vt 0.936446 0.017317
vt 0.742152 0.121738
vt 0.738428 0.115899
vt 0.740673 0.123133
vt 0.736720 0.116775
vt 0.735888 0.109420
vt 0.733931 0.109812
vt 0.985870 0.093584
vt 0.986031 0.104562
vt 0.985840 0.114106
vt 0.988281 0.104604
vt 0.988090 0.114228
vt 0.988110 0.093527
vt 0.831169 0.017737
vt 0.839396 0.017737
vt 0.831320 0.015829
vt 0.839734 0.015785
vt 0.845604 0.017894
vt 0.849639 0.018362
vt 0.846274 0.015958
vt 0.850710 0.016587
vt 0.862477 0.077657
vt 0.868777 0.082365
vt 0.865025 0.083751
vt 0.875760 0.086040
vt 0.871607 0.087787
vt 0.870198 0.080716
vt 0.876940 0.084189
vt 0.864117 0.076240
vt 0.882371 0.087978
vt 0.877796 0.090398
vt 0.883299 0.085942
vt 0.815810 0.173816
vt 0.815295 0.175718
vt 0.925893 0.021699
vt 0.927863 0.021781
vt 0.926105 0.020185
vt 0.927398 0.020789
vt 0.923915 0.021375
vt 0.924378 0.019241
vt 0.799242 0.156558
vt 0.797074 0.157091
vt 0.968861 0.171803
vt 0.969644 0.173633
vt 0.956821 0.021521
vt 0.956860 0.024159
vt 0.963818 0.022363
vt 0.963645 0.024753
vt 0.957048 0.019519
vt 0.964192 0.020433
vt 0.767134 0.059669
vt 0.773143 0.059958
vt 0.767229 0.057593
vt 0.773494 0.057827
vt 0.778438 0.060993
vt 0.778990 0.058867
vt 0.797987 0.041111
vt 0.795866 0.040861
vt 0.969052 0.023328
vt 0.968726 0.025302
vt 0.972588 0.024504
vt 0.971605 0.025642
vt 0.969662 0.021540
vt 0.973569 0.022974
vt 0.974938 0.026213
vt 0.972759 0.027241
vt 0.976699 0.028965
vt 0.974048 0.030044
vt 0.976352 0.024935
vt 0.978429 0.027948
vt 0.978267 0.033199
vt 0.975357 0.034237
vt 0.980195 0.032419
vt 0.927137 0.019182
vt 0.928395 0.020372
vt 0.929014 0.018655
vt 0.929510 0.019840
vt 0.925892 0.017707
vt 0.928401 0.016883
vt 0.931941 0.018775
vt 0.931476 0.020414
vt 0.931857 0.016847
vt 0.851817 0.019280
vt 0.852783 0.020590
vt 0.853260 0.017905
vt 0.854518 0.019775
vt 0.853091 0.022326
vt 0.852873 0.024536
vt 0.855046 0.022012
vt 0.854932 0.024616
vt 0.852111 0.027361
vt 0.854170 0.027660
vt 0.983542 0.060941
vt 0.980108 0.061753
vt 0.984495 0.070689
vt 0.980958 0.071357
vt 0.985719 0.060615
vt 0.986696 0.070442
vt 0.985314 0.081904
vt 0.981685 0.082295
vt 0.987539 0.081746
vt 0.981944 0.148574
vt 0.984132 0.148962
vt 0.919204 0.230119
vt 0.916034 0.228248
vt 0.913184 0.230800
vt 0.914297 0.232540
vt 0.914881 0.234358
vt 0.917200 0.234355
vt 0.919324 0.235178
vt 0.922555 0.230844
vt 0.851708 0.061551
vt 0.854480 0.067428
vt 0.853741 0.060862
vt 0.856421 0.066499
vt 0.869012 0.232135
vt 0.865395 0.233740
vt 0.860876 0.227958
vt 0.865028 0.226610
vt 0.857122 0.221518
vt 0.861709 0.220491
vt 0.858894 0.229107
vt 0.854930 0.222395
vt 0.863666 0.235090
vt 0.854586 0.214909
vt 0.859428 0.214212
vt 0.852245 0.215451
vt 0.885406 0.244111
vt 0.884195 0.245629
vt 0.879877 0.244247
vt 0.881707 0.242570
vt 0.875238 0.241948
vt 0.877654 0.240180
vt 0.878974 0.245735
vt 0.874110 0.243513
vt 0.883634 0.247151
vt 0.870322 0.238467
vt 0.873341 0.236715
vt 0.868890 0.239961
vt 0.908121 0.083925
vt 0.907563 0.087826
vt 0.913797 0.080080
vt 0.913725 0.084099
vt 0.907380 0.081872
vt 0.912745 0.078175
vt 0.918763 0.075557
vt 0.919334 0.079752
vt 0.923069 0.070230
vt 0.925774 0.074141
vt 0.917398 0.073825
vt 0.921307 0.068815
vt 0.857862 0.072713
vt 0.859674 0.071539
vt 0.926447 0.064030
vt 0.929575 0.065205
vt 0.928794 0.057581
vt 0.931789 0.058179
vt 0.924458 0.063126
vt 0.926720 0.057029
vt 0.930083 0.051084
vt 0.932966 0.051383
vt 0.927974 0.050820
vt 0.985386 0.121832
vt 0.987631 0.122005
vt 0.848171 0.177849
vt 0.849498 0.175179
vt 0.842357 0.177304
vt 0.843070 0.174685
vt 0.847472 0.179850
vt 0.841993 0.179339
vt 0.837521 0.176847
vt 0.837874 0.174280
vt 0.837287 0.178884
vt 0.914592 0.237631
vt 0.912375 0.236602
vt 0.916082 0.238731
vt 0.902374 0.245450
vt 0.902542 0.243946
vt 0.902698 0.246729
vt 0.888366 0.246581
vt 0.888891 0.245120
vt 0.887969 0.247911
vt 0.936569 0.038255
vt 0.937235 0.044850
vt 0.941448 0.038500
vt 0.942216 0.045014
vt 0.935304 0.032203
vt 0.940096 0.032456
vt 0.803907 0.067007
vt 0.804468 0.073820
vt 0.805240 0.081402
vt 0.804113 0.061531
vt 0.933017 0.074923
vt 0.931853 0.085134
vt 0.924760 0.085620
vt 0.939192 0.085492
vt 0.940042 0.075834
vt 0.934784 0.066310
vt 0.941080 0.067144
vt 0.936347 0.058815
vt 0.941982 0.059276
vt 0.967372 0.056829
vt 0.966714 0.049407
vt 0.972878 0.047673
vt 0.973814 0.055036
vt 0.971838 0.041206
vt 0.965928 0.042806
vt 0.965091 0.037024
vt 0.970786 0.035656
vt 0.969828 0.031157
vt 0.964349 0.032072
vt 0.910647 0.183496
vt 0.911076 0.180610
vt 0.900891 0.183930
vt 0.901171 0.180796
vt 0.910818 0.186864
vt 0.900878 0.187446
vt 0.933595 0.027044
vt 0.938211 0.026996
vt 0.931698 0.023285
vt 0.929853 0.021389
vt 0.946942 0.038574
vt 0.947761 0.044959
vt 0.952854 0.038400
vt 0.953662 0.044624
vt 0.945648 0.032667
vt 0.951749 0.032736
vt 0.958986 0.037930
vt 0.959764 0.043948
vt 0.958139 0.032582
vt 0.937179 0.051715
vt 0.942390 0.051932
vt 0.948115 0.051870
vt 0.948046 0.059339
vt 0.954151 0.051473
vt 0.954340 0.058972
vt 0.960378 0.050687
vt 0.960794 0.058162
vt 0.975211 0.072677
vt 0.974585 0.063325
vt 0.967851 0.065085
vt 0.968198 0.074164
vt 0.961074 0.075269
vt 0.961008 0.066370
vt 0.954270 0.067129
vt 0.954037 0.075931
vt 0.947044 0.076167
vt 0.947627 0.067411
vt 0.844317 0.171121
vt 0.838402 0.170831
vt 0.943974 0.027293
vt 0.950462 0.027655
vt 0.957351 0.027904
vt 0.963836 0.027969
vt 0.969079 0.027789
vt 0.946477 0.085587
vt 0.953728 0.085305
vt 0.961025 0.084756
vt 0.968425 0.083987
vt 0.975717 0.083072
vt 0.829145 0.087049
vt 0.820753 0.087822
vt 0.812936 0.088504
vt 0.821524 0.094614
vt 0.813307 0.095725
vt 0.830520 0.093452
vt 0.831489 0.099762
vt 0.822033 0.101418
vt 0.813403 0.102946
vt 0.822094 0.108181
vt 0.813102 0.110197
vt 0.831877 0.106133
vt 0.831660 0.112634
vt 0.821814 0.114857
vt 0.812457 0.117261
vt 0.805663 0.089048
vt 0.805759 0.096756
vt 0.805473 0.104447
vt 0.804666 0.112257
vt 0.803395 0.119958
vt 0.857426 0.084700
vt 0.847755 0.085447
vt 0.862595 0.089346
vt 0.851193 0.090779
vt 0.867086 0.093146
vt 0.854014 0.095743
vt 0.869273 0.097571
vt 0.855212 0.101092
vt 0.879781 0.101159
vt 0.867287 0.104236
vt 0.854186 0.107522
vt 0.838158 0.086225
vt 0.840350 0.092145
vt 0.842027 0.097908
vt 0.842775 0.103879
vt 0.842313 0.110287
vt 0.898400 0.111964
vt 0.901381 0.103419
vt 0.889748 0.113805
vt 0.893242 0.105621
vt 0.896170 0.119926
vt 0.887201 0.121441
vt 0.880665 0.115472
vt 0.884593 0.107479
vt 0.877939 0.122913
vt 0.912206 0.124867
vt 0.903550 0.126042
vt 0.911510 0.132036
vt 0.902699 0.133074
vt 0.894607 0.127275
vt 0.885458 0.128536
vt 0.893577 0.133982
vt 0.884292 0.135015
vt 0.876117 0.129709
vt 0.874956 0.135943
vt 0.911059 0.138701
vt 0.902150 0.139473
vt 0.910799 0.144807
vt 0.901829 0.145418
vt 0.892987 0.140276
vt 0.883595 0.141001
vt 0.892610 0.146053
vt 0.883180 0.146625
vt 0.874234 0.141762
vt 0.873784 0.147191
vt 0.910670 0.150538
vt 0.901670 0.151007
vt 0.910668 0.155961
vt 0.901568 0.156305
vt 0.892338 0.151516
vt 0.882884 0.151917
vt 0.892128 0.156674
vt 0.882540 0.156987
vt 0.873427 0.152385
vt 0.873003 0.157320
vt 0.910825 0.161222
vt 0.901552 0.161325
vt 0.891936 0.161570
vt 0.882113 0.161804
vt 0.891689 0.166199
vt 0.881519 0.166400
vt 0.872375 0.162078
vt 0.871345 0.166721
vt 0.909947 0.228227
vt 0.912078 0.224174
vt 0.902092 0.229153
vt 0.902827 0.225016
vt 0.908482 0.231752
vt 0.901629 0.232970
vt 0.911967 0.177900
vt 0.901642 0.177729
vt 0.851350 0.171400
vt 0.859837 0.171497
vt 0.891152 0.174393
vt 0.891413 0.170515
vt 0.880741 0.170739
vt 0.880185 0.174639
vt 0.869039 0.175148
vt 0.869964 0.171165
vt 0.890759 0.180976
vt 0.890945 0.177804
vt 0.880175 0.178014
vt 0.880346 0.181143
vt 0.870300 0.181262
vt 0.869572 0.178379
vt 0.889529 0.099199
vt 0.897507 0.097359
vt 0.904909 0.094779
vt 0.911822 0.091603
vt 0.918235 0.088220
vt 0.879966 0.187820
vt 0.879504 0.191606
vt 0.869120 0.191218
vt 0.869959 0.187554
vt 0.868180 0.195654
vt 0.879126 0.196057
vt 0.878903 0.201160
vt 0.867529 0.201190
vt 0.867513 0.207286
vt 0.879042 0.206671
vt 0.879735 0.212215
vt 0.868418 0.213293
vt 0.870206 0.219166
vt 0.880937 0.217703
vt 0.882552 0.223058
vt 0.872749 0.224891
vt 0.875780 0.230144
vt 0.884406 0.228016
vt 0.886383 0.232423
vt 0.879031 0.234573
vt 0.882246 0.238101
vt 0.888295 0.236035
vt 0.908501 0.235211
vt 0.901384 0.236367
vt 0.900686 0.239692
vt 0.905758 0.239157
vt 0.903757 0.241889
vt 0.899744 0.242406
vt 0.894086 0.230530
vt 0.893493 0.226306
vt 0.894762 0.234351
vt 0.913511 0.219251
vt 0.914404 0.213849
vt 0.903184 0.220248
vt 0.903297 0.214969
vt 0.892755 0.221521
vt 0.892025 0.216401
vt 0.914658 0.208834
vt 0.914403 0.204048
vt 0.903116 0.209929
vt 0.902758 0.204993
vt 0.891299 0.211028
vt 0.890794 0.205843
vt 0.913652 0.199381
vt 0.912686 0.194781
vt 0.902273 0.200175
vt 0.901721 0.195448
vt 0.890506 0.200767
vt 0.890362 0.195989
vt 0.911583 0.190624
vt 0.901180 0.191253
vt 0.890367 0.191699
vt 0.890411 0.187758
vt 0.890586 0.184285
vt 0.880288 0.184388
vt 0.870429 0.184299
vt 0.895804 0.240544
vt 0.895389 0.237577
vt 0.890029 0.239004
vt 0.891476 0.241526
vt 0.887819 0.242675
vt 0.885261 0.240778
vt 0.895828 0.243026
vt 0.892312 0.243617
vt 0.889624 0.243908
vt 0.043607 0.945657
vt 0.040607 0.945831
vt 0.039475 0.941499
vt 0.042476 0.941324
vt 0.027090 0.163454
vt 0.030095 0.163480
vt 0.031509 0.169647
vt 0.028504 0.169621
vt 0.023505 0.516548
vt 0.020501 0.516462
vt 0.018002 0.511710
vt 0.021006 0.511796
vt 0.021469 0.124616
vt 0.024475 0.124643
vt 0.025004 0.132173
vt 0.021999 0.132146
vt 0.025713 0.157028
vt 0.028719 0.157055
vt 0.026725 0.521998
vt 0.023721 0.521913
vt 0.014717 0.908609
vt 0.011720 0.908834
vt 0.012099 0.901399
vt 0.015096 0.901175
vt 0.021171 0.117039
vt 0.024176 0.117065
vt 0.021392 0.548495
vt 0.024391 0.548679
vt 0.024340 0.553073
vt 0.021341 0.552888
vt 0.030452 0.528104
vt 0.027448 0.528018
vt 0.014821 0.915876
vt 0.011824 0.916101
vt 0.021131 0.110443
vt 0.024136 0.110470
vt 0.021500 0.544766
vt 0.024500 0.544951
vt 0.022411 0.085613
vt 0.025416 0.085639
vt 0.024891 0.092057
vt 0.021886 0.092030
vt 0.015597 0.922656
vt 0.012600 0.922881
vt 0.021267 0.104350
vt 0.024272 0.104377
vt 0.021640 0.541778
vt 0.024640 0.541962
vt 0.023063 0.079129
vt 0.026069 0.079155
vt 0.016980 0.929215
vt 0.013984 0.929439
vt 0.021492 0.585574
vt 0.024491 0.585758
vt 0.024304 0.591997
vt 0.021305 0.591812
vt 0.021808 0.539449
vt 0.024807 0.539634
vt 0.023818 0.072804
vt 0.026823 0.072830
vt 0.050037 0.421474
vt 0.047033 0.421388
vt 0.047573 0.419967
vt 0.050577 0.420053
vt 0.021656 0.579814
vt 0.024655 0.579998
vt 0.741578 0.317773
vt 0.744577 0.317958
vt 0.744423 0.324088
vt 0.741423 0.323903
vt 0.024690 0.066510
vt 0.027695 0.066536
vt 0.049243 0.423569
vt 0.046239 0.423483
vt 0.033416 0.018014
vt 0.036421 0.018041
vt 0.035857 0.020869
vt 0.032852 0.020842
vt 0.741919 0.311065
vt 0.744918 0.311250
vt 0.022679 0.138576
vt 0.025684 0.138603
vt 0.026505 0.144542
vt 0.023500 0.144516
vt 0.048021 0.426804
vt 0.045017 0.426718
vt 0.033916 0.015889
vt 0.036921 0.015915
vt 0.015082 0.495739
vt 0.012078 0.495653
vt 0.011741 0.492107
vt 0.014745 0.492192
vt 0.046446 0.430891
vt 0.043442 0.430805
vt 0.021363 0.557772
vt 0.024363 0.557956
vt 0.024466 0.562769
vt 0.021466 0.562585
vt 0.015876 0.499309
vt 0.012872 0.499224
vt 0.025692 0.060083
vt 0.028697 0.060109
vt 0.025256 0.819317
vt 0.022259 0.819541
vt 0.022623 0.812887
vt 0.025620 0.812663
vt 0.030241 0.035163
vt 0.033246 0.035189
vt 0.032085 0.041310
vt 0.029080 0.041283
vt 0.026789 0.053674
vt 0.029794 0.053700
vt 0.024686 0.826603
vt 0.021689 0.826827
vt 0.746862 0.273180
vt 0.749862 0.273364
vt 0.749224 0.278355
vt 0.746224 0.278171
vt 0.031299 0.029476
vt 0.034304 0.029503
vt 0.027921 0.047442
vt 0.030927 0.047468
vt 0.021174 0.597827
vt 0.024174 0.598012
vt 0.024113 0.603369
vt 0.021114 0.603184
vt 0.747501 0.267368
vt 0.750500 0.267553
vt 0.748238 0.260797
vt 0.751238 0.260981
vt 0.749465 0.448473
vt 0.752464 0.448658
vt 0.751011 0.456255
vt 0.748011 0.456070
vt 0.749134 0.253356
vt 0.752133 0.253540
vt 0.741412 0.330440
vt 0.744411 0.330625
vt 0.744564 0.338415
vt 0.741564 0.338230
vt 0.021707 0.625606
vt 0.024707 0.625790
vt 0.025001 0.627348
vt 0.022001 0.627164
vt 0.750882 0.441411
vt 0.753881 0.441596
vt 0.750200 0.245250
vt 0.753199 0.245435
vt 0.021459 0.622834
vt 0.024458 0.623019
vt 0.018637 0.935576
vt 0.015640 0.935800
vt 0.751203 0.238073
vt 0.754202 0.238258
vt 0.021265 0.617999
vt 0.024264 0.618184
vt 0.036053 0.887791
vt 0.033053 0.887966
vt 0.034874 0.882979
vt 0.037874 0.882804
vt 0.020443 0.941565
vt 0.017447 0.941789
vt 0.749254 0.407572
vt 0.752253 0.407757
vt 0.753470 0.414390
vt 0.750471 0.414206
vt 0.021167 0.612498
vt 0.024166 0.612683
vt 0.034335 0.893276
vt 0.031334 0.893450
vt 0.022180 0.946866
vt 0.019183 0.947091
vt 0.747948 0.400110
vt 0.750947 0.400294
vt 0.021125 0.607774
vt 0.024125 0.607959
vt 0.033423 0.899051
vt 0.030422 0.899226
vt 0.023698 0.951277
vt 0.020701 0.951502
vt 0.744223 0.290626
vt 0.747222 0.290810
vt 0.746444 0.296146
vt 0.743444 0.295961
vt 0.033432 0.905037
vt 0.030432 0.905211
vt 0.039444 0.878559
vt 0.036444 0.878733
vt 0.037971 0.874453
vt 0.040971 0.874279
vt 0.744886 0.286518
vt 0.747886 0.286702
vt 0.019886 0.473563
vt 0.016882 0.473477
vt 0.019550 0.469400
vt 0.022554 0.469486
vt 0.034540 0.911270
vt 0.031540 0.911444
vt 0.745552 0.282491
vt 0.748552 0.282676
vt 0.017883 0.477230
vt 0.014879 0.477145
vt 0.036452 0.918450
vt 0.033452 0.918625
vt 0.751923 0.435929
vt 0.754923 0.436114
vt 0.014724 0.488482
vt 0.011720 0.488396
vt 0.012170 0.484517
vt 0.015174 0.484603
vt 0.023897 0.834418
vt 0.020900 0.834643
vt 0.752501 0.431808
vt 0.755501 0.431993
vt 0.016236 0.480899
vt 0.013232 0.480813
vt 0.022943 0.842333
vt 0.019946 0.842558
vt 0.752648 0.428408
vt 0.755648 0.428592
vt 0.017263 0.503245
vt 0.014259 0.503160
vt 0.022001 0.537495
vt 0.025001 0.537679
vt 0.752312 0.424763
vt 0.755311 0.424948
vt 0.021721 0.575019
vt 0.024721 0.575203
vt 0.018892 0.507376
vt 0.015888 0.507291
vt 0.025847 0.795104
vt 0.022851 0.795328
vt 0.022799 0.793236
vt 0.025796 0.793012
vt 0.751545 0.420018
vt 0.754544 0.420202
vt 0.021682 0.570853
vt 0.024682 0.571038
vt 0.025876 0.797950
vt 0.022879 0.798174
vt 0.050627 0.578816
vt 0.047623 0.578731
vt 0.047189 0.576603
vt 0.050193 0.576688
vt 0.025896 0.801840
vt 0.022899 0.802064
vt 0.743875 0.479394
vt 0.746874 0.479578
vt 0.746276 0.481649
vt 0.743276 0.481465
vt 0.050987 0.580336
vt 0.047983 0.580250
vt 0.032164 0.024664
vt 0.035169 0.024691
vt 0.744479 0.476824
vt 0.747478 0.477008
vt 0.044499 0.435455
vt 0.041495 0.435369
vt 0.745089 0.473422
vt 0.748088 0.473606
vt 0.042230 0.440088
vt 0.039226 0.440003
vt 0.751862 0.233280
vt 0.754862 0.233465
vt 0.745811 0.468866
vt 0.748811 0.469051
vt 0.039673 0.444680
vt 0.036669 0.444594
vt 0.752254 0.230486
vt 0.755253 0.230671
vt 0.044521 0.948377
vt 0.041521 0.948552
vt 0.036671 0.449515
vt 0.033667 0.449430
vt 0.752648 0.228832
vt 0.755648 0.229017
vt 0.045362 0.950467
vt 0.042361 0.950642
vt 0.046679 0.562216
vt 0.043675 0.562130
vt 0.041181 0.554998
vt 0.044185 0.555084
vt 0.047983 0.418727
vt 0.050987 0.418813
vt 0.033214 0.189423
vt 0.036220 0.189450
vt 0.036921 0.191637
vt 0.033916 0.191611
vt 0.048504 0.568709
vt 0.045499 0.568624
vt 0.033110 0.454786
vt 0.030106 0.454700
vt 0.032509 0.186915
vt 0.035514 0.186941
vt 0.049551 0.573470
vt 0.046547 0.573384
vt 0.029304 0.460089
vt 0.026300 0.460004
vt 0.031761 0.183869
vt 0.034766 0.183895
vt 0.021585 0.566865
vt 0.024584 0.567050
vt 0.030883 0.180006
vt 0.033888 0.180033
vt 0.017789 0.879520
vt 0.014792 0.879744
vt 0.015866 0.872361
vt 0.018863 0.872137
vt 0.746587 0.391680
vt 0.749587 0.391865
vt 0.016747 0.886772
vt 0.013751 0.886997
vt 0.024870 0.954624
vt 0.021874 0.954849
vt 0.745194 0.381904
vt 0.748193 0.382088
vt 0.015829 0.893943
vt 0.012832 0.894168
vt 0.025589 0.957011
vt 0.022592 0.957235
vt 0.743853 0.370646
vt 0.746853 0.370831
vt 0.025896 0.958815
vt 0.022899 0.959040
vt 0.742745 0.358902
vt 0.745745 0.359086
vt 0.746779 0.463017
vt 0.749779 0.463201
vt 0.025808 0.960583
vt 0.022811 0.960807
vt 0.742573 0.303273
vt 0.745572 0.303458
vt 0.044889 0.861126
vt 0.041889 0.861301
vt 0.042361 0.859000
vt 0.045362 0.858826
vt 0.021976 0.849928
vt 0.018980 0.850153
vt 0.044014 0.864559
vt 0.041014 0.864733
vt 0.025700 0.465032
vt 0.022696 0.464946
vt 0.020955 0.857328
vt 0.017958 0.857552
vt 0.042606 0.869307
vt 0.039606 0.869481
vt 0.019917 0.864736
vt 0.016920 0.864961
vt 0.024505 0.150672
vt 0.027510 0.150699
vt 0.021516 0.098242
vt 0.024521 0.098269
vt 0.741986 0.347849
vt 0.744986 0.348034
vt 0.034314 0.534717
vt 0.031310 0.534632
vt 0.025818 0.806792
vt 0.022821 0.807016
vt 0.038049 0.541563
vt 0.035045 0.541477
vt 0.038792 0.926836
vt 0.035792 0.927011
vt 0.041307 0.548258
vt 0.038303 0.548173
vt 0.040910 0.934975
vt 0.037910 0.935150
vt 0.029794 0.175200
vt 0.032799 0.175226
vt 0.027409 0.511978
vt 0.025294 0.507558
vt 0.022100 0.169564
vt 0.023389 0.175143
vt 0.048870 0.940953
vt 0.047305 0.934604
vt 0.050588 0.555266
vt 0.047710 0.548441
vt 0.024478 0.179949
vt 0.045186 0.926465
vt 0.044452 0.541745
vt 0.032007 0.812185
vt 0.032205 0.806314
vt 0.042846 0.918078
vt 0.040716 0.534900
vt 0.032283 0.801362
vt 0.735171 0.337837
vt 0.735593 0.347456
vt 0.036855 0.528286
vt 0.015482 0.091973
vt 0.015111 0.098186
vt 0.736352 0.358508
vt 0.017096 0.144459
vt 0.018100 0.150615
vt 0.014863 0.104294
vt 0.025250 0.871659
vt 0.026304 0.864258
vt 0.019309 0.156971
vt 0.047365 0.873907
vt 0.049000 0.868935
vt 0.027342 0.856850
vt 0.028956 0.469668
vt 0.032102 0.465214
vt 0.050408 0.864187
vt 0.028363 0.849450
vt 0.035706 0.460271
vt 0.051283 0.860755
vt 0.029330 0.841855
vt 0.737051 0.295568
vt 0.736180 0.302880
vt 0.051756 0.858454
vt 0.741618 0.455677
vt 0.740386 0.462623
vt 0.735526 0.310672
vt 0.032195 0.960105
vt 0.032283 0.958337
vt 0.739419 0.468473
vt 0.737460 0.370253
vt 0.031976 0.956533
vt 0.021483 0.900697
vt 0.022216 0.893465
vt 0.738801 0.381510
vt 0.031257 0.954146
vt 0.023134 0.886294
vt 0.740194 0.391287
vt 0.030085 0.950799
vt 0.024176 0.879042
vt 0.741555 0.399717
vt 0.015073 0.562191
vt 0.015192 0.566472
vt 0.025356 0.183812
vt 0.015289 0.570460
vt 0.056595 0.576871
vt 0.055953 0.573652
vt 0.026104 0.186858
vt 0.039512 0.454968
vt 0.054906 0.568891
vt 0.026810 0.189367
vt 0.043073 0.449698
vt 0.053081 0.562398
vt 0.027511 0.191554
vt 0.056979 0.420235
vt 0.057389 0.418995
vt 0.051756 0.950096
vt 0.050916 0.948006
vt 0.746255 0.228439
vt 0.745861 0.230093
vt 0.046075 0.444862
vt 0.050001 0.945285
vt 0.745470 0.232887
vt 0.048633 0.440271
vt 0.738696 0.473028
vt 0.744810 0.237680
vt 0.050901 0.435637
vt 0.738086 0.476431
vt 0.026447 0.020785
vt 0.025760 0.024607
vt 0.052848 0.431073
vt 0.737482 0.479000
vt 0.024894 0.029419
vt 0.057389 0.580518
vt 0.057029 0.578999
vt 0.736883 0.481071
vt 0.032263 0.797472
vt 0.744078 0.413812
vt 0.745152 0.419625
vt 0.032234 0.794626
vt 0.015329 0.574625
vt 0.745919 0.424370
vt 0.032183 0.792534
vt 0.023665 0.503428
vt 0.015263 0.579421
vt 0.746255 0.428014
vt 0.015608 0.537101
vt 0.015415 0.539056
vt 0.022279 0.499492
vt 0.021576 0.484785
vt 0.022639 0.481081
vt 0.746109 0.431415
vt 0.030284 0.833940
vt 0.021147 0.492374
vt 0.021126 0.488664
vt 0.024285 0.477413
vt 0.745530 0.435536
vt 0.031073 0.826124
vt 0.739831 0.277777
vt 0.739159 0.282098
vt 0.744489 0.441018
vt 0.040934 0.910898
vt 0.026289 0.473745
vt 0.738494 0.286125
vt 0.044268 0.882433
vt 0.045838 0.878187
vt 0.039826 0.904665
vt 0.737830 0.290233
vt 0.039817 0.898680
vt 0.014721 0.602791
vt 0.014732 0.607381
vt 0.028567 0.946388
vt 0.040729 0.892904
vt 0.014774 0.612105
vt 0.742861 0.407179
vt 0.026830 0.941086
vt 0.042447 0.887419
vt 0.014872 0.617606
vt 0.025024 0.935098
vt 0.015066 0.622441
vt 0.743807 0.244857
vt 0.023367 0.928737
vt 0.015314 0.625212
vt 0.735030 0.323510
vt 0.735019 0.330047
vt 0.742741 0.252962
vt 0.743072 0.448080
vt 0.015608 0.626770
vt 0.741845 0.260403
vt 0.014912 0.591419
vt 0.014781 0.597434
vt 0.022675 0.041227
vt 0.021517 0.047385
vt 0.741108 0.266975
vt 0.740470 0.272786
vt 0.020385 0.053617
vt 0.023836 0.035106
vt 0.031643 0.818839
vt 0.019287 0.060026
vt 0.014948 0.552495
vt 0.014970 0.557378
vt 0.018285 0.066453
vt 0.021485 0.495921
vt 0.054423 0.426986
vt 0.015595 0.132089
vt 0.016274 0.138519
vt 0.027511 0.015832
vt 0.027012 0.017957
vt 0.055645 0.423751
vt 0.735185 0.317380
vt 0.056439 0.421656
vt 0.017414 0.072747
vt 0.015099 0.585180
vt 0.016659 0.079072
vt 0.015247 0.541384
vt 0.021984 0.922178
vt 0.016006 0.085556
vt 0.015107 0.544373
vt 0.014727 0.110387
vt 0.021208 0.915398
vt 0.014999 0.548102
vt 0.014766 0.116982
vt 0.021104 0.908131
vt 0.033128 0.522181
vt 0.015065 0.124560
vt 0.029908 0.516730
vt 0.020686 0.163397
vt 0.053004 0.945111
vt 0.051872 0.940778
vt 0.017678 0.163370
vt 0.019092 0.169538
vt 0.032914 0.516816
vt 0.030415 0.512064
vt 0.012057 0.124533
vt 0.012587 0.132063
vt 0.016301 0.156945
vt 0.036134 0.522266
vt 0.024103 0.907907
vt 0.024482 0.900472
vt 0.011759 0.116956
vt 0.011997 0.547917
vt 0.011946 0.552310
vt 0.039861 0.528371
vt 0.024207 0.915174
vt 0.011719 0.110360
vt 0.012105 0.544188
vt 0.012999 0.085529
vt 0.012474 0.091947
vt 0.024984 0.921954
vt 0.011855 0.104267
vt 0.012245 0.541200
vt 0.013651 0.079046
vt 0.026367 0.928512
vt 0.012097 0.584996
vt 0.011910 0.591234
vt 0.012413 0.538871
vt 0.014406 0.072720
vt 0.059446 0.421742
vt 0.059986 0.420320
vt 0.012261 0.579236
vt 0.732183 0.317195
vt 0.732028 0.323325
vt 0.015277 0.066426
vt 0.058652 0.423837
vt 0.024004 0.017931
vt 0.023440 0.020759
vt 0.732524 0.310487
vt 0.013266 0.138493
vt 0.014088 0.144432
vt 0.057430 0.427072
vt 0.024504 0.015805
vt 0.024491 0.496007
vt 0.024154 0.492460
vt 0.055855 0.431159
vt 0.011968 0.557194
vt 0.012071 0.562007
vt 0.025285 0.499577
vt 0.016280 0.060000
vt 0.034643 0.818615
vt 0.035007 0.811960
vt 0.020828 0.035079
vt 0.019667 0.041200
vt 0.017377 0.053591
vt 0.034072 0.825900
vt 0.737467 0.272602
vt 0.736829 0.277593
vt 0.021887 0.029393
vt 0.018509 0.047359
vt 0.011779 0.597249
vt 0.011719 0.602606
vt 0.738106 0.266790
vt 0.738843 0.260219
vt 0.740070 0.447895
vt 0.738616 0.455492
vt 0.739739 0.252777
vt 0.732017 0.329862
vt 0.732169 0.337652
vt 0.012312 0.625028
vt 0.012606 0.626586
vt 0.741487 0.440833
vt 0.740805 0.244672
vt 0.012064 0.622256
vt 0.028024 0.934873
vt 0.741808 0.237495
vt 0.011870 0.617421
vt 0.045450 0.887245
vt 0.047271 0.882258
vt 0.029830 0.940862
vt 0.739859 0.406994
vt 0.741076 0.413627
vt 0.011772 0.611920
vt 0.043731 0.892729
vt 0.031567 0.946164
vt 0.738553 0.399532
vt 0.011730 0.607196
vt 0.042819 0.898505
vt 0.033084 0.950575
vt 0.734828 0.290048
vt 0.734049 0.295383
vt 0.042829 0.904490
vt 0.048841 0.878012
vt 0.050368 0.873732
vt 0.735491 0.285940
vt 0.029295 0.473831
vt 0.031963 0.469754
vt 0.043937 0.910724
vt 0.736157 0.281913
vt 0.027292 0.477498
vt 0.045849 0.917904
vt 0.742528 0.435351
vt 0.024133 0.488749
vt 0.024583 0.484870
vt 0.033283 0.833716
vt 0.743106 0.431230
vt 0.025645 0.481167
vt 0.032329 0.841631
vt 0.743253 0.427830
vt 0.026672 0.503513
vt 0.012606 0.536916
vt 0.742917 0.424185
vt 0.012326 0.574441
vt 0.028301 0.507644
vt 0.035234 0.794401
vt 0.035182 0.792310
vt 0.742150 0.419440
vt 0.012287 0.570275
vt 0.035262 0.797247
vt 0.060036 0.579084
vt 0.059602 0.576956
vt 0.035283 0.801137
vt 0.734480 0.478816
vt 0.733881 0.480887
vt 0.060396 0.580603
vt 0.022752 0.024581
vt 0.735084 0.476246
vt 0.053908 0.435723
vt 0.735694 0.472844
vt 0.051639 0.440356
vt 0.742467 0.232702
vt 0.736416 0.468288
vt 0.049082 0.444948
vt 0.742859 0.229908
vt 0.053918 0.947831
vt 0.046080 0.449783
vt 0.743253 0.228254
vt 0.054759 0.949921
vt 0.056088 0.562483
vt 0.053594 0.555352
vt 0.060396 0.419081
vt 0.023802 0.189340
vt 0.024504 0.191527
vt 0.057912 0.568977
vt 0.042519 0.455054
vt 0.023096 0.186832
vt 0.058960 0.573737
vt 0.038713 0.460357
vt 0.022348 0.183786
vt 0.012190 0.566287
vt 0.021470 0.179923
vt 0.027175 0.878817
vt 0.028249 0.871434
vt 0.737192 0.391102
vt 0.026134 0.886070
vt 0.034257 0.953922
vt 0.735799 0.381326
vt 0.025216 0.893241
vt 0.034975 0.956308
vt 0.734458 0.370068
vt 0.035283 0.958113
vt 0.733350 0.358324
vt 0.737384 0.462439
vt 0.035194 0.959880
vt 0.733178 0.302695
vt 0.054286 0.860580
vt 0.054759 0.858280
vt 0.031363 0.849226
vt 0.053411 0.864012
vt 0.035109 0.465300
vt 0.030342 0.856625
vt 0.052003 0.868760
vt 0.029304 0.864034
vt 0.015092 0.150589
vt 0.012103 0.098159
vt 0.732591 0.347271
vt 0.043723 0.534985
vt 0.035205 0.806089
vt 0.047458 0.541831
vt 0.048189 0.926290
vt 0.050716 0.548526
vt 0.050307 0.934429
vt 0.020382 0.175117
vt 0.015812 0.977065
vt 0.016171 0.983388
vt 0.012163 0.983825
vt 0.011719 0.977177
vt 0.048375 0.976456
vt 0.048463 0.982012
vt 0.045058 0.982080
vt 0.044916 0.976551
vt 0.041643 0.982201
vt 0.041466 0.976642
vt 0.038190 0.982357
vt 0.037993 0.976726
vt 0.034671 0.982527
vt 0.034475 0.976800
vt 0.031073 0.982671
vt 0.030898 0.976858
vt 0.027427 0.982801
vt 0.027257 0.976902
vt 0.023738 0.982941
vt 0.023544 0.976943
vt 0.019997 0.983120
vt 0.019739 0.976993
vt 0.051885 0.976358
vt 0.051910 0.982026
vt 0.055502 0.976254
vt 0.055502 0.982177
vt 0.054946 0.985798
vt 0.051747 0.985551
vt 0.016531 0.450885
vt 0.013475 0.449041
vt 0.016212 0.446456
vt 0.017628 0.447273
vt 0.048483 0.985518
vt 0.020122 0.450987
vt 0.019265 0.447279
vt 0.045176 0.985602
vt 0.023336 0.449276
vt 0.020686 0.446461
vt 0.041825 0.985763
vt 0.025138 0.446110
vt 0.021482 0.445039
vt 0.019510 0.443140
vt 0.019912 0.443829
vt 0.019917 0.444625
vt 0.019195 0.444048
vt 0.038415 0.985986
vt 0.025138 0.442518
vt 0.021468 0.443406
vt 0.018818 0.442739
vt 0.018195 0.443473
vt 0.034921 0.986265
vt 0.023382 0.439410
vt 0.020645 0.441995
vt 0.018018 0.442740
vt 0.017329 0.443141
vt 0.031272 0.986456
vt 0.020327 0.437566
vt 0.019230 0.441177
vt 0.019529 0.445313
vt 0.018665 0.444981
vt 0.027615 0.986616
vt 0.016736 0.437464
vt 0.017593 0.441172
vt 0.017664 0.444407
vt 0.023953 0.986782
vt 0.013521 0.439175
vt 0.016172 0.441990
vt 0.016940 0.443831
vt 0.020294 0.986990
vt 0.011719 0.442341
vt 0.015374 0.443412
vt 0.018841 0.445712
vt 0.018044 0.445713
vt 0.016653 0.987298
vt 0.011719 0.445933
vt 0.015389 0.445045
vt 0.017351 0.445315
vt 0.013070 0.987829
vt 0.016947 0.444627
vt 0.011722 0.970394
vt 0.015879 0.970643
vt 0.044753 0.971033
vt 0.048152 0.970910
vt 0.041349 0.971099
vt 0.037914 0.971124
vt 0.034430 0.971116
vt 0.030887 0.971077
vt 0.027275 0.971013
vt 0.023585 0.970924
vt 0.019799 0.970806
vt 0.051588 0.970701
vt 0.055163 0.970345
vt 0.051224 0.967195
vt 0.054401 0.966764
vt 0.016531 0.768570
vt 0.017628 0.772182
vt 0.016212 0.773000
vt 0.013475 0.770415
vt 0.047971 0.967415
vt 0.020122 0.768468
vt 0.019265 0.772176
vt 0.044672 0.967522
vt 0.023336 0.770180
vt 0.020686 0.772994
vt 0.041331 0.967556
vt 0.025138 0.773345
vt 0.021482 0.774416
vt 0.019510 0.776316
vt 0.019195 0.775408
vt 0.019917 0.774830
vt 0.019912 0.775626
vt 0.037942 0.967534
vt 0.025138 0.776937
vt 0.021468 0.776049
vt 0.018818 0.776716
vt 0.018195 0.775983
vt 0.034497 0.967468
vt 0.023382 0.780045
vt 0.020645 0.777460
vt 0.018018 0.776715
vt 0.017329 0.776315
vt 0.030987 0.967364
vt 0.020327 0.781889
vt 0.019230 0.778278
vt 0.018665 0.774474
vt 0.019529 0.774143
vt 0.027408 0.967226
vt 0.016736 0.781991
vt 0.017593 0.778283
vt 0.017664 0.775048
vt 0.023755 0.967056
vt 0.013521 0.780280
vt 0.016172 0.777465
vt 0.016940 0.775625
vt 0.020030 0.966847
vt 0.011719 0.777115
vt 0.015374 0.776043
vt 0.018044 0.773742
vt 0.018841 0.773743
vt 0.016241 0.966566
vt 0.011719 0.773522
vt 0.015389 0.774410
vt 0.017351 0.774140
vt 0.012409 0.966118
vt 0.016947 0.774828
vt 0.041674 0.086369
vt 0.035821 0.086387
vt 0.035639 0.082677
vt 0.041755 0.082637
vt 0.041354 0.118778
vt 0.035425 0.118583
vt 0.035542 0.114959
vt 0.041394 0.115081
vt 0.035605 0.111357
vt 0.041414 0.111433
vt 0.035642 0.107764
vt 0.041424 0.107818
vt 0.035669 0.104172
vt 0.041432 0.104228
vt 0.035703 0.100583
vt 0.041449 0.100657
vt 0.035758 0.097005
vt 0.041483 0.097101
vt 0.035828 0.093470
vt 0.041535 0.093554
vt 0.035863 0.089948
vt 0.041600 0.089990
vt 0.041290 0.122552
vt 0.035216 0.122267
vt 0.041207 0.126451
vt 0.034848 0.126110
vt 0.031000 0.125299
vt 0.031454 0.121886
vt 0.038809 0.594553
vt 0.035165 0.594640
vt 0.036214 0.590915
vt 0.037844 0.590868
vt 0.031688 0.118396
vt 0.041887 0.592701
vt 0.039235 0.590014
vt 0.031810 0.114869
vt 0.043643 0.589595
vt 0.040021 0.588585
vt 0.031872 0.111318
vt 0.043643 0.586029
vt 0.039992 0.586956
vt 0.037344 0.586334
vt 0.038039 0.586721
vt 0.038444 0.587403
vt 0.037537 0.587278
vt 0.031902 0.107747
vt 0.041875 0.582910
vt 0.039159 0.585557
vt 0.036551 0.586343
vt 0.036392 0.587299
vt 0.031923 0.104156
vt 0.038750 0.581060
vt 0.037745 0.584770
vt 0.035870 0.586758
vt 0.035485 0.587459
vt 0.031953 0.100546
vt 0.035118 0.581075
vt 0.036110 0.584760
vt 0.038460 0.588199
vt 0.037555 0.588359
vt 0.032019 0.096917
vt 0.032039 0.582937
vt 0.034706 0.585626
vt 0.036411 0.588383
vt 0.032165 0.093422
vt 0.030280 0.586051
vt 0.033916 0.587066
vt 0.035499 0.588260
vt 0.032230 0.089989
vt 0.030274 0.589627
vt 0.033942 0.588705
vt 0.038074 0.588896
vt 0.037397 0.589311
vt 0.032176 0.086605
vt 0.032039 0.592763
vt 0.034781 0.590116
vt 0.036606 0.589330
vt 0.031900 0.083276
vt 0.035910 0.588945
vt 0.047853 0.082950
vt 0.047508 0.086639
vt 0.047296 0.115078
vt 0.047344 0.118775
vt 0.047251 0.111423
vt 0.047208 0.107809
vt 0.047172 0.104233
vt 0.047153 0.100690
vt 0.047161 0.097175
vt 0.047209 0.093679
vt 0.047313 0.090181
vt 0.047417 0.122516
vt 0.047615 0.126410
vt 0.051257 0.122303
vt 0.051549 0.125780
vt 0.035515 0.493493
vt 0.036508 0.489807
vt 0.038143 0.489800
vt 0.039146 0.493510
vt 0.051199 0.118736
vt 0.032437 0.491631
vt 0.035103 0.488943
vt 0.051123 0.115042
vt 0.030678 0.488517
vt 0.034314 0.487503
vt 0.051039 0.111388
vt 0.030672 0.484941
vt 0.034340 0.485863
vt 0.036999 0.485242
vt 0.036805 0.486190
vt 0.035894 0.486315
vt 0.036302 0.485629
vt 0.050954 0.107778
vt 0.032437 0.481805
vt 0.035179 0.484453
vt 0.037792 0.485260
vt 0.037950 0.486214
vt 0.050878 0.104215
vt 0.035563 0.479929
vt 0.036611 0.483653
vt 0.038472 0.485676
vt 0.038853 0.486374
vt 0.050821 0.100696
vt 0.039207 0.480016
vt 0.038241 0.483702
vt 0.036786 0.487273
vt 0.035883 0.487113
vt 0.050797 0.097220
vt 0.042286 0.481870
vt 0.039632 0.484556
vt 0.037932 0.487295
vt 0.050821 0.093782
vt 0.044040 0.484978
vt 0.040416 0.485987
vt 0.038843 0.487171
vt 0.050915 0.090380
vt 0.044040 0.488543
vt 0.040390 0.487617
vt 0.036944 0.488228
vt 0.036266 0.487813
vt 0.051124 0.087017
vt 0.042271 0.491662
vt 0.039557 0.489015
vt 0.037740 0.488239
vt 0.051549 0.083715
vt 0.038434 0.487854
vt 0.022718 0.427980
vt 0.022804 0.431714
vt 0.016685 0.431680
vt 0.016862 0.427968
vt 0.022403 0.395572
vt 0.022443 0.399267
vt 0.016593 0.399392
vt 0.016475 0.395768
vt 0.022466 0.402915
vt 0.016659 0.402992
vt 0.022474 0.406529
vt 0.016700 0.406579
vt 0.022478 0.410119
vt 0.016714 0.410165
vt 0.022491 0.413691
vt 0.016736 0.413760
vt 0.022523 0.417247
vt 0.016797 0.417345
vt 0.022577 0.420794
vt 0.016873 0.420877
vt 0.022641 0.424358
vt 0.016899 0.424402
vt 0.022339 0.391798
vt 0.016265 0.392084
vt 0.022256 0.387899
vt 0.015896 0.388241
vt 0.012503 0.392466
vt 0.012047 0.389052
vt 0.048615 0.038745
vt 0.047632 0.035044
vt 0.049087 0.034262
vt 0.051840 0.037021
vt 0.012737 0.395956
vt 0.045012 0.038658
vt 0.045989 0.034997
vt 0.012861 0.399484
vt 0.041941 0.036826
vt 0.044591 0.034144
vt 0.012926 0.403037
vt 0.040168 0.033727
vt 0.043801 0.032713
vt 0.045785 0.030859
vt 0.046093 0.031771
vt 0.045368 0.032333
vt 0.045378 0.031538
vt 0.012964 0.406612
vt 0.040151 0.030139
vt 0.043827 0.031082
vt 0.046480 0.030479
vt 0.047096 0.031218
vt 0.012966 0.410207
vt 0.041941 0.026978
vt 0.044668 0.029692
vt 0.047276 0.030490
vt 0.047962 0.030899
vt 0.012980 0.413818
vt 0.045145 0.025280
vt 0.046080 0.028939
vt 0.046619 0.032717
vt 0.045756 0.033028
vt 0.013057 0.417445
vt 0.048723 0.025312
vt 0.047695 0.028937
vt 0.047621 0.032164
vt 0.013214 0.420941
vt 0.051810 0.027098
vt 0.049123 0.029754
vt 0.048347 0.031597
vt 0.013263 0.424373
vt 0.053567 0.030210
vt 0.049917 0.031201
vt 0.047234 0.033463
vt 0.046437 0.033443
vt 0.013215 0.427757
vt 0.053567 0.033806
vt 0.049885 0.032833
vt 0.047931 0.033086
vt 0.012944 0.431086
vt 0.048336 0.032395
vt 0.028552 0.427704
vt 0.028903 0.431393
vt 0.028390 0.395576
vt 0.028338 0.399268
vt 0.028309 0.402924
vt 0.028260 0.406543
vt 0.028219 0.410121
vt 0.028194 0.413663
vt 0.028196 0.417172
vt 0.028254 0.420668
vt 0.028351 0.424165
vt 0.028466 0.391837
vt 0.028666 0.387942
vt 0.032600 0.388575
vt 0.032306 0.392053
vt 0.013548 0.198258
vt 0.016703 0.196450
vt 0.017661 0.200177
vt 0.016235 0.200959
vt 0.032245 0.395621
vt 0.011720 0.201357
vt 0.015376 0.202369
vt 0.032161 0.399317
vt 0.011727 0.204934
vt 0.015387 0.204013
vt 0.032099 0.402974
vt 0.013414 0.208091
vt 0.016162 0.205465
vt 0.018817 0.204733
vt 0.018022 0.204724
vt 0.017333 0.204318
vt 0.018196 0.203991
vt 0.032006 0.406582
vt 0.016495 0.209964
vt 0.017596 0.206300
vt 0.019505 0.204338
vt 0.019191 0.203426
vt 0.031924 0.410145
vt 0.020144 0.210078
vt 0.019245 0.206309
vt 0.019904 0.203650
vt 0.019906 0.202857
vt 0.031862 0.413665
vt 0.023284 0.208226
vt 0.020648 0.205481
vt 0.016948 0.203616
vt 0.017668 0.203046
vt 0.031828 0.417143
vt 0.025063 0.205110
vt 0.021448 0.204071
vt 0.018665 0.202483
vt 0.031868 0.420581
vt 0.025063 0.201553
vt 0.021440 0.202466
vt 0.019524 0.202162
vt 0.031950 0.423985
vt 0.023376 0.198421
vt 0.020681 0.201048
vt 0.016950 0.202817
vt 0.017359 0.202132
vt 0.032168 0.427341
vt 0.020336 0.196517
vt 0.019295 0.200181
vt 0.018052 0.201744
vt 0.032600 0.430620
vt 0.018843 0.201751
usemtl heart-icon-012
s 1
f 81/1 1710/2 4968/3 1709/4
f 1710/2 190/5 2325/6 4968/3
f 4968/3 2325/6 504/7 2322/8
f 1709/4 4968/3 2322/8 189/9
f 189/9 2322/8 4969/10 1708/11
f 2322/8 504/7 2323/12 4969/10
f 4969/10 2323/12 192/13 1715/14
f 1708/11 4969/10 1715/14 83/15
f 504/7 2324/16 4970/17 2323/12
f 2324/16 191/18 1713/19 4970/17
f 4970/17 1713/19 40/20 1714/21
f 2323/12 4970/17 1714/21 192/13
f 190/5 1711/22 4971/23 2325/6
f 1711/22 39/24 1712/25 4971/23
f 4971/23 1712/25 191/18 2324/16
f 2325/6 4971/23 2324/16 504/7
f 83/15 1715/14 4972/26 1717/27
f 1715/14 192/13 2329/28 4972/26
f 4972/26 2329/28 505/29 2326/30
f 1717/27 4972/26 2326/30 193/31
f 193/31 2326/30 4973/32 1716/33
f 2326/30 505/29 2327/34 4973/32
f 4973/32 2327/34 195/35 1721/36
f 1716/33 4973/32 1721/36 82/37
f 505/29 2328/38 4974/39 2327/34
f 2328/38 194/40 1719/41 4974/39
f 4974/39 1719/41 41/42 1720/43
f 2327/34 4974/39 1720/43 195/35
f 192/13 1714/21 4975/44 2329/28
f 1714/21 40/20 1718/45 4975/44
f 4975/44 1718/45 194/40 2328/38
f 2329/28 4975/44 2328/38 505/29
f 82/46 1721/47 4976/48 1722/49
f 1721/47 195/50 2332/51 4976/48
f 4976/48 2332/51 506/52 2330/53
f 1722/49 4976/48 2330/53 196/54
f 196/54 2330/53 4977/55 4331/56
f 2330/53 506/52 4346/57 4977/55
f 4977/55 4346/57 782/58 2984/59
f 4331/56 4977/55 2984/59 707/60
f 506/52 2331/61 4978/62 4346/57
f 2331/61 197/63 1724/64 4978/62
f 4978/62 1724/64 1/65 4303/66
f 4346/57 4978/62 4303/66 782/58
f 195/50 1720/67 4979/68 2332/51
f 1720/67 41/69 1723/70 4979/68
f 4979/68 1723/70 197/63 2331/61
f 2332/51 4979/68 2331/61 506/52
f 66/71 1727/72 4980/73 1726/74
f 1727/72 199/75 2336/76 4980/73
f 4980/73 2336/76 507/77 2333/78
f 1726/74 4980/73 2333/78 198/79
f 198/79 2333/78 4981/80 1725/81
f 2333/78 507/77 2334/82 4981/80
f 4981/80 2334/82 201/83 1732/84
f 1725/81 4981/80 1732/84 68/85
f 507/77 2335/86 4982/87 2334/82
f 2335/86 200/88 1730/89 4982/87
f 4982/87 1730/89 43/90 1731/91
f 2334/82 4982/87 1731/91 201/83
f 199/75 1728/92 4983/93 2336/76
f 1728/92 42/94 1729/95 4983/93
f 4983/93 1729/95 200/88 2335/86
f 2336/76 4983/93 2335/86 507/77
f 68/85 1732/84 4984/96 1734/97
f 1732/84 201/83 2340/98 4984/96
f 4984/96 2340/98 508/99 2337/100
f 1734/97 4984/96 2337/100 202/101
f 202/101 2337/100 4985/102 1733/103
f 2337/100 508/99 2338/104 4985/102
f 4985/102 2338/104 204/105 1738/106
f 1733/103 4985/102 1738/106 67/107
f 508/99 2339/108 4986/109 2338/104
f 2339/108 203/110 1736/111 4986/109
f 4986/109 1736/111 44/112 1737/113
f 2338/104 4986/109 1737/113 204/105
f 201/83 1731/91 4987/114 2340/98
f 1731/91 43/90 1735/115 4987/114
f 4987/114 1735/115 203/110 2339/108
f 2340/98 4987/114 2339/108 508/99
f 67/116 1738/117 4988/118 2296/119
f 1738/117 204/120 2343/121 4988/118
f 4988/118 2343/121 509/122 2341/123
f 2296/119 4988/118 2341/123 486/124
f 486/124 2341/123 4989/125 4336/126
f 2341/123 509/122 4347/127 4989/125
f 4989/125 4347/127 968/128 3384/129
f 4336/126 4989/125 3384/129 714/130
f 509/122 2342/131 4990/132 4347/127
f 2342/131 205/133 1740/134 4990/132
f 4990/132 1740/134 2/135 4317/136
f 4347/127 4990/132 4317/136 968/128
f 204/120 1737/137 4991/138 2343/121
f 1737/137 44/139 1739/140 4991/138
f 4991/138 1739/140 205/133 2342/131
f 2343/121 4991/138 2342/131 509/122
f 87/141 1743/142 4992/143 1742/144
f 1743/142 207/145 2347/146 4992/143
f 4992/143 2347/146 510/147 2344/148
f 1742/144 4992/143 2344/148 206/149
f 206/149 2344/148 4993/150 1741/151
f 2344/148 510/147 2345/152 4993/150
f 4993/150 2345/152 209/153 1748/154
f 1741/151 4993/150 1748/154 89/155
f 510/147 2346/156 4994/157 2345/152
f 2346/156 208/158 1746/159 4994/157
f 4994/157 1746/159 46/160 1747/161
f 2345/152 4994/157 1747/161 209/153
f 207/145 1744/162 4995/163 2347/146
f 1744/162 45/164 1745/165 4995/163
f 4995/163 1745/165 208/158 2346/156
f 2347/146 4995/163 2346/156 510/147
f 89/155 1748/154 4996/166 1750/167
f 1748/154 209/153 2351/168 4996/166
f 4996/166 2351/168 511/169 2348/170
f 1750/167 4996/166 2348/170 210/171
f 210/171 2348/170 4997/172 1749/173
f 2348/170 511/169 2349/174 4997/172
f 4997/172 2349/174 212/175 1754/176
f 1749/173 4997/172 1754/176 88/177
f 511/169 2350/178 4998/179 2349/174
f 2350/178 211/180 1752/181 4998/179
f 4998/179 1752/181 47/182 1753/183
f 2349/174 4998/179 1753/183 212/175
f 209/153 1747/161 4999/184 2351/168
f 1747/161 46/160 1751/185 4999/184
f 4999/184 1751/185 211/180 2350/178
f 2351/168 4999/184 2350/178 511/169
f 88/186 1754/187 5000/188 2298/189
f 1754/187 212/190 2355/191 5000/188
f 5000/188 2355/191 512/192 2352/193
f 2298/189 5000/188 2352/193 487/194
f 487/194 2352/193 5001/195 2297/196
f 2352/193 512/192 2353/197 5001/195
f 5001/195 2353/197 21/198 1685/199
f 2297/196 5001/195 1685/199 5/200
f 512/192 2354/201 5002/202 2353/197
f 2354/201 488/203 4337/204 5002/202
f 5002/202 4337/204 715/205 4310/206
f 2353/197 5002/202 4310/206 21/198
f 212/190 1753/207 5003/208 2355/191
f 1753/207 47/209 2299/210 5003/208
f 5003/208 2299/210 488/203 2354/201
f 2355/191 5003/208 2354/201 512/192
f 48/211 1963/212 5004/213 1756/214
f 1963/212 318/215 2359/216 5004/213
f 5004/213 2359/216 513/217 2356/218
f 1756/214 5004/213 2356/218 213/219
f 213/219 2356/218 5005/220 1755/221
f 2356/218 513/217 2357/222 5005/220
f 5005/220 2357/222 216/223 1762/224
f 1755/221 5005/220 1762/224 50/225
f 513/217 2358/226 5006/227 2357/222
f 2358/226 319/228 1966/229 5006/227
f 5006/227 1966/229 107/230 1761/231
f 2357/222 5006/227 1761/231 216/223
f 318/215 1964/232 5007/233 2359/216
f 1964/232 113/234 1965/235 5007/233
f 5007/233 1965/235 319/228 2358/226
f 2359/216 5007/233 2358/226 513/217
f 50/225 1762/224 5008/236 1764/237
f 1762/224 216/223 2363/238 5008/236
f 5008/236 2363/238 514/239 2360/240
f 1764/237 5008/236 2360/240 217/241
f 217/241 2360/240 5009/242 1763/243
f 2360/240 514/239 2361/244 5009/242
f 5009/242 2361/244 219/245 1768/246
f 1763/243 5009/242 1768/246 49/247
f 514/239 2362/248 5010/249 2361/244
f 2362/248 321/250 1970/251 5010/249
f 5010/249 1970/251 108/252 1767/253
f 2361/244 5010/249 1767/253 219/245
f 216/223 1761/231 5011/254 2363/238
f 1761/231 107/230 1969/255 5011/254
f 5011/254 1969/255 321/250 2362/248
f 2363/238 5011/254 2362/248 514/239
f 49/256 1768/257 5012/258 2301/259
f 1768/257 219/260 2367/261 5012/258
f 5012/258 2367/261 515/262 2364/263
f 2301/259 5012/258 2364/263 489/264
f 489/264 2364/263 5013/265 2300/266
f 2364/263 515/262 2365/267 5013/265
f 5013/265 2365/267 32/268 1701/269
f 2300/266 5013/265 1701/269 6/270
f 515/262 2366/271 5014/272 2365/267
f 2366/271 330/273 1988/274 5014/272
f 5014/272 1988/274 7/275 1700/276
f 2365/267 5014/272 1700/276 32/268
f 219/260 1767/277 5015/278 2367/261
f 1767/277 108/279 1987/280 5015/278
f 5015/278 1987/280 330/273 2366/271
f 2367/261 5015/278 2366/271 515/262
f 51/281 1769/282 5016/283 1759/284
f 1769/282 220/285 2371/286 5016/283
f 5016/283 2371/286 516/287 2368/288
f 1759/284 5016/283 2368/288 215/289
f 215/289 2368/288 5017/290 1760/291
f 2368/288 516/287 2369/292 5017/290
f 5017/290 2369/292 222/293 1774/294
f 1760/291 5017/290 1774/294 52/295
f 516/287 2370/296 5018/297 2369/292
f 2370/296 221/298 1772/299 5018/297
f 5018/297 1772/299 55/300 1773/301
f 2369/292 5018/297 1773/301 222/293
f 220/285 1770/302 5019/303 2371/286
f 1770/302 54/304 1771/305 5019/303
f 5019/303 1771/305 221/298 2370/296
f 2371/286 5019/303 2370/296 516/287
f 52/295 1774/294 5020/306 1765/307
f 1774/294 222/293 2375/308 5020/306
f 5020/306 2375/308 517/309 2372/310
f 1765/307 5020/306 2372/310 218/311
f 218/311 2372/310 5021/312 1766/313
f 2372/310 517/309 2373/314 5021/312
f 5021/312 2373/314 224/315 1778/316
f 1766/313 5021/312 1778/316 53/317
f 517/309 2374/318 5022/319 2373/314
f 2374/318 223/320 1776/321 5022/319
f 5022/319 1776/321 56/322 1777/323
f 2373/314 5022/319 1777/323 224/315
f 222/293 1773/301 5023/324 2375/308
f 1773/301 55/300 1775/325 5023/324
f 5023/324 1775/325 223/320 2374/318
f 2375/308 5023/324 2374/318 517/309
f 53/326 1778/327 5024/328 2302/329
f 1778/327 224/330 2378/331 5024/328
f 5024/328 2378/331 518/332 2376/333
f 2302/329 5024/328 2376/333 490/334
f 490/334 2376/333 5025/335 4338/336
f 2376/333 518/332 4348/337 5025/335
f 5025/335 4348/337 856/338 3133/339
f 4338/336 5025/335 3133/339 716/340
f 518/332 2377/341 5026/342 4348/337
f 2377/341 491/343 4339/344 5026/342
f 5026/342 4339/344 717/345 3134/346
f 4348/337 5026/342 3134/346 856/338
f 224/330 1777/347 5027/348 2378/331
f 1777/347 56/349 2303/350 5027/348
f 5027/348 2303/350 491/343 2377/341
f 2378/331 5027/348 2377/341 518/332
f 54/304 1779/351 5028/352 1771/305
f 1779/351 225/353 2382/354 5028/352
f 5028/352 2382/354 519/355 2379/356
f 1771/305 5028/352 2379/356 221/298
f 221/298 2379/356 5029/357 1772/299
f 2379/356 519/355 2380/358 5029/357
f 5029/357 2380/358 227/359 1784/360
f 1772/299 5029/357 1784/360 55/300
f 519/355 2381/361 5030/362 2380/358
f 2381/361 226/363 1782/364 5030/362
f 5030/362 1782/364 58/365 1783/366
f 2380/358 5030/362 1783/366 227/359
f 225/353 1780/367 5031/368 2382/354
f 1780/367 57/369 1781/370 5031/368
f 5031/368 1781/370 226/363 2381/361
f 2382/354 5031/368 2381/361 519/355
f 55/300 1784/360 5032/371 1775/325
f 1784/360 227/359 2386/372 5032/371
f 5032/371 2386/372 520/373 2383/374
f 1775/325 5032/371 2383/374 223/320
f 223/320 2383/374 5033/375 1776/321
f 2383/374 520/373 2384/376 5033/375
f 5033/375 2384/376 229/377 1788/378
f 1776/321 5033/375 1788/378 56/322
f 520/373 2385/379 5034/380 2384/376
f 2385/379 228/381 1786/382 5034/380
f 5034/380 1786/382 59/383 1787/384
f 2384/376 5034/380 1787/384 229/377
f 227/359 1783/366 5035/385 2386/372
f 1783/366 58/365 1785/386 5035/385
f 5035/385 1785/386 228/381 2385/379
f 2386/372 5035/385 2385/379 520/373
f 56/349 1788/387 5036/388 2303/350
f 1788/387 229/389 2389/390 5036/388
f 5036/388 2389/390 521/391 2387/392
f 2303/350 5036/388 2387/392 491/343
f 491/343 2387/392 5037/393 4339/344
f 2387/392 521/391 4349/394 5037/393
f 5037/393 4349/394 857/395 3135/396
f 4339/344 5037/393 3135/396 717/345
f 521/391 2388/397 5038/398 4349/394
f 2388/397 492/399 4340/400 5038/398
f 5038/398 4340/400 718/401 3136/402
f 4349/394 5038/398 3136/402 857/395
f 229/389 1787/403 5039/404 2389/390
f 1787/403 59/405 2304/406 5039/404
f 5039/404 2304/406 492/399 2388/397
f 2389/390 5039/404 2388/397 521/391
f 57/369 1789/407 5040/408 1781/370
f 1789/407 230/409 2393/410 5040/408
f 5040/408 2393/410 522/411 2390/412
f 1781/370 5040/408 2390/412 226/363
f 226/363 2390/412 5041/413 1782/364
f 2390/412 522/411 2391/414 5041/413
f 5041/413 2391/414 232/415 1794/416
f 1782/364 5041/413 1794/416 58/365
f 522/411 2392/417 5042/418 2391/414
f 2392/417 231/419 1792/420 5042/418
f 5042/418 1792/420 61/421 1793/422
f 2391/414 5042/418 1793/422 232/415
f 230/409 1790/423 5043/424 2393/410
f 1790/423 60/425 1791/426 5043/424
f 5043/424 1791/426 231/419 2392/417
f 2393/410 5043/424 2392/417 522/411
f 58/365 1794/416 5044/427 1785/386
f 1794/416 232/415 2397/428 5044/427
f 5044/427 2397/428 523/429 2394/430
f 1785/386 5044/427 2394/430 228/381
f 228/381 2394/430 5045/431 1786/382
f 2394/430 523/429 2395/432 5045/431
f 5045/431 2395/432 234/433 1798/434
f 1786/382 5045/431 1798/434 59/383
f 523/429 2396/435 5046/436 2395/432
f 2396/435 233/437 1796/438 5046/436
f 5046/436 1796/438 62/439 1797/440
f 2395/432 5046/436 1797/440 234/433
f 232/415 1793/422 5047/441 2397/428
f 1793/422 61/421 1795/442 5047/441
f 5047/441 1795/442 233/437 2396/435
f 2397/428 5047/441 2396/435 523/429
f 59/405 1798/443 5048/444 2304/406
f 1798/443 234/445 2400/446 5048/444
f 5048/444 2400/446 524/447 2398/448
f 2304/406 5048/444 2398/448 492/399
f 492/399 2398/448 5049/449 4340/400
f 2398/448 524/447 4350/450 5049/449
f 5049/449 4350/450 858/451 3137/452
f 4340/400 5049/449 3137/452 718/401
f 524/447 2399/453 5050/454 4350/450
f 2399/453 493/455 4341/456 5050/454
f 5050/454 4341/456 719/457 3138/458
f 4350/450 5050/454 3138/458 858/451
f 234/445 1797/459 5051/460 2400/446
f 1797/459 62/461 2305/462 5051/460
f 5051/460 2305/462 493/455 2399/453
f 2400/446 5051/460 2399/453 524/447
f 60/425 1799/463 5052/464 1791/426
f 1799/463 235/465 2404/466 5052/464
f 5052/464 2404/466 525/467 2401/468
f 1791/426 5052/464 2401/468 231/419
f 231/419 2401/468 5053/469 1792/420
f 2401/468 525/467 2402/470 5053/469
f 5053/469 2402/470 237/471 1804/472
f 1792/420 5053/469 1804/472 61/421
f 525/467 2403/473 5054/474 2402/470
f 2403/473 236/475 1802/476 5054/474
f 5054/474 1802/476 64/477 1803/478
f 2402/470 5054/474 1803/478 237/471
f 235/465 1800/479 5055/480 2404/466
f 1800/479 63/481 1801/482 5055/480
f 5055/480 1801/482 236/475 2403/473
f 2404/466 5055/480 2403/473 525/467
f 61/421 1804/472 5056/483 1795/442
f 1804/472 237/471 2408/484 5056/483
f 5056/483 2408/484 526/485 2405/486
f 1795/442 5056/483 2405/486 233/437
f 233/437 2405/486 5057/487 1796/438
f 2405/486 526/485 2406/488 5057/487
f 5057/487 2406/488 239/489 1808/490
f 1796/438 5057/487 1808/490 62/439
f 526/485 2407/491 5058/492 2406/488
f 2407/491 238/493 1806/494 5058/492
f 5058/492 1806/494 65/495 1807/496
f 2406/488 5058/492 1807/496 239/489
f 237/471 1803/478 5059/497 2408/484
f 1803/478 64/477 1805/498 5059/497
f 5059/497 1805/498 238/493 2407/491
f 2408/484 5059/497 2407/491 526/485
f 62/461 1808/499 5060/500 2305/462
f 1808/499 239/501 2411/502 5060/500
f 5060/500 2411/502 527/503 2409/504
f 2305/462 5060/500 2409/504 493/455
f 493/455 2409/504 5061/505 4341/456
f 2409/504 527/503 4351/506 5061/505
f 5061/505 4351/506 859/507 3139/508
f 4341/456 5061/505 3139/508 719/457
f 527/503 2410/509 5062/510 4351/506
f 2410/509 494/511 4342/512 5062/510
f 5062/510 4342/512 720/513 3140/514
f 4351/506 5062/510 3140/514 859/507
f 239/501 1807/515 5063/516 2411/502
f 1807/515 65/517 2306/518 5063/516
f 5063/516 2306/518 494/511 2410/509
f 2411/502 5063/516 2410/509 527/503
f 63/481 1809/519 5064/520 1801/482
f 1809/519 240/521 2415/522 5064/520
f 5064/520 2415/522 528/523 2412/524
f 1801/482 5064/520 2412/524 236/475
f 236/475 2412/524 5065/525 1802/476
f 2412/524 528/523 2413/526 5065/525
f 5065/525 2413/526 241/527 1812/528
f 1802/476 5065/525 1812/528 64/477
f 528/523 2414/529 5066/530 2413/526
f 2414/529 198/79 1725/81 5066/530
f 5066/530 1725/81 68/85 1811/531
f 2413/526 5066/530 1811/531 241/527
f 240/521 1810/532 5067/533 2415/522
f 1810/532 66/71 1726/74 5067/533
f 5067/533 1726/74 198/79 2414/529
f 2415/522 5067/533 2414/529 528/523
f 64/477 1812/528 5068/534 1805/498
f 1812/528 241/527 2419/535 5068/534
f 5068/534 2419/535 529/536 2416/537
f 1805/498 5068/534 2416/537 238/493
f 238/493 2416/537 5069/538 1806/494
f 2416/537 529/536 2417/539 5069/538
f 5069/538 2417/539 242/540 1814/541
f 1806/494 5069/538 1814/541 65/495
f 529/536 2418/542 5070/543 2417/539
f 2418/542 202/101 1733/103 5070/543
f 5070/543 1733/103 67/107 1813/544
f 2417/539 5070/543 1813/544 242/540
f 241/527 1811/531 5071/545 2419/535
f 1811/531 68/85 1734/97 5071/545
f 5071/545 1734/97 202/101 2418/542
f 2419/535 5071/545 2418/542 529/536
f 65/517 1814/546 5072/547 2306/518
f 1814/546 242/548 2422/549 5072/547
f 5072/547 2422/549 530/550 2420/551
f 2306/518 5072/547 2420/551 494/511
f 494/511 2420/551 5073/552 4342/512
f 2420/551 530/550 4352/553 5073/552
f 5073/552 4352/553 860/554 3141/555
f 4342/512 5073/552 3141/555 720/513
f 530/550 2421/556 5074/557 4352/553
f 2421/556 486/124 4336/126 5074/557
f 5074/557 4336/126 714/130 3142/558
f 4352/553 5074/557 3142/558 860/554
f 242/548 1813/559 5075/560 2422/549
f 1813/559 67/116 2296/119 5075/560
f 5075/560 2296/119 486/124 2421/556
f 2422/549 5075/560 2421/556 530/550
f 42/94 1815/561 5076/562 1729/95
f 1815/561 243/563 2426/564 5076/562
f 5076/562 2426/564 531/565 2423/566
f 1729/95 5076/562 2423/566 200/88
f 200/88 2423/566 5077/567 1730/89
f 2423/566 531/565 2424/568 5077/567
f 5077/567 2424/568 245/569 1820/570
f 1730/89 5077/567 1820/570 43/90
f 531/565 2425/571 5078/572 2424/568
f 2425/571 244/573 1818/574 5078/572
f 5078/572 1818/574 70/575 1819/576
f 2424/568 5078/572 1819/576 245/569
f 243/563 1816/577 5079/578 2426/564
f 1816/577 69/579 1817/580 5079/578
f 5079/578 1817/580 244/573 2425/571
f 2426/564 5079/578 2425/571 531/565
f 43/90 1820/570 5080/581 1735/115
f 1820/570 245/569 2430/582 5080/581
f 5080/581 2430/582 532/583 2427/584
f 1735/115 5080/581 2427/584 203/110
f 203/110 2427/584 5081/585 1736/111
f 2427/584 532/583 2428/586 5081/585
f 5081/585 2428/586 247/587 1824/588
f 1736/111 5081/585 1824/588 44/112
f 532/583 2429/589 5082/590 2428/586
f 2429/589 246/591 1822/592 5082/590
f 5082/590 1822/592 71/593 1823/594
f 2428/586 5082/590 1823/594 247/587
f 245/569 1819/576 5083/595 2430/582
f 1819/576 70/575 1821/596 5083/595
f 5083/595 1821/596 246/591 2429/589
f 2430/582 5083/595 2429/589 532/583
f 44/139 1824/597 5084/598 1739/140
f 1824/597 247/599 2434/600 5084/598
f 5084/598 2434/600 533/601 2431/602
f 1739/140 5084/598 2431/602 205/133
f 205/133 2431/602 5085/603 1740/134
f 2431/602 533/601 2432/604 5085/603
f 5085/603 2432/604 33/605 1702/606
f 1740/134 5085/603 1702/606 2/135
f 533/601 2433/607 5086/608 2432/604
f 2433/607 495/609 4343/610 5086/608
f 5086/608 4343/610 721/611 4318/612
f 2432/604 5086/608 4318/612 33/605
f 247/599 1823/613 5087/614 2434/600
f 1823/613 71/615 2307/616 5087/614
f 5087/614 2307/616 495/609 2433/607
f 2434/600 5087/614 2433/607 533/601
f 69/579 1825/617 5088/618 1817/580
f 1825/617 248/619 2438/620 5088/618
f 5088/618 2438/620 534/621 2435/622
f 1817/580 5088/618 2435/622 244/573
f 244/573 2435/622 5089/623 1818/574
f 2435/622 534/621 2436/624 5089/623
f 5089/623 2436/624 250/625 1830/626
f 1818/574 5089/623 1830/626 70/575
f 534/621 2437/627 5090/628 2436/624
f 2437/627 249/629 1828/630 5090/628
f 5090/628 1828/630 73/631 1829/632
f 2436/624 5090/628 1829/632 250/625
f 248/619 1826/633 5091/634 2438/620
f 1826/633 72/635 1827/636 5091/634
f 5091/634 1827/636 249/629 2437/627
f 2438/620 5091/634 2437/627 534/621
f 70/575 1830/626 5092/637 1821/596
f 1830/626 250/625 2442/638 5092/637
f 5092/637 2442/638 535/639 2439/640
f 1821/596 5092/637 2439/640 246/591
f 246/591 2439/640 5093/641 1822/592
f 2439/640 535/639 2440/642 5093/641
f 5093/641 2440/642 252/643 1834/644
f 1822/592 5093/641 1834/644 71/593
f 535/639 2441/645 5094/646 2440/642
f 2441/645 251/647 1832/648 5094/646
f 5094/646 1832/648 74/649 1833/650
f 2440/642 5094/646 1833/650 252/643
f 250/625 1829/632 5095/651 2442/638
f 1829/632 73/631 1831/652 5095/651
f 5095/651 1831/652 251/647 2441/645
f 2442/638 5095/651 2441/645 535/639
f 71/615 1834/653 5096/654 2307/616
f 1834/653 252/655 2446/656 5096/654
f 5096/654 2446/656 536/657 2443/658
f 2307/616 5096/654 2443/658 495/609
f 495/609 2443/658 5097/659 4343/610
f 2443/658 536/657 2444/660 5097/659
f 5097/659 2444/660 34/661 4320/662
f 4343/610 5097/659 4320/662 721/611
f 536/657 2445/663 5098/664 2444/660
f 2445/663 253/665 4332/666 5098/664
f 5098/664 4332/666 698/667 4319/668
f 2444/660 5098/664 4319/668 34/661
f 252/655 1833/669 5099/670 2446/656
f 1833/669 74/671 1835/672 5099/670
f 5099/670 1835/672 253/665 2445/663
f 2446/656 5099/670 2445/663 536/657
f 72/635 1836/673 5100/674 1827/636
f 1836/673 254/675 2450/676 5100/674
f 5100/674 2450/676 537/677 2447/678
f 1827/636 5100/674 2447/678 249/629
f 249/629 2447/678 5101/679 1828/630
f 2447/678 537/677 2448/680 5101/679
f 5101/679 2448/680 256/681 1841/682
f 1828/630 5101/679 1841/682 73/631
f 537/677 2449/683 5102/684 2448/680
f 2449/683 255/685 1839/686 5102/684
f 5102/684 1839/686 76/687 1840/688
f 2448/680 5102/684 1840/688 256/681
f 254/675 1837/689 5103/690 2450/676
f 1837/689 75/691 1838/692 5103/690
f 5103/690 1838/692 255/685 2449/683
f 2450/676 5103/690 2449/683 537/677
f 73/631 1841/682 5104/693 1831/652
f 1841/682 256/681 2454/694 5104/693
f 5104/693 2454/694 538/695 2451/696
f 1831/652 5104/693 2451/696 251/647
f 251/647 2451/696 5105/697 1832/648
f 2451/696 538/695 2452/698 5105/697
f 5105/697 2452/698 258/699 1845/700
f 1832/648 5105/697 1845/700 74/649
f 538/695 2453/701 5106/702 2452/698
f 2453/701 257/703 1843/704 5106/702
f 5106/702 1843/704 77/705 1844/706
f 2452/698 5106/702 1844/706 258/699
f 256/681 1840/688 5107/707 2454/694
f 1840/688 76/687 1842/708 5107/707
f 5107/707 1842/708 257/703 2453/701
f 2454/694 5107/707 2453/701 538/695
f 74/671 1845/709 5108/710 1835/672
f 1845/709 258/711 2458/712 5108/710
f 5108/710 2458/712 539/713 2455/714
f 1835/672 5108/710 2455/714 253/665
f 253/665 2455/714 5109/715 4332/666
f 2455/714 539/713 2456/716 5109/715
f 5109/715 2456/716 19/717 4305/718
f 4332/666 5109/715 4305/718 698/667
f 539/713 2457/719 5110/720 2456/716
f 2457/719 259/721 4333/722 5110/720
f 5110/720 4333/722 702/723 4304/724
f 2456/716 5110/720 4304/724 19/717
f 258/711 1844/725 5111/726 2458/712
f 1844/725 77/727 1846/728 5111/726
f 5111/726 1846/728 259/721 2457/719
f 2458/712 5111/726 2457/719 539/713
f 75/691 1847/729 5112/730 1838/692
f 1847/729 260/731 2462/732 5112/730
f 5112/730 2462/732 540/733 2459/734
f 1838/692 5112/730 2459/734 255/685
f 255/685 2459/734 5113/735 1839/686
f 2459/734 540/733 2460/736 5113/735
f 5113/735 2460/736 262/737 1852/738
f 1839/686 5113/735 1852/738 76/687
f 540/733 2461/739 5114/740 2460/736
f 2461/739 261/741 1850/742 5114/740
f 5114/740 1850/742 79/743 1851/744
f 2460/736 5114/740 1851/744 262/737
f 260/731 1848/745 5115/746 2462/732
f 1848/745 78/747 1849/748 5115/746
f 5115/746 1849/748 261/741 2461/739
f 2462/732 5115/746 2461/739 540/733
f 76/687 1852/738 5116/749 1842/708
f 1852/738 262/737 2466/750 5116/749
f 5116/749 2466/750 541/751 2463/752
f 1842/708 5116/749 2463/752 257/703
f 257/703 2463/752 5117/753 1843/704
f 2463/752 541/751 2464/754 5117/753
f 5117/753 2464/754 264/755 1856/756
f 1843/704 5117/753 1856/756 77/705
f 541/751 2465/757 5118/758 2464/754
f 2465/757 263/759 1854/760 5118/758
f 5118/758 1854/760 80/761 1855/762
f 2464/754 5118/758 1855/762 264/755
f 262/737 1851/744 5119/763 2466/750
f 1851/744 79/743 1853/764 5119/763
f 5119/763 1853/764 263/759 2465/757
f 2466/750 5119/763 2465/757 541/751
f 77/727 1856/765 5120/766 1846/728
f 1856/765 264/767 2470/768 5120/766
f 5120/766 2470/768 542/769 2467/770
f 1846/728 5120/766 2467/770 259/721
f 259/721 2467/770 5121/771 4333/722
f 2467/770 542/769 2468/772 5121/771
f 5121/771 2468/772 20/773 4306/774
f 4333/722 5121/771 4306/774 702/723
f 542/769 2469/775 5122/776 2468/772
f 2469/775 265/777 1858/778 5122/776
f 5122/776 1858/778 3/779 1684/780
f 2468/772 5122/776 1684/780 20/773
f 264/767 1855/781 5123/782 2470/768
f 1855/781 80/783 1857/784 5123/782
f 5123/782 1857/784 265/777 2469/775
f 2470/768 5123/782 2469/775 542/769
f 78/747 1859/785 5124/786 1849/748
f 1859/785 266/787 2474/788 5124/786
f 5124/786 2474/788 543/789 2471/790
f 1849/748 5124/786 2471/790 261/741
f 261/741 2471/790 5125/791 1850/742
f 2471/790 543/789 2472/792 5125/791
f 5125/791 2472/792 267/793 1862/794
f 1850/742 5125/791 1862/794 79/743
f 543/789 2473/795 5126/796 2472/792
f 2473/795 189/9 1708/11 5126/796
f 5126/796 1708/11 83/15 1861/797
f 2472/792 5126/796 1861/797 267/793
f 266/787 1860/798 5127/799 2474/788
f 1860/798 81/1 1709/4 5127/799
f 5127/799 1709/4 189/9 2473/795
f 2474/788 5127/799 2473/795 543/789
f 79/743 1862/794 5128/800 1853/764
f 1862/794 267/793 2478/801 5128/800
f 5128/800 2478/801 544/802 2475/803
f 1853/764 5128/800 2475/803 263/759
f 263/759 2475/803 5129/804 1854/760
f 2475/803 544/802 2476/805 5129/804
f 5129/804 2476/805 268/806 1864/807
f 1854/760 5129/804 1864/807 80/761
f 544/802 2477/808 5130/809 2476/805
f 2477/808 193/31 1716/33 5130/809
f 5130/809 1716/33 82/37 1863/810
f 2476/805 5130/809 1863/810 268/806
f 267/793 1861/797 5131/811 2478/801
f 1861/797 83/15 1717/27 5131/811
f 5131/811 1717/27 193/31 2477/808
f 2478/801 5131/811 2477/808 544/802
f 80/783 1864/812 5132/813 1857/784
f 1864/812 268/814 2481/815 5132/813
f 5132/813 2481/815 545/816 2479/817
f 1857/784 5132/813 2479/817 265/777
f 265/777 2479/817 5133/818 1858/778
f 2479/817 545/816 4353/819 5133/818
f 5133/818 4353/819 846/820 4307/821
f 1858/778 5133/818 4307/821 3/779
f 545/816 2480/822 5134/823 4353/819
f 2480/822 196/54 4331/56 5134/823
f 5134/823 4331/56 707/60 3116/824
f 4353/819 5134/823 3116/824 846/820
f 268/814 1863/825 5135/826 2481/815
f 1863/825 82/46 1722/49 5135/826
f 5135/826 1722/49 196/54 2480/822
f 2481/815 5135/826 2480/822 545/816
f 39/24 1865/827 5136/828 1712/25
f 1865/827 269/829 2485/830 5136/828
f 5136/828 2485/830 546/831 2482/832
f 1712/25 5136/828 2482/832 191/18
f 191/18 2482/832 5137/833 1713/19
f 2482/832 546/831 2483/834 5137/833
f 5137/833 2483/834 271/835 1870/836
f 1713/19 5137/833 1870/836 40/20
f 546/831 2484/837 5138/838 2483/834
f 2484/837 270/839 1868/840 5138/838
f 5138/838 1868/840 85/841 1869/842
f 2483/834 5138/838 1869/842 271/835
f 269/829 1866/843 5139/844 2485/830
f 1866/843 84/845 1867/846 5139/844
f 5139/844 1867/846 270/839 2484/837
f 2485/830 5139/844 2484/837 546/831
f 40/20 1870/836 5140/847 1718/45
f 1870/836 271/835 2489/848 5140/847
f 5140/847 2489/848 547/849 2486/850
f 1718/45 5140/847 2486/850 194/40
f 194/40 2486/850 5141/851 1719/41
f 2486/850 547/849 2487/852 5141/851
f 5141/851 2487/852 273/853 1874/854
f 1719/41 5141/851 1874/854 41/42
f 547/849 2488/855 5142/856 2487/852
f 2488/855 272/857 1872/858 5142/856
f 5142/856 1872/858 86/859 1873/860
f 2487/852 5142/856 1873/860 273/853
f 271/835 1869/842 5143/861 2489/848
f 1869/842 85/841 1871/862 5143/861
f 5143/861 1871/862 272/857 2488/855
f 2489/848 5143/861 2488/855 547/849
f 41/69 1874/863 5144/864 1723/70
f 1874/863 273/865 2492/866 5144/864
f 5144/864 2492/866 548/867 2490/868
f 1723/70 5144/864 2490/868 197/63
f 197/63 2490/868 5145/869 1724/64
f 2490/868 548/867 4354/870 5145/869
f 5145/869 4354/870 852/871 4309/872
f 1724/64 5145/869 4309/872 1/65
f 548/867 2491/873 5146/874 4354/870
f 2491/873 274/875 1876/876 5146/874
f 5146/874 1876/876 4/877 4308/878
f 4354/870 5146/874 4308/878 852/871
f 273/865 1873/879 5147/880 2492/866
f 1873/879 86/881 1875/882 5147/880
f 5147/880 1875/882 274/875 2491/873
f 2492/866 5147/880 2491/873 548/867
f 84/845 1877/883 5148/884 1867/846
f 1877/883 275/885 2496/886 5148/884
f 5148/884 2496/886 549/887 2493/888
f 1867/846 5148/884 2493/888 270/839
f 270/839 2493/888 5149/889 1868/840
f 2493/888 549/887 2494/890 5149/889
f 5149/889 2494/890 276/891 1880/892
f 1868/840 5149/889 1880/892 85/841
f 549/887 2495/893 5150/894 2494/890
f 2495/893 206/149 1741/151 5150/894
f 5150/894 1741/151 89/155 1879/895
f 2494/890 5150/894 1879/895 276/891
f 275/885 1878/896 5151/897 2496/886
f 1878/896 87/141 1742/144 5151/897
f 5151/897 1742/144 206/149 2495/893
f 2496/886 5151/897 2495/893 549/887
f 85/841 1880/892 5152/898 1871/862
f 1880/892 276/891 2500/899 5152/898
f 5152/898 2500/899 550/900 2497/901
f 1871/862 5152/898 2497/901 272/857
f 272/857 2497/901 5153/902 1872/858
f 2497/901 550/900 2498/903 5153/902
f 5153/902 2498/903 277/904 1882/905
f 1872/858 5153/902 1882/905 86/859
f 550/900 2499/906 5154/907 2498/903
f 2499/906 210/171 1749/173 5154/907
f 5154/907 1749/173 88/177 1881/908
f 2498/903 5154/907 1881/908 277/904
f 276/891 1879/895 5155/909 2500/899
f 1879/895 89/155 1750/167 5155/909
f 5155/909 1750/167 210/171 2499/906
f 2500/899 5155/909 2499/906 550/900
f 86/881 1882/910 5156/911 1875/882
f 1882/910 277/912 2503/913 5156/911
f 5156/911 2503/913 551/914 2501/915
f 1875/882 5156/911 2501/915 274/875
f 274/875 2501/915 5157/916 1876/876
f 2501/915 551/914 4355/917 5157/916
f 5157/916 4355/917 978/918 4322/919
f 1876/876 5157/916 4322/919 4/877
f 551/914 2502/920 5158/921 4355/917
f 2502/920 487/194 2297/196 5158/921
f 5158/921 2297/196 5/200 4321/922
f 4355/917 5158/921 4321/922 978/918
f 277/912 1881/923 5159/924 2503/913
f 1881/923 88/186 2298/189 5159/924
f 5159/924 2298/189 487/194 2502/920
f 2503/913 5159/924 2502/920 551/914
f 87/141 1922/925 5160/926 1743/142
f 1922/925 297/927 2507/928 5160/926
f 5160/926 2507/928 552/929 2504/930
f 1743/142 5160/926 2504/930 207/145
f 207/145 2504/930 5161/931 1744/162
f 2504/930 552/929 2505/932 5161/931
f 5161/931 2505/932 279/933 1885/934
f 1744/162 5161/931 1885/934 45/164
f 552/929 2506/935 5162/936 2505/932
f 2506/935 296/937 1920/938 5162/936
f 5162/936 1920/938 90/939 1886/940
f 2505/932 5162/936 1886/940 279/933
f 297/927 1921/941 5163/942 2507/928
f 1921/941 106/943 1919/944 5163/942
f 5163/942 1919/944 296/937 2506/935
f 2507/928 5163/942 2506/935 552/929
f 92/945 1924/946 5164/947 1890/948
f 1924/946 298/949 2511/950 5164/947
f 5164/947 2511/950 553/951 2508/952
f 1890/948 5164/947 2508/952 281/953
f 281/953 2508/952 5165/954 1889/955
f 2508/952 553/951 2509/956 5165/954
f 5165/954 2509/956 320/957 1967/958
f 1889/955 5165/954 1967/958 109/959
f 553/951 2510/960 5166/961 2509/956
f 2510/960 214/962 1757/963 5166/961
f 5166/961 1757/963 113/234 1968/964
f 2509/956 5166/961 1968/964 320/957
f 298/949 1923/965 5167/966 2511/950
f 1923/965 51/281 1758/967 5167/966
f 5167/966 1758/967 214/962 2510/960
f 2511/950 5167/966 2510/960 553/951
f 90/939 1920/938 5168/968 1957/969
f 1920/938 296/937 2515/970 5168/968
f 5168/968 2515/970 554/971 2512/972
f 1957/969 5168/968 2512/972 315/973
f 315/973 2512/972 5169/974 1958/975
f 2512/972 554/971 2513/976 5169/974
f 5169/974 2513/976 322/977 1972/978
f 1958/975 5169/974 1972/978 110/979
f 554/971 2514/980 5170/981 2513/976
f 2514/980 295/982 1917/983 5170/981
f 5170/981 1917/983 105/984 1971/985
f 2513/976 5170/981 1971/985 322/977
f 296/937 1919/944 5171/986 2515/970
f 1919/944 106/943 1918/987 5171/986
f 5171/986 1918/987 295/982 2514/980
f 2515/970 5171/986 2514/980 554/971
f 87/141 1878/896 5172/988 1922/925
f 1878/896 275/885 2519/989 5172/988
f 5172/988 2519/989 555/990 2516/991
f 1922/925 5172/988 2516/991 297/927
f 297/927 2516/991 5173/992 1921/941
f 2516/991 555/990 2517/993 5173/992
f 5173/992 2517/993 295/982 1918/987
f 1921/941 5173/992 1918/987 106/943
f 555/990 2518/994 5174/995 2517/993
f 2518/994 299/996 1926/997 5174/995
f 5174/995 1926/997 105/984 1917/983
f 2517/993 5174/995 1917/983 295/982
f 275/885 1877/883 5175/998 2519/989
f 1877/883 84/845 1925/999 5175/998
f 5175/998 1925/999 299/996 2518/994
f 2519/989 5175/998 2518/994 555/990
f 84/845 1866/843 5176/1000 1925/999
f 1866/843 269/829 2523/1001 5176/1000
f 5176/1000 2523/1001 556/1002 2520/1003
f 1925/999 5176/1000 2520/1003 299/996
f 299/996 2520/1003 5177/1004 1926/997
f 2520/1003 556/1002 2521/1005 5177/1004
f 5177/1004 2521/1005 294/1006 1916/1007
f 1926/997 5177/1004 1916/1007 105/984
f 556/1002 2522/1008 5178/1009 2521/1005
f 2522/1008 300/1010 1928/1011 5178/1009
f 5178/1009 1928/1011 104/1012 1915/1013
f 2521/1005 5178/1009 1915/1013 294/1006
f 269/829 1865/827 5179/1014 2523/1001
f 1865/827 39/24 1927/1015 5179/1014
f 5179/1014 1927/1015 300/1010 2522/1008
f 2523/1001 5179/1014 2522/1008 556/1002
f 39/24 1711/22 5180/1016 1927/1015
f 1711/22 190/5 2527/1017 5180/1016
f 5180/1016 2527/1017 557/1018 2524/1019
f 1927/1015 5180/1016 2524/1019 300/1010
f 300/1010 2524/1019 5181/1020 1928/1011
f 2524/1019 557/1018 2525/1021 5181/1020
f 5181/1020 2525/1021 293/1022 1914/1023
f 1928/1011 5181/1020 1914/1023 104/1012
f 557/1018 2526/1024 5182/1025 2525/1021
f 2526/1024 301/1026 1930/1027 5182/1025
f 5182/1025 1930/1027 103/1028 1913/1029
f 2525/1021 5182/1025 1913/1029 293/1022
f 190/5 1710/2 5183/1030 2527/1017
f 1710/2 81/1 1929/1031 5183/1030
f 5183/1030 1929/1031 301/1026 2526/1024
f 2527/1017 5183/1030 2526/1024 557/1018
f 81/1 1860/798 5184/1032 1929/1031
f 1860/798 266/787 2531/1033 5184/1032
f 5184/1032 2531/1033 558/1034 2528/1035
f 1929/1031 5184/1032 2528/1035 301/1026
f 301/1026 2528/1035 5185/1036 1930/1027
f 2528/1035 558/1034 2529/1037 5185/1036
f 5185/1036 2529/1037 292/1038 1912/1039
f 1930/1027 5185/1036 1912/1039 103/1028
f 558/1034 2530/1040 5186/1041 2529/1037
f 2530/1040 302/1042 1932/1043 5186/1041
f 5186/1041 1932/1043 102/1044 1911/1045
f 2529/1037 5186/1041 1911/1045 292/1038
f 266/787 1859/785 5187/1046 2531/1033
f 1859/785 78/747 1931/1047 5187/1046
f 5187/1046 1931/1047 302/1042 2530/1040
f 2531/1033 5187/1046 2530/1040 558/1034
f 78/747 1848/745 5188/1048 1931/1047
f 1848/745 260/731 2535/1049 5188/1048
f 5188/1048 2535/1049 559/1050 2532/1051
f 1931/1047 5188/1048 2532/1051 302/1042
f 302/1042 2532/1051 5189/1052 1932/1043
f 2532/1051 559/1050 2533/1053 5189/1052
f 5189/1052 2533/1053 291/1054 1910/1055
f 1932/1043 5189/1052 1910/1055 102/1044
f 559/1050 2534/1056 5190/1057 2533/1053
f 2534/1056 303/1058 1934/1059 5190/1057
f 5190/1057 1934/1059 101/1060 1909/1061
f 2533/1053 5190/1057 1909/1061 291/1054
f 260/731 1847/729 5191/1062 2535/1049
f 1847/729 75/691 1933/1063 5191/1062
f 5191/1062 1933/1063 303/1058 2534/1056
f 2535/1049 5191/1062 2534/1056 559/1050
f 75/691 1837/689 5192/1064 1933/1063
f 1837/689 254/675 2539/1065 5192/1064
f 5192/1064 2539/1065 560/1066 2536/1067
f 1933/1063 5192/1064 2536/1067 303/1058
f 303/1058 2536/1067 5193/1068 1934/1059
f 2536/1067 560/1066 2537/1069 5193/1068
f 5193/1068 2537/1069 290/1070 1908/1071
f 1934/1059 5193/1068 1908/1071 101/1060
f 560/1066 2538/1072 5194/1073 2537/1069
f 2538/1072 304/1074 1936/1075 5194/1073
f 5194/1073 1936/1075 100/1076 1907/1077
f 2537/1069 5194/1073 1907/1077 290/1070
f 254/675 1836/673 5195/1078 2539/1065
f 1836/673 72/635 1935/1079 5195/1078
f 5195/1078 1935/1079 304/1074 2538/1072
f 2539/1065 5195/1078 2538/1072 560/1066
f 72/635 1826/633 5196/1080 1935/1079
f 1826/633 248/619 2543/1081 5196/1080
f 5196/1080 2543/1081 561/1082 2540/1083
f 1935/1079 5196/1080 2540/1083 304/1074
f 304/1074 2540/1083 5197/1084 1936/1075
f 2540/1083 561/1082 2541/1085 5197/1084
f 5197/1084 2541/1085 289/1086 1906/1087
f 1936/1075 5197/1084 1906/1087 100/1076
f 561/1082 2542/1088 5198/1089 2541/1085
f 2542/1088 305/1090 1938/1091 5198/1089
f 5198/1089 1938/1091 99/1092 1905/1093
f 2541/1085 5198/1089 1905/1093 289/1086
f 248/619 1825/617 5199/1094 2543/1081
f 1825/617 69/579 1937/1095 5199/1094
f 5199/1094 1937/1095 305/1090 2542/1088
f 2543/1081 5199/1094 2542/1088 561/1082
f 69/579 1816/577 5200/1096 1937/1095
f 1816/577 243/563 2547/1097 5200/1096
f 5200/1096 2547/1097 562/1098 2544/1099
f 1937/1095 5200/1096 2544/1099 305/1090
f 305/1090 2544/1099 5201/1100 1938/1091
f 2544/1099 562/1098 2545/1101 5201/1100
f 5201/1100 2545/1101 288/1102 1904/1103
f 1938/1091 5201/1100 1904/1103 99/1092
f 562/1098 2546/1104 5202/1105 2545/1101
f 2546/1104 306/1106 1940/1107 5202/1105
f 5202/1105 1940/1107 98/1108 1903/1109
f 2545/1101 5202/1105 1903/1109 288/1102
f 243/563 1815/561 5203/1110 2547/1097
f 1815/561 42/94 1939/1111 5203/1110
f 5203/1110 1939/1111 306/1106 2546/1104
f 2547/1097 5203/1110 2546/1104 562/1098
f 42/94 1728/92 5204/1112 1939/1111
f 1728/92 199/75 2551/1113 5204/1112
f 5204/1112 2551/1113 563/1114 2548/1115
f 1939/1111 5204/1112 2548/1115 306/1106
f 306/1106 2548/1115 5205/1116 1940/1107
f 2548/1115 563/1114 2549/1117 5205/1116
f 5205/1116 2549/1117 287/1118 1902/1119
f 1940/1107 5205/1116 1902/1119 98/1108
f 563/1114 2550/1120 5206/1121 2549/1117
f 2550/1120 307/1122 1942/1123 5206/1121
f 5206/1121 1942/1123 97/1124 1901/1125
f 2549/1117 5206/1121 1901/1125 287/1118
f 199/75 1727/72 5207/1126 2551/1113
f 1727/72 66/71 1941/1127 5207/1126
f 5207/1126 1941/1127 307/1122 2550/1120
f 2551/1113 5207/1126 2550/1120 563/1114
f 66/71 1810/532 5208/1128 1941/1127
f 1810/532 240/521 2555/1129 5208/1128
f 5208/1128 2555/1129 564/1130 2552/1131
f 1941/1127 5208/1128 2552/1131 307/1122
f 307/1122 2552/1131 5209/1132 1942/1123
f 2552/1131 564/1130 2553/1133 5209/1132
f 5209/1132 2553/1133 286/1134 1900/1135
f 1942/1123 5209/1132 1900/1135 97/1124
f 564/1130 2554/1136 5210/1137 2553/1133
f 2554/1136 308/1138 1944/1139 5210/1137
f 5210/1137 1944/1139 96/1140 1899/1141
f 2553/1133 5210/1137 1899/1141 286/1134
f 240/521 1809/519 5211/1142 2555/1129
f 1809/519 63/481 1943/1143 5211/1142
f 5211/1142 1943/1143 308/1138 2554/1136
f 2555/1129 5211/1142 2554/1136 564/1130
f 63/481 1800/479 5212/1144 1943/1143
f 1800/479 235/465 2559/1145 5212/1144
f 5212/1144 2559/1145 565/1146 2556/1147
f 1943/1143 5212/1144 2556/1147 308/1138
f 308/1138 2556/1147 5213/1148 1944/1139
f 2556/1147 565/1146 2557/1149 5213/1148
f 5213/1148 2557/1149 285/1150 1898/1151
f 1944/1139 5213/1148 1898/1151 96/1140
f 565/1146 2558/1152 5214/1153 2557/1149
f 2558/1152 309/1154 1946/1155 5214/1153
f 5214/1153 1946/1155 95/1156 1897/1157
f 2557/1149 5214/1153 1897/1157 285/1150
f 235/465 1799/463 5215/1158 2559/1145
f 1799/463 60/425 1945/1159 5215/1158
f 5215/1158 1945/1159 309/1154 2558/1152
f 2559/1145 5215/1158 2558/1152 565/1146
f 60/425 1790/423 5216/1160 1945/1159
f 1790/423 230/409 2563/1161 5216/1160
f 5216/1160 2563/1161 566/1162 2560/1163
f 1945/1159 5216/1160 2560/1163 309/1154
f 309/1154 2560/1163 5217/1164 1946/1155
f 2560/1163 566/1162 2561/1165 5217/1164
f 5217/1164 2561/1165 284/1166 1896/1167
f 1946/1155 5217/1164 1896/1167 95/1156
f 566/1162 2562/1168 5218/1169 2561/1165
f 2562/1168 310/1170 1948/1171 5218/1169
f 5218/1169 1948/1171 94/1172 1895/1173
f 2561/1165 5218/1169 1895/1173 284/1166
f 230/409 1789/407 5219/1174 2563/1161
f 1789/407 57/369 1947/1175 5219/1174
f 5219/1174 1947/1175 310/1170 2562/1168
f 2563/1161 5219/1174 2562/1168 566/1162
f 57/369 1780/367 5220/1176 1947/1175
f 1780/367 225/353 2567/1177 5220/1176
f 5220/1176 2567/1177 567/1178 2564/1179
f 1947/1175 5220/1176 2564/1179 310/1170
f 310/1170 2564/1179 5221/1180 1948/1171
f 2564/1179 567/1178 2565/1181 5221/1180
f 5221/1180 2565/1181 283/1182 1894/1183
f 1948/1171 5221/1180 1894/1183 94/1172
f 567/1178 2566/1184 5222/1185 2565/1181
f 2566/1184 311/1186 1950/1187 5222/1185
f 5222/1185 1950/1187 93/1188 1893/1189
f 2565/1181 5222/1185 1893/1189 283/1182
f 225/353 1779/351 5223/1190 2567/1177
f 1779/351 54/304 1949/1191 5223/1190
f 5223/1190 1949/1191 311/1186 2566/1184
f 2567/1177 5223/1190 2566/1184 567/1178
f 54/304 1770/302 5224/1192 1949/1191
f 1770/302 220/285 2571/1193 5224/1192
f 5224/1192 2571/1193 568/1194 2568/1195
f 1949/1191 5224/1192 2568/1195 311/1186
f 311/1186 2568/1195 5225/1196 1950/1187
f 2568/1195 568/1194 2569/1197 5225/1196
f 5225/1196 2569/1197 282/1198 1892/1199
f 1950/1187 5225/1196 1892/1199 93/1188
f 568/1194 2570/1200 5226/1201 2569/1197
f 2570/1200 298/949 1924/946 5226/1201
f 5226/1201 1924/946 92/945 1891/1202
f 2569/1197 5226/1201 1891/1202 282/1198
f 220/285 1769/282 5227/1203 2571/1193
f 1769/282 51/281 1923/965 5227/1203
f 5227/1203 1923/965 298/949 2570/1200
f 2571/1193 5227/1203 2570/1200 568/1194
f 94/1172 1997/1204 5228/1205 1895/1173
f 1997/1204 335/1206 2575/1207 5228/1205
f 5228/1205 2575/1207 569/1208 2572/1209
f 1895/1173 5228/1205 2572/1209 284/1166
f 284/1166 2572/1209 5229/1210 1896/1167
f 2572/1209 569/1208 2573/1211 5229/1210
f 5229/1210 2573/1211 329/1212 1986/1213
f 1896/1167 5229/1210 1986/1213 95/1156
f 569/1208 2574/1214 5230/1215 2573/1211
f 2574/1214 337/1216 2002/1217 5230/1215
f 5230/1215 2002/1217 119/1218 1985/1219
f 2573/1211 5230/1215 1985/1219 329/1212
f 335/1206 1998/1220 5231/1221 2575/1207
f 1998/1220 118/1222 2001/1223 5231/1221
f 5231/1221 2001/1223 337/1216 2574/1214
f 2575/1207 5231/1221 2574/1214 569/1208
f 107/230 1966/229 5232/1224 1952/1225
f 1966/229 319/228 2579/1226 5232/1224
f 5232/1224 2579/1226 570/1227 2576/1228
f 1952/1225 5232/1224 2576/1228 312/1229
f 312/1229 2576/1228 5233/1230 1951/1231
f 2576/1228 570/1227 2577/1232 5233/1230
f 5233/1230 2577/1232 215/289 1760/291
f 1951/1231 5233/1230 1760/291 52/295
f 570/1227 2578/1233 5234/1234 2577/1232
f 2578/1233 214/962 1758/967 5234/1234
f 5234/1234 1758/967 51/281 1759/284
f 2577/1232 5234/1234 1759/284 215/289
f 319/228 1965/235 5235/1235 2579/1226
f 1965/235 113/234 1757/963 5235/1235
f 5235/1235 1757/963 214/962 2578/1233
f 2579/1226 5235/1235 2578/1233 570/1227
f 109/959 1967/958 5236/1236 1956/1237
f 1967/958 320/957 2583/1238 5236/1236
f 5236/1236 2583/1238 571/1239 2580/1240
f 1956/1237 5236/1236 2580/1240 314/1241
f 314/1241 2580/1240 5237/1242 1955/1243
f 2580/1240 571/1239 2581/1244 5237/1242
f 5237/1242 2581/1244 278/1245 1883/1246
f 1955/1243 5237/1242 1883/1246 91/1247
f 571/1239 2582/1248 5238/1249 2581/1244
f 2582/1248 318/215 1963/212 5238/1249
f 5238/1249 1963/212 48/211 1884/1250
f 2581/1244 5238/1249 1884/1250 278/1245
f 320/957 1968/964 5239/1251 2583/1238
f 1968/964 113/234 1964/232 5239/1251
f 5239/1251 1964/232 318/215 2582/1248
f 2583/1238 5239/1251 2582/1248 571/1239
f 108/252 1970/251 5240/1252 1954/1253
f 1970/251 321/250 2587/1254 5240/1252
f 5240/1252 2587/1254 572/1255 2584/1256
f 1954/1253 5240/1252 2584/1256 313/1257
f 313/1257 2584/1256 5241/1258 1953/1259
f 2584/1256 572/1255 2585/1260 5241/1258
f 5241/1258 2585/1260 218/311 1766/313
f 1953/1259 5241/1258 1766/313 53/317
f 572/1255 2586/1261 5242/1262 2585/1260
f 2586/1261 312/1229 1951/1231 5242/1262
f 5242/1262 1951/1231 52/295 1765/307
f 2585/1260 5242/1262 1765/307 218/311
f 321/250 1969/255 5243/1263 2587/1254
f 1969/255 107/230 1952/1225 5243/1263
f 5243/1263 1952/1225 312/1229 2586/1261
f 2587/1254 5243/1263 2586/1261 572/1255
f 110/979 1972/978 5244/1264 1959/1265
f 1972/978 322/977 2591/1266 5244/1264
f 5244/1264 2591/1266 573/1267 2588/1268
f 1959/1265 5244/1264 2588/1268 316/1269
f 316/1269 2588/1268 5245/1270 1960/1271
f 2588/1268 573/1267 2589/1272 5245/1270
f 5245/1270 2589/1272 323/1273 1974/1274
f 1960/1271 5245/1270 1974/1274 111/1275
f 573/1267 2590/1276 5246/1277 2589/1272
f 2590/1276 294/1006 1915/1013 5246/1277
f 5246/1277 1915/1013 104/1012 1973/1278
f 2589/1272 5246/1277 1973/1278 323/1273
f 322/977 1971/985 5247/1279 2591/1266
f 1971/985 105/984 1916/1007 5247/1279
f 5247/1279 1916/1007 294/1006 2590/1276
f 2591/1266 5247/1279 2590/1276 573/1267
f 111/1275 1974/1274 5248/1280 1961/1281
f 1974/1274 323/1273 2595/1282 5248/1280
f 5248/1280 2595/1282 574/1283 2592/1284
f 1961/1281 5248/1280 2592/1284 317/1285
f 317/1285 2592/1284 5249/1286 1962/1287
f 2592/1284 574/1283 2593/1288 5249/1286
f 5249/1286 2593/1288 324/1289 1976/1290
f 1962/1287 5249/1286 1976/1290 112/1291
f 574/1283 2594/1292 5250/1293 2593/1288
f 2594/1292 293/1022 1913/1029 5250/1293
f 5250/1293 1913/1029 103/1028 1975/1294
f 2593/1288 5250/1293 1975/1294 324/1289
f 323/1273 1973/1278 5251/1295 2595/1282
f 1973/1278 104/1012 1914/1023 5251/1295
f 5251/1295 1914/1023 293/1022 2594/1292
f 2595/1282 5251/1295 2594/1292 574/1283
f 114/1296 2010/1297 5252/1298 1887/1299
f 2010/1297 341/1300 2599/1301 5252/1298
f 5252/1298 2599/1301 575/1302 2596/1303
f 1887/1299 5252/1298 2596/1303 280/1304
f 280/1304 2596/1303 5253/1305 1888/1306
f 2596/1303 575/1302 2597/1307 5253/1305
f 5253/1305 2597/1307 314/1241 1955/1243
f 1888/1306 5253/1305 1955/1243 91/1247
f 575/1302 2598/1308 5254/1309 2597/1307
f 2598/1308 326/1310 1980/1311 5254/1309
f 5254/1309 1980/1311 109/959 1956/1237
f 2597/1307 5254/1309 1956/1237 314/1241
f 341/1300 2009/1312 5255/1313 2599/1301
f 2009/1312 116/1314 1979/1315 5255/1313
f 5255/1313 1979/1315 326/1310 2598/1308
f 2599/1301 5255/1313 2598/1308 575/1302
f 116/1314 1994/1316 5256/1317 2007/1318
f 1994/1316 333/1319 2603/1320 5256/1317
f 5256/1317 2603/1320 576/1321 2600/1322
f 2007/1318 5256/1317 2600/1322 340/1323
f 340/1323 2600/1322 5257/1324 2008/1325
f 2600/1322 576/1321 2601/1326 5257/1324
f 5257/1324 2601/1326 332/1327 1992/1328
f 2008/1325 5257/1324 1992/1328 115/1329
f 576/1321 2602/1330 5258/1331 2601/1326
f 2602/1330 292/1038 1911/1045 5258/1331
f 5258/1331 1911/1045 102/1044 1991/1332
f 2601/1326 5258/1331 1991/1332 332/1327
f 333/1319 1993/1333 5259/1334 2603/1320
f 1993/1333 103/1028 1912/1039 5259/1334
f 5259/1334 1912/1039 292/1038 2602/1330
f 2603/1320 5259/1334 2602/1330 576/1321
f 115/1329 1992/1328 5260/1335 2005/1336
f 1992/1328 332/1327 2607/1337 5260/1335
f 5260/1335 2607/1337 577/1338 2604/1339
f 2005/1336 5260/1335 2604/1339 339/1340
f 339/1340 2604/1339 5261/1341 2006/1342
f 2604/1339 577/1338 2605/1343 5261/1341
f 5261/1341 2605/1343 334/1344 1996/1345
f 2006/1342 5261/1341 1996/1345 117/1346
f 577/1338 2606/1347 5262/1348 2605/1343
f 2606/1347 291/1054 1909/1061 5262/1348
f 5262/1348 1909/1061 101/1060 1995/1349
f 2605/1343 5262/1348 1995/1349 334/1344
f 332/1327 1991/1332 5263/1350 2607/1337
f 1991/1332 102/1044 1910/1055 5263/1350
f 5263/1350 1910/1055 291/1054 2606/1347
f 2607/1337 5263/1350 2606/1347 577/1338
f 117/1346 1996/1345 5264/1351 2003/1352
f 1996/1345 334/1344 2611/1353 5264/1351
f 5264/1351 2611/1353 578/1354 2608/1355
f 2003/1352 5264/1351 2608/1355 338/1356
f 338/1356 2608/1355 5265/1357 2004/1358
f 2608/1355 578/1354 2609/1359 5265/1357
f 5265/1357 2609/1359 328/1360 1983/1361
f 2004/1358 5265/1357 1983/1361 118/1222
f 578/1354 2610/1362 5266/1363 2609/1359
f 2610/1362 290/1070 1907/1077 5266/1363
f 5266/1363 1907/1077 100/1076 1984/1364
f 2609/1359 5266/1363 1984/1364 328/1360
f 334/1344 1995/1349 5267/1365 2611/1353
f 1995/1349 101/1060 1908/1071 5267/1365
f 5267/1365 1908/1071 290/1070 2610/1362
f 2611/1353 5267/1365 2610/1362 578/1354
f 118/1222 1983/1361 5268/1366 2001/1223
f 1983/1361 328/1360 2615/1367 5268/1366
f 5268/1366 2615/1367 579/1368 2612/1369
f 2001/1223 5268/1366 2612/1369 337/1216
f 337/1216 2612/1369 5269/1370 2002/1217
f 2612/1369 579/1368 2613/1371 5269/1370
f 5269/1370 2613/1371 336/1372 2000/1373
f 2002/1217 5269/1370 2000/1373 119/1218
f 579/1368 2614/1374 5270/1375 2613/1371
f 2614/1374 289/1086 1905/1093 5270/1375
f 5270/1375 1905/1093 99/1092 1999/1376
f 2613/1371 5270/1375 1999/1376 336/1372
f 328/1360 1984/1364 5271/1377 2615/1367
f 1984/1364 100/1076 1906/1087 5271/1377
f 5271/1377 1906/1087 289/1086 2614/1374
f 2615/1367 5271/1377 2614/1374 579/1368
f 119/1218 2000/1373 5272/1378 2011/1379
f 2000/1373 336/1372 2619/1380 5272/1378
f 5272/1378 2619/1380 580/1381 2616/1382
f 2011/1379 5272/1378 2616/1382 342/1383
f 342/1383 2616/1382 5273/1384 2012/1385
f 2616/1382 580/1381 2617/1386 5273/1384
f 5273/1384 2617/1386 287/1118 1901/1125
f 2012/1385 5273/1384 1901/1125 97/1124
f 580/1381 2618/1387 5274/1388 2617/1386
f 2618/1387 288/1102 1903/1109 5274/1388
f 5274/1388 1903/1109 98/1108 1902/1119
f 2617/1386 5274/1388 1902/1119 287/1118
f 336/1372 1999/1376 5275/1389 2619/1380
f 1999/1376 99/1092 1904/1103 5275/1389
f 5275/1389 1904/1103 288/1102 2618/1387
f 2619/1380 5275/1389 2618/1387 580/1381
f 7/275 1988/274 5276/1390 1703/1391
f 1988/274 330/273 2623/1392 5276/1390
f 5276/1390 2623/1392 581/1393 2620/1394
f 1703/1391 5276/1390 2620/1394 35/1395
f 35/1395 2620/1394 5277/1396 4323/1397
f 2620/1394 581/1393 2621/1398 5277/1396
f 5277/1396 2621/1398 490/334 4338/336
f 4323/1397 5277/1396 4338/336 716/340
f 581/1393 2622/1399 5278/1400 2621/1398
f 2622/1399 313/1401 1953/1402 5278/1400
f 5278/1400 1953/1402 53/326 2302/329
f 2621/1398 5278/1400 2302/329 490/334
f 330/273 1987/280 5279/1403 2623/1392
f 1987/280 108/279 1954/1404 5279/1403
f 5279/1403 1954/1404 313/1401 2622/1399
f 2623/1392 5279/1403 2622/1399 581/1393
f 93/1188 1982/1405 5280/1406 1893/1189
f 1982/1405 327/1407 2627/1408 5280/1406
f 5280/1406 2627/1408 582/1409 2624/1410
f 1893/1189 5280/1406 2624/1410 283/1182
f 283/1182 2624/1410 5281/1411 1894/1183
f 2624/1410 582/1409 2625/1412 5281/1411
f 5281/1411 2625/1412 335/1206 1997/1204
f 1894/1183 5281/1411 1997/1204 94/1172
f 582/1409 2626/1413 5282/1414 2625/1412
f 2626/1413 338/1356 2004/1358 5282/1414
f 5282/1414 2004/1358 118/1222 1998/1220
f 2625/1412 5282/1414 1998/1220 335/1206
f 327/1407 1981/1415 5283/1416 2627/1408
f 1981/1415 117/1346 2003/1352 5283/1416
f 5283/1416 2003/1352 338/1356 2626/1413
f 2627/1408 5283/1416 2626/1413 582/1409
f 92/945 1978/1417 5284/1418 1891/1202
f 1978/1417 325/1419 2631/1420 5284/1418
f 5284/1418 2631/1420 583/1421 2628/1422
f 1891/1202 5284/1418 2628/1422 282/1198
f 282/1198 2628/1422 5285/1423 1892/1199
f 2628/1422 583/1421 2629/1424 5285/1423
f 5285/1423 2629/1424 327/1407 1982/1405
f 1892/1199 5285/1423 1982/1405 93/1188
f 583/1421 2630/1425 5286/1426 2629/1424
f 2630/1425 339/1340 2006/1342 5286/1426
f 5286/1426 2006/1342 117/1346 1981/1415
f 2629/1424 5286/1426 1981/1415 327/1407
f 325/1419 1977/1427 5287/1428 2631/1420
f 1977/1427 115/1329 2005/1336 5287/1428
f 5287/1428 2005/1336 339/1340 2630/1425
f 2631/1420 5287/1428 2630/1425 583/1421
f 109/959 1980/1311 5288/1429 1889/955
f 1980/1311 326/1310 2635/1430 5288/1429
f 5288/1429 2635/1430 584/1431 2632/1432
f 1889/955 5288/1429 2632/1432 281/953
f 281/953 2632/1432 5289/1433 1890/948
f 2632/1432 584/1431 2633/1434 5289/1433
f 5289/1433 2633/1434 325/1419 1978/1417
f 1890/948 5289/1433 1978/1417 92/945
f 584/1431 2634/1435 5290/1436 2633/1434
f 2634/1435 340/1323 2008/1325 5290/1436
f 5290/1436 2008/1325 115/1329 1977/1427
f 2633/1434 5290/1436 1977/1427 325/1419
f 326/1310 1979/1315 5291/1437 2635/1430
f 1979/1315 116/1314 2007/1318 5291/1437
f 5291/1437 2007/1318 340/1323 2634/1435
f 2635/1430 5291/1437 2634/1435 584/1431
f 112/1291 1976/1290 5292/1438 1989/1439
f 1976/1290 324/1289 2639/1440 5292/1438
f 5292/1438 2639/1440 585/1441 2636/1442
f 1989/1439 5292/1438 2636/1442 331/1443
f 331/1443 2636/1442 5293/1444 1990/1445
f 2636/1442 585/1441 2637/1446 5293/1444
f 5293/1444 2637/1446 341/1300 2010/1297
f 1990/1445 5293/1444 2010/1297 114/1296
f 585/1441 2638/1447 5294/1448 2637/1446
f 2638/1447 333/1319 1994/1316 5294/1448
f 5294/1448 1994/1316 116/1314 2009/1312
f 2637/1446 5294/1448 2009/1312 341/1300
f 324/1289 1975/1294 5295/1449 2639/1440
f 1975/1294 103/1028 1993/1333 5295/1449
f 5295/1449 1993/1333 333/1319 2638/1447
f 2639/1440 5295/1449 2638/1447 585/1441
f 95/1156 1986/1213 5296/1450 1897/1157
f 1986/1213 329/1212 2643/1451 5296/1450
f 5296/1450 2643/1451 586/1452 2640/1453
f 1897/1157 5296/1450 2640/1453 285/1150
f 285/1150 2640/1453 5297/1454 1898/1151
f 2640/1453 586/1452 2641/1455 5297/1454
f 5297/1454 2641/1455 286/1134 1899/1141
f 1898/1151 5297/1454 1899/1141 96/1140
f 586/1452 2642/1456 5298/1457 2641/1455
f 2642/1456 342/1383 2012/1385 5298/1457
f 5298/1457 2012/1385 97/1124 1900/1135
f 2641/1455 5298/1457 1900/1135 286/1134
f 329/1212 1985/1219 5299/1458 2643/1451
f 1985/1219 119/1218 2011/1379 5299/1458
f 5299/1458 2011/1379 342/1383 2642/1456
f 2643/1451 5299/1458 2642/1456 586/1452
f 156/1459 2014/1460 5300/1461 2015/1462
f 2014/1460 343/1463 2647/1464 5300/1461
f 5300/1461 2647/1464 587/1465 2644/1466
f 2015/1462 5300/1461 2644/1466 344/1467
f 344/1467 2644/1466 5301/1468 2016/1469
f 2644/1466 587/1465 2645/1470 5301/1468
f 5301/1468 2645/1470 345/1471 2017/1472
f 2016/1469 5301/1468 2017/1472 120/1473
f 587/1465 2646/1474 5302/1475 2645/1470
f 2646/1474 346/1476 2019/1477 5302/1475
f 5302/1475 2019/1477 121/1478 2018/1479
f 2645/1470 5302/1475 2018/1479 345/1471
f 343/1463 2013/1480 5303/1481 2647/1464
f 2013/1480 158/1482 2020/1483 5303/1481
f 5303/1481 2020/1483 346/1476 2646/1474
f 2647/1464 5303/1481 2646/1474 587/1465
f 158/1482 2022/1484 5304/1485 2020/1483
f 2022/1484 347/1486 2651/1487 5304/1485
f 5304/1485 2651/1487 588/1488 2648/1489
f 2020/1483 5304/1485 2648/1489 346/1476
f 346/1476 2648/1489 5305/1490 2019/1477
f 2648/1489 588/1488 2649/1491 5305/1490
f 5305/1490 2649/1491 348/1492 2023/1493
f 2019/1477 5305/1490 2023/1493 121/1478
f 588/1488 2650/1494 5306/1495 2649/1491
f 2650/1494 349/1496 2025/1497 5306/1495
f 5306/1495 2025/1497 122/1498 2024/1499
f 2649/1491 5306/1495 2024/1499 348/1492
f 347/1486 2021/1500 5307/1501 2651/1487
f 2021/1500 157/1502 2026/1503 5307/1501
f 5307/1501 2026/1503 349/1496 2650/1494
f 2651/1487 5307/1501 2650/1494 588/1488
f 157/1504 2309/1505 5308/1506 2026/1507
f 2309/1505 496/1508 2654/1509 5308/1506
f 5308/1506 2654/1509 589/1510 2652/1511
f 2026/1507 5308/1506 2652/1511 349/1512
f 349/1512 2652/1511 5309/1513 2025/1514
f 2652/1511 589/1510 2653/1515 5309/1513
f 5309/1513 2653/1515 350/1516 2027/1517
f 2025/1514 5309/1513 2027/1517 122/1518
f 589/1510 4356/1519 5310/1520 2653/1515
f 4356/1519 980/1521 4324/1522 5310/1520
f 5310/1520 4324/1522 8/1523 2028/1524
f 2653/1515 5310/1520 2028/1524 350/1516
f 496/1508 2308/1525 5311/1526 2654/1509
f 2308/1525 13/1527 4325/1528 5311/1526
f 5311/1526 4325/1528 980/1521 4356/1519
f 2654/1509 5311/1526 4356/1519 589/1510
f 141/1529 2030/1530 5312/1531 2031/1532
f 2030/1530 351/1533 2658/1534 5312/1531
f 5312/1531 2658/1534 590/1535 2655/1536
f 2031/1532 5312/1531 2655/1536 352/1537
f 352/1537 2655/1536 5313/1538 2032/1539
f 2655/1536 590/1535 2656/1540 5313/1538
f 5313/1538 2656/1540 353/1541 2033/1542
f 2032/1539 5313/1538 2033/1542 123/1543
f 590/1535 2657/1544 5314/1545 2656/1540
f 2657/1544 354/1546 2035/1547 5314/1545
f 5314/1545 2035/1547 124/1548 2034/1549
f 2656/1540 5314/1545 2034/1549 353/1541
f 351/1533 2029/1550 5315/1551 2658/1534
f 2029/1550 143/1552 2036/1553 5315/1551
f 5315/1551 2036/1553 354/1546 2657/1544
f 2658/1534 5315/1551 2657/1544 590/1535
f 143/1552 2038/1554 5316/1555 2036/1553
f 2038/1554 355/1556 2662/1557 5316/1555
f 5316/1555 2662/1557 591/1558 2659/1559
f 2036/1553 5316/1555 2659/1559 354/1546
f 354/1546 2659/1559 5317/1560 2035/1547
f 2659/1559 591/1558 2660/1561 5317/1560
f 5317/1560 2660/1561 356/1562 2039/1563
f 2035/1547 5317/1560 2039/1563 124/1548
f 591/1558 2661/1564 5318/1565 2660/1561
f 2661/1564 357/1566 2041/1567 5318/1565
f 5318/1565 2041/1567 125/1568 2040/1569
f 2660/1561 5318/1565 2040/1569 356/1562
f 355/1556 2037/1570 5319/1571 2662/1557
f 2037/1570 142/1572 2042/1573 5319/1571
f 5319/1571 2042/1573 357/1566 2661/1564
f 2662/1557 5319/1571 2661/1564 591/1558
f 142/1574 2043/1575 5320/1576 2042/1577
f 2043/1575 358/1578 2666/1579 5320/1576
f 5320/1576 2666/1579 592/1580 2663/1581
f 2042/1577 5320/1576 2663/1581 357/1582
f 357/1582 2663/1581 5321/1583 2041/1584
f 2663/1581 592/1580 2664/1585 5321/1583
f 5321/1583 2664/1585 359/1586 2044/1587
f 2041/1584 5321/1583 2044/1587 125/1588
f 592/1580 2665/1589 5322/1590 2664/1585
f 2665/1589 22/1591 1686/1592 5322/1590
f 5322/1590 1686/1592 9/1593 2045/1594
f 2664/1585 5322/1590 2045/1594 359/1586
f 358/1578 4334/1595 5323/1596 2666/1579
f 4334/1595 749/1597 4311/1598 5323/1596
f 5323/1596 4311/1598 22/1591 2665/1589
f 2666/1579 5323/1596 2665/1589 592/1580
f 162/1599 2047/1600 5324/1601 2048/1602
f 2047/1600 360/1603 2670/1604 5324/1601
f 5324/1601 2670/1604 593/1605 2667/1606
f 2048/1602 5324/1601 2667/1606 361/1607
f 361/1607 2667/1606 5325/1608 2049/1609
f 2667/1606 593/1605 2668/1610 5325/1608
f 5325/1608 2668/1610 208/158 1745/165
f 2049/1609 5325/1608 1745/165 45/164
f 593/1605 2669/1611 5326/1612 2668/1610
f 2669/1611 362/1613 2050/1614 5326/1612
f 5326/1612 2050/1614 46/160 1746/159
f 2668/1610 5326/1612 1746/159 208/158
f 360/1603 2046/1615 5327/1616 2670/1604
f 2046/1615 164/1617 2051/1618 5327/1616
f 5327/1616 2051/1618 362/1613 2669/1611
f 2670/1604 5327/1616 2669/1611 593/1605
f 164/1617 2053/1619 5328/1620 2051/1618
f 2053/1619 363/1621 2674/1622 5328/1620
f 5328/1620 2674/1622 594/1623 2671/1624
f 2051/1618 5328/1620 2671/1624 362/1613
f 362/1613 2671/1624 5329/1625 2050/1614
f 2671/1624 594/1623 2672/1626 5329/1625
f 5329/1625 2672/1626 211/180 1751/185
f 2050/1614 5329/1625 1751/185 46/160
f 594/1623 2673/1627 5330/1628 2672/1626
f 2673/1627 364/1629 2054/1630 5330/1628
f 5330/1628 2054/1630 47/182 1752/181
f 2672/1626 5330/1628 1752/181 211/180
f 363/1621 2052/1631 5331/1632 2674/1622
f 2052/1631 163/1633 2055/1634 5331/1632
f 5331/1632 2055/1634 364/1629 2673/1627
f 2674/1622 5331/1632 2673/1627 594/1623
f 163/1635 2311/1636 5332/1637 2055/1638
f 2311/1636 497/1639 2678/1640 5332/1637
f 5332/1637 2678/1640 595/1641 2675/1642
f 2055/1638 5332/1637 2675/1642 364/1643
f 364/1643 2675/1642 5333/1644 2054/1645
f 2675/1642 595/1641 2676/1646 5333/1644
f 5333/1644 2676/1646 488/1647 2299/1648
f 2054/1645 5333/1644 2299/1648 47/1649
f 595/1641 2677/1650 5334/1651 2676/1646
f 2677/1650 26/1652 4314/1653 5334/1651
f 5334/1651 4314/1653 715/1654 4337/1655
f 2676/1646 5334/1651 4337/1655 488/1647
f 497/1639 2310/1656 5335/1657 2678/1640
f 2310/1656 14/1658 1691/1659 5335/1657
f 5335/1657 1691/1659 26/1652 2677/1650
f 2678/1640 5335/1657 2677/1650 595/1641
f 48/211 1756/214 5336/1660 2249/1661
f 1756/214 213/219 2682/1662 5336/1660
f 5336/1660 2682/1662 596/1663 2679/1664
f 2249/1661 5336/1660 2679/1664 462/1665
f 462/1665 2679/1664 5337/1666 2250/1667
f 2679/1664 596/1663 2680/1668 5337/1666
f 5337/1666 2680/1668 463/1669 2251/1670
f 2250/1667 5337/1666 2251/1670 183/1671
f 596/1663 2681/1672 5338/1673 2680/1668
f 2681/1672 367/1674 2060/1675 5338/1673
f 5338/1673 2060/1675 180/1676 2252/1677
f 2680/1668 5338/1673 2252/1677 463/1669
f 213/219 1755/221 5339/1678 2682/1662
f 1755/221 50/225 2061/1679 5339/1678
f 5339/1678 2061/1679 367/1674 2681/1672
f 2682/1662 5339/1678 2681/1672 596/1663
f 50/225 1764/237 5340/1680 2061/1679
f 1764/237 217/241 2686/1681 5340/1680
f 5340/1680 2686/1681 597/1682 2683/1683
f 2061/1679 5340/1680 2683/1683 367/1674
f 367/1674 2683/1683 5341/1684 2060/1675
f 2683/1683 597/1682 2684/1685 5341/1684
f 5341/1684 2684/1685 465/1686 2255/1687
f 2060/1675 5341/1684 2255/1687 180/1676
f 597/1682 2685/1688 5342/1689 2684/1685
f 2685/1688 369/1690 2064/1691 5342/1689
f 5342/1689 2064/1691 181/1692 2256/1693
f 2684/1685 5342/1689 2256/1693 465/1686
f 217/241 1763/243 5343/1694 2686/1681
f 1763/243 49/247 2065/1695 5343/1694
f 5343/1694 2065/1695 369/1690 2685/1688
f 2686/1681 5343/1694 2685/1688 597/1682
f 49/1696 2301/1697 5344/1698 2065/1699
f 2301/1697 489/1700 2689/1701 5344/1698
f 5344/1698 2689/1701 598/1702 2687/1703
f 2065/1699 5344/1698 2687/1703 369/1704
f 369/1704 2687/1703 5345/1705 2064/1706
f 2687/1703 598/1702 2688/1707 5345/1705
f 5345/1705 2688/1707 474/1708 2273/1709
f 2064/1706 5345/1705 2273/1709 181/1710
f 598/1702 4357/1711 5346/1712 2688/1707
f 4357/1711 982/1713 4330/1714 5346/1712
f 5346/1712 4330/1714 38/1715 2971/1716
f 2688/1707 5346/1712 2971/1716 474/1708
f 489/1700 2300/1717 5347/1718 2689/1701
f 2300/1717 6/1719 4326/1720 5347/1718
f 5347/1718 4326/1720 982/1713 4357/1711
f 2689/1701 5347/1718 4357/1711 598/1702
f 126/1721 2058/1722 5348/1723 2068/1724
f 2058/1722 366/1725 2693/1726 5348/1723
f 5348/1723 2693/1726 599/1727 2690/1728
f 2068/1724 5348/1723 2690/1728 371/1729
f 371/1729 2690/1728 5349/1730 2069/1731
f 2690/1728 599/1727 2691/1732 5349/1730
f 5349/1730 2691/1732 372/1733 2070/1734
f 2069/1731 5349/1730 2070/1734 129/1735
f 599/1727 2692/1736 5350/1737 2691/1732
f 2692/1736 373/1738 2072/1739 5350/1737
f 5350/1737 2072/1739 130/1740 2071/1741
f 2691/1732 5350/1737 2071/1741 372/1733
f 366/1725 2059/1742 5351/1743 2693/1726
f 2059/1742 127/1744 2073/1745 5351/1743
f 5351/1743 2073/1745 373/1738 2692/1736
f 2693/1726 5351/1743 2692/1736 599/1727
f 127/1744 2062/1746 5352/1747 2073/1745
f 2062/1746 368/1748 2697/1749 5352/1747
f 5352/1747 2697/1749 600/1750 2694/1751
f 2073/1745 5352/1747 2694/1751 373/1738
f 373/1738 2694/1751 5353/1752 2072/1739
f 2694/1751 600/1750 2695/1753 5353/1752
f 5353/1752 2695/1753 374/1754 2074/1755
f 2072/1739 5353/1752 2074/1755 130/1740
f 600/1750 2696/1756 5354/1757 2695/1753
f 2696/1756 375/1758 2076/1759 5354/1757
f 5354/1757 2076/1759 131/1760 2075/1761
f 2695/1753 5354/1757 2075/1761 374/1754
f 368/1748 2063/1762 5355/1763 2697/1749
f 2063/1762 128/1764 2077/1765 5355/1763
f 5355/1763 2077/1765 375/1758 2696/1756
f 2697/1749 5355/1763 2696/1756 600/1750
f 128/1766 2066/1767 5356/1768 2077/1769
f 2066/1767 370/1770 2700/1771 5356/1768
f 5356/1768 2700/1771 601/1772 2698/1773
f 2077/1769 5356/1768 2698/1773 375/1774
f 375/1774 2698/1773 5357/1775 2076/1776
f 2698/1773 601/1772 2699/1777 5357/1775
f 5357/1775 2699/1777 498/1778 2312/1779
f 2076/1776 5357/1775 2312/1779 131/1780
f 601/1772 4358/1781 5358/1782 2699/1777
f 4358/1781 984/1783 3405/1784 5358/1782
f 5358/1782 3405/1784 765/1785 4344/1786
f 2699/1777 5358/1782 4344/1786 498/1778
f 370/1770 2067/1787 5359/1788 2700/1771
f 2067/1787 10/1789 4327/1790 5359/1788
f 5359/1788 4327/1790 984/1783 4358/1781
f 2700/1771 5359/1788 4358/1781 601/1772
f 129/1735 2070/1734 5360/1791 2078/1792
f 2070/1734 372/1733 2704/1793 5360/1791
f 5360/1791 2704/1793 602/1794 2701/1795
f 2078/1792 5360/1791 2701/1795 376/1796
f 376/1796 2701/1795 5361/1797 2079/1798
f 2701/1795 602/1794 2702/1799 5361/1797
f 5361/1797 2702/1799 377/1800 2080/1801
f 2079/1798 5361/1797 2080/1801 132/1802
f 602/1794 2703/1803 5362/1804 2702/1799
f 2703/1803 378/1805 2082/1806 5362/1804
f 5362/1804 2082/1806 133/1807 2081/1808
f 2702/1799 5362/1804 2081/1808 377/1800
f 372/1733 2071/1741 5363/1809 2704/1793
f 2071/1741 130/1740 2083/1810 5363/1809
f 5363/1809 2083/1810 378/1805 2703/1803
f 2704/1793 5363/1809 2703/1803 602/1794
f 130/1740 2074/1755 5364/1811 2083/1810
f 2074/1755 374/1754 2708/1812 5364/1811
f 5364/1811 2708/1812 603/1813 2705/1814
f 2083/1810 5364/1811 2705/1814 378/1805
f 378/1805 2705/1814 5365/1815 2082/1806
f 2705/1814 603/1813 2706/1816 5365/1815
f 5365/1815 2706/1816 379/1817 2084/1818
f 2082/1806 5365/1815 2084/1818 133/1807
f 603/1813 2707/1819 5366/1820 2706/1816
f 2707/1819 380/1821 2086/1822 5366/1820
f 5366/1820 2086/1822 134/1823 2085/1824
f 2706/1816 5366/1820 2085/1824 379/1817
f 374/1754 2075/1761 5367/1825 2708/1812
f 2075/1761 131/1760 2087/1826 5367/1825
f 5367/1825 2087/1826 380/1821 2707/1819
f 2708/1812 5367/1825 2707/1819 603/1813
f 131/1780 2312/1779 5368/1827 2087/1828
f 2312/1779 498/1778 2712/1829 5368/1827
f 5368/1827 2712/1829 604/1830 2709/1831
f 2087/1828 5368/1827 2709/1831 380/1832
f 380/1832 2709/1831 5369/1833 2086/1834
f 2709/1831 604/1830 2710/1835 5369/1833
f 5369/1833 2710/1835 499/1836 2313/1837
f 2086/1834 5369/1833 2313/1837 134/1838
f 604/1830 2711/1839 5370/1840 2710/1835
f 2711/1839 27/1841 1692/1842 5370/1840
f 5370/1840 1692/1842 15/1843 2314/1844
f 2710/1835 5370/1840 2314/1844 499/1836
f 498/1778 4344/1786 5371/1845 2712/1829
f 4344/1786 765/1785 4315/1846 5371/1845
f 5371/1845 4315/1846 27/1841 2711/1839
f 2712/1829 5371/1845 2711/1839 604/1830
f 132/1802 2080/1801 5372/1847 2088/1848
f 2080/1801 377/1800 2716/1849 5372/1847
f 5372/1847 2716/1849 605/1850 2713/1851
f 2088/1848 5372/1847 2713/1851 381/1852
f 381/1852 2713/1851 5373/1853 2089/1854
f 2713/1851 605/1850 2714/1855 5373/1853
f 5373/1853 2714/1855 382/1856 2090/1857
f 2089/1854 5373/1853 2090/1857 135/1858
f 605/1850 2715/1859 5374/1860 2714/1855
f 2715/1859 383/1861 2092/1862 5374/1860
f 5374/1860 2092/1862 136/1863 2091/1864
f 2714/1855 5374/1860 2091/1864 382/1856
f 377/1800 2081/1808 5375/1865 2716/1849
f 2081/1808 133/1807 2093/1866 5375/1865
f 5375/1865 2093/1866 383/1861 2715/1859
f 2716/1849 5375/1865 2715/1859 605/1850
f 133/1807 2084/1818 5376/1867 2093/1866
f 2084/1818 379/1817 2720/1868 5376/1867
f 5376/1867 2720/1868 606/1869 2717/1870
f 2093/1866 5376/1867 2717/1870 383/1861
f 383/1861 2717/1870 5377/1871 2092/1862
f 2717/1870 606/1869 2718/1872 5377/1871
f 5377/1871 2718/1872 384/1873 2094/1874
f 2092/1862 5377/1871 2094/1874 136/1863
f 606/1869 2719/1875 5378/1876 2718/1872
f 2719/1875 385/1877 2096/1878 5378/1876
f 5378/1876 2096/1878 137/1879 2095/1880
f 2718/1872 5378/1876 2095/1880 384/1873
f 379/1817 2085/1824 5379/1881 2720/1868
f 2085/1824 134/1823 2097/1882 5379/1881
f 5379/1881 2097/1882 385/1877 2719/1875
f 2720/1868 5379/1881 2719/1875 606/1869
f 134/1838 2313/1837 5380/1883 2097/1884
f 2313/1837 499/1836 2724/1885 5380/1883
f 5380/1883 2724/1885 607/1886 2721/1887
f 2097/1884 5380/1883 2721/1887 385/1888
f 385/1888 2721/1887 5381/1889 2096/1890
f 2721/1887 607/1886 2722/1891 5381/1889
f 5381/1889 2722/1891 386/1892 2098/1893
f 2096/1890 5381/1889 2098/1893 137/1894
f 607/1886 2723/1895 5382/1896 2722/1891
f 2723/1895 36/1897 1704/1898 5382/1896
f 5382/1896 1704/1898 11/1899 2099/1900
f 2722/1891 5382/1896 2099/1900 386/1892
f 499/1836 2314/1844 5383/1901 2724/1885
f 2314/1844 15/1843 1705/1902 5383/1901
f 5383/1901 1705/1902 36/1897 2723/1895
f 2724/1885 5383/1901 2723/1895 607/1886
f 135/1858 2090/1857 5384/1903 2100/1904
f 2090/1857 382/1856 2728/1905 5384/1903
f 5384/1903 2728/1905 608/1906 2725/1907
f 2100/1904 5384/1903 2725/1907 387/1908
f 387/1908 2725/1907 5385/1909 2101/1910
f 2725/1907 608/1906 2726/1911 5385/1909
f 5385/1909 2726/1911 388/1912 2102/1913
f 2101/1910 5385/1909 2102/1913 138/1914
f 608/1906 2727/1915 5386/1916 2726/1911
f 2727/1915 389/1917 2104/1918 5386/1916
f 5386/1916 2104/1918 139/1919 2103/1920
f 2726/1911 5386/1916 2103/1920 388/1912
f 382/1856 2091/1864 5387/1921 2728/1905
f 2091/1864 136/1863 2105/1922 5387/1921
f 5387/1921 2105/1922 389/1917 2727/1915
f 2728/1905 5387/1921 2727/1915 608/1906
f 136/1863 2094/1874 5388/1923 2105/1922
f 2094/1874 384/1873 2732/1924 5388/1923
f 5388/1923 2732/1924 609/1925 2729/1926
f 2105/1922 5388/1923 2729/1926 389/1917
f 389/1917 2729/1926 5389/1927 2104/1918
f 2729/1926 609/1925 2730/1928 5389/1927
f 5389/1927 2730/1928 390/1929 2106/1930
f 2104/1918 5389/1927 2106/1930 139/1919
f 609/1925 2731/1931 5390/1932 2730/1928
f 2731/1931 391/1933 2108/1934 5390/1932
f 5390/1932 2108/1934 140/1935 2107/1936
f 2730/1928 5390/1932 2107/1936 390/1929
f 384/1873 2095/1880 5391/1937 2732/1924
f 2095/1880 137/1879 2109/1938 5391/1937
f 5391/1937 2109/1938 391/1933 2731/1931
f 2732/1924 5391/1937 2731/1931 609/1925
f 137/1894 2098/1893 5392/1939 2109/1940
f 2098/1893 386/1892 2736/1941 5392/1939
f 5392/1939 2736/1941 610/1942 2733/1943
f 2109/1940 5392/1939 2733/1943 391/1944
f 391/1944 2733/1943 5393/1945 2108/1946
f 2733/1943 610/1942 2734/1947 5393/1945
f 5393/1945 2734/1947 392/1948 2110/1949
f 2108/1946 5393/1945 2110/1949 140/1950
f 610/1942 2735/1951 5394/1952 2734/1947
f 2735/1951 23/1953 1687/1954 5394/1952
f 5394/1952 1687/1954 12/1955 2111/1956
f 2734/1947 5394/1952 2111/1956 392/1948
f 386/1892 2099/1900 5395/1957 2736/1941
f 2099/1900 11/1899 1688/1958 5395/1957
f 5395/1957 1688/1958 23/1953 2735/1951
f 2736/1941 5395/1957 2735/1951 610/1942
f 138/1914 2102/1913 5396/1959 2112/1960
f 2102/1913 388/1912 2740/1961 5396/1959
f 5396/1959 2740/1961 611/1962 2737/1963
f 2112/1960 5396/1959 2737/1963 393/1964
f 393/1964 2737/1963 5397/1965 2113/1966
f 2737/1963 611/1962 2738/1967 5397/1965
f 5397/1965 2738/1967 351/1533 2030/1530
f 2113/1966 5397/1965 2030/1530 141/1529
f 611/1962 2739/1968 5398/1969 2738/1967
f 2739/1968 394/1970 2114/1971 5398/1969
f 5398/1969 2114/1971 143/1552 2029/1550
f 2738/1967 5398/1969 2029/1550 351/1533
f 388/1912 2103/1920 5399/1972 2740/1961
f 2103/1920 139/1919 2115/1973 5399/1972
f 5399/1972 2115/1973 394/1970 2739/1968
f 2740/1961 5399/1972 2739/1968 611/1962
f 139/1919 2106/1930 5400/1974 2115/1973
f 2106/1930 390/1929 2744/1975 5400/1974
f 5400/1974 2744/1975 612/1976 2741/1977
f 2115/1973 5400/1974 2741/1977 394/1970
f 394/1970 2741/1977 5401/1978 2114/1971
f 2741/1977 612/1976 2742/1979 5401/1978
f 5401/1978 2742/1979 355/1556 2038/1554
f 2114/1971 5401/1978 2038/1554 143/1552
f 612/1976 2743/1980 5402/1981 2742/1979
f 2743/1980 395/1982 2116/1983 5402/1981
f 5402/1981 2116/1983 142/1572 2037/1570
f 2742/1979 5402/1981 2037/1570 355/1556
f 390/1929 2107/1936 5403/1984 2744/1975
f 2107/1936 140/1935 2117/1985 5403/1984
f 5403/1984 2117/1985 395/1982 2743/1980
f 2744/1975 5403/1984 2743/1980 612/1976
f 140/1950 2110/1949 5404/1986 2117/1987
f 2110/1949 392/1948 2748/1988 5404/1986
f 5404/1986 2748/1988 613/1989 2745/1990
f 2117/1987 5404/1986 2745/1990 395/1991
f 395/1991 2745/1990 5405/1992 2116/1993
f 2745/1990 613/1989 2746/1994 5405/1992
f 5405/1992 2746/1994 358/1578 2043/1575
f 2116/1993 5405/1992 2043/1575 142/1574
f 613/1989 2747/1995 5406/1996 2746/1994
f 2747/1995 24/1997 4312/1998 5406/1996
f 5406/1996 4312/1998 749/1597 4334/1595
f 2746/1994 5406/1996 4334/1595 358/1578
f 392/1948 2111/1956 5407/1999 2748/1988
f 2111/1956 12/1955 1689/2000 5407/1999
f 5407/1999 1689/2000 24/1997 2747/1995
f 2748/1988 5407/1999 2747/1995 613/1989
f 123/1543 2033/1542 5408/2001 2118/2002
f 2033/1542 353/1541 2752/2003 5408/2001
f 5408/2001 2752/2003 614/2004 2749/2005
f 2118/2002 5408/2001 2749/2005 396/2006
f 396/2006 2749/2005 5409/2007 2119/2008
f 2749/2005 614/2004 2750/2009 5409/2007
f 5409/2007 2750/2009 397/2010 2120/2011
f 2119/2008 5409/2007 2120/2011 144/2012
f 614/2004 2751/2013 5410/2014 2750/2009
f 2751/2013 398/2015 2122/2016 5410/2014
f 5410/2014 2122/2016 145/2017 2121/2018
f 2750/2009 5410/2014 2121/2018 397/2010
f 353/1541 2034/1549 5411/2019 2752/2003
f 2034/1549 124/1548 2123/2020 5411/2019
f 5411/2019 2123/2020 398/2015 2751/2013
f 2752/2003 5411/2019 2751/2013 614/2004
f 124/1548 2039/1563 5412/2021 2123/2020
f 2039/1563 356/1562 2756/2022 5412/2021
f 5412/2021 2756/2022 615/2023 2753/2024
f 2123/2020 5412/2021 2753/2024 398/2015
f 398/2015 2753/2024 5413/2025 2122/2016
f 2753/2024 615/2023 2754/2026 5413/2025
f 5413/2025 2754/2026 399/2027 2124/2028
f 2122/2016 5413/2025 2124/2028 145/2017
f 615/2023 2755/2029 5414/2030 2754/2026
f 2755/2029 400/2031 2126/2032 5414/2030
f 5414/2030 2126/2032 146/2033 2125/2034
f 2754/2026 5414/2030 2125/2034 399/2027
f 356/1562 2040/1569 5415/2035 2756/2022
f 2040/1569 125/1568 2127/2036 5415/2035
f 5415/2035 2127/2036 400/2031 2755/2029
f 2756/2022 5415/2035 2755/2029 615/2023
f 125/1588 2044/1587 5416/2037 2127/2038
f 2044/1587 359/1586 2760/2039 5416/2037
f 5416/2037 2760/2039 616/2040 2757/2041
f 2127/2038 5416/2037 2757/2041 400/2042
f 400/2042 2757/2041 5417/2043 2126/2044
f 2757/2041 616/2040 2758/2045 5417/2043
f 5417/2043 2758/2045 401/2046 2128/2047
f 2126/2044 5417/2043 2128/2047 146/2048
f 616/2040 2759/2049 5418/2050 2758/2045
f 2759/2049 25/2051 4313/2052 5418/2050
f 5418/2050 4313/2052 754/2053 4335/2054
f 2758/2045 5418/2050 4335/2054 401/2046
f 359/1586 2045/1594 5419/2055 2760/2039
f 2045/1594 9/1593 1690/2056 5419/2055
f 5419/2055 1690/2056 25/2051 2759/2049
f 2760/2039 5419/2055 2759/2049 616/2040
f 144/2012 2120/2011 5420/2057 2129/2058
f 2120/2011 397/2010 2764/2059 5420/2057
f 5420/2057 2764/2059 617/2060 2761/2061
f 2129/2058 5420/2057 2761/2061 402/2062
f 402/2062 2761/2061 5421/2063 2130/2064
f 2761/2061 617/2060 2762/2065 5421/2063
f 5421/2063 2762/2065 403/2066 2131/2067
f 2130/2064 5421/2063 2131/2067 147/2068
f 617/2060 2763/2069 5422/2070 2762/2065
f 2763/2069 404/2071 2133/2072 5422/2070
f 5422/2070 2133/2072 148/2073 2132/2074
f 2762/2065 5422/2070 2132/2074 403/2066
f 397/2010 2121/2018 5423/2075 2764/2059
f 2121/2018 145/2017 2134/2076 5423/2075
f 5423/2075 2134/2076 404/2071 2763/2069
f 2764/2059 5423/2075 2763/2069 617/2060
f 145/2017 2124/2028 5424/2077 2134/2076
f 2124/2028 399/2027 2768/2078 5424/2077
f 5424/2077 2768/2078 618/2079 2765/2080
f 2134/2076 5424/2077 2765/2080 404/2071
f 404/2071 2765/2080 5425/2081 2133/2072
f 2765/2080 618/2079 2766/2082 5425/2081
f 5425/2081 2766/2082 405/2083 2135/2084
f 2133/2072 5425/2081 2135/2084 148/2073
f 618/2079 2767/2085 5426/2086 2766/2082
f 2767/2085 406/2087 2137/2088 5426/2086
f 5426/2086 2137/2088 149/2089 2136/2090
f 2766/2082 5426/2086 2136/2090 405/2083
f 399/2027 2125/2034 5427/2091 2768/2078
f 2125/2034 146/2033 2138/2092 5427/2091
f 5427/2091 2138/2092 406/2087 2767/2085
f 2768/2078 5427/2091 2767/2085 618/2079
f 146/2048 2128/2047 5428/2093 2138/2094
f 2128/2047 401/2046 2771/2095 5428/2093
f 5428/2093 2771/2095 619/2096 2769/2097
f 2138/2094 5428/2093 2769/2097 406/2098
f 406/2098 2769/2097 5429/2099 2137/2100
f 2769/2097 619/2096 2770/2101 5429/2099
f 5429/2099 2770/2101 500/2102 2315/2103
f 2137/2100 5429/2099 2315/2103 149/2104
f 619/2096 4359/2105 5430/2106 2770/2101
f 4359/2105 987/2107 4328/2108 5430/2106
f 5430/2106 4328/2108 16/2109 2316/2110
f 2770/2101 5430/2106 2316/2110 500/2102
f 401/2046 4335/2054 5431/2111 2771/2095
f 4335/2054 754/2053 3408/2112 5431/2111
f 5431/2111 3408/2112 987/2107 4359/2105
f 2771/2095 5431/2111 4359/2105 619/2096
f 147/2068 2131/2067 5432/2113 2139/2114
f 2131/2067 403/2066 2775/2115 5432/2113
f 5432/2113 2775/2115 620/2116 2772/2117
f 2139/2114 5432/2113 2772/2117 407/2118
f 407/2118 2772/2117 5433/2119 2140/2120
f 2772/2117 620/2116 2773/2121 5433/2119
f 5433/2119 2773/2121 408/2122 2141/2123
f 2140/2120 5433/2119 2141/2123 150/2124
f 620/2116 2774/2125 5434/2126 2773/2121
f 2774/2125 409/2127 2143/2128 5434/2126
f 5434/2126 2143/2128 151/2129 2142/2130
f 2773/2121 5434/2126 2142/2130 408/2122
f 403/2066 2132/2074 5435/2131 2775/2115
f 2132/2074 148/2073 2144/2132 5435/2131
f 5435/2131 2144/2132 409/2127 2774/2125
f 2775/2115 5435/2131 2774/2125 620/2116
f 148/2073 2135/2084 5436/2133 2144/2132
f 2135/2084 405/2083 2779/2134 5436/2133
f 5436/2133 2779/2134 621/2135 2776/2136
f 2144/2132 5436/2133 2776/2136 409/2127
f 409/2127 2776/2136 5437/2137 2143/2128
f 2776/2136 621/2135 2777/2138 5437/2137
f 5437/2137 2777/2138 410/2139 2145/2140
f 2143/2128 5437/2137 2145/2140 151/2129
f 621/2135 2778/2141 5438/2142 2777/2138
f 2778/2141 411/2143 2147/2144 5438/2142
f 5438/2142 2147/2144 152/2145 2146/2146
f 2777/2138 5438/2142 2146/2146 410/2139
f 405/2083 2136/2090 5439/2147 2779/2134
f 2136/2090 149/2089 2148/2148 5439/2147
f 5439/2147 2148/2148 411/2143 2778/2141
f 2779/2134 5439/2147 2778/2141 621/2135
f 149/2104 2315/2103 5440/2149 2148/2150
f 2315/2103 500/2102 2783/2151 5440/2149
f 5440/2149 2783/2151 622/2152 2780/2153
f 2148/2150 5440/2149 2780/2153 411/2154
f 411/2154 2780/2153 5441/2155 2147/2156
f 2780/2153 622/2152 2781/2157 5441/2155
f 5441/2155 2781/2157 501/2158 2317/2159
f 2147/2156 5441/2155 2317/2159 152/2160
f 622/2152 2782/2161 5442/2162 2781/2157
f 2782/2161 28/2163 1694/2164 5442/2162
f 5442/2162 1694/2164 17/2165 2318/2166
f 2781/2157 5442/2162 2318/2166 501/2158
f 500/2102 2316/2110 5443/2167 2783/2151
f 2316/2110 16/2109 1693/2168 5443/2167
f 5443/2167 1693/2168 28/2163 2782/2161
f 2783/2151 5443/2167 2782/2161 622/2152
f 150/2124 2141/2123 5444/2169 2149/2170
f 2141/2123 408/2122 2787/2171 5444/2169
f 5444/2169 2787/2171 623/2172 2784/2173
f 2149/2170 5444/2169 2784/2173 412/2174
f 412/2174 2784/2173 5445/2175 2150/2176
f 2784/2173 623/2172 2785/2177 5445/2175
f 5445/2175 2785/2177 413/2178 2151/2179
f 2150/2176 5445/2175 2151/2179 153/2180
f 623/2172 2786/2181 5446/2182 2785/2177
f 2786/2181 414/2183 2153/2184 5446/2182
f 5446/2182 2153/2184 154/2185 2152/2186
f 2785/2177 5446/2182 2152/2186 413/2178
f 408/2122 2142/2130 5447/2187 2787/2171
f 2142/2130 151/2129 2154/2188 5447/2187
f 5447/2187 2154/2188 414/2183 2786/2181
f 2787/2171 5447/2187 2786/2181 623/2172
f 151/2129 2145/2140 5448/2189 2154/2188
f 2145/2140 410/2139 2791/2190 5448/2189
f 5448/2189 2791/2190 624/2191 2788/2192
f 2154/2188 5448/2189 2788/2192 414/2183
f 414/2183 2788/2192 5449/2193 2153/2184
f 2788/2192 624/2191 2789/2194 5449/2193
f 5449/2193 2789/2194 415/2195 2155/2196
f 2153/2184 5449/2193 2155/2196 154/2185
f 624/2191 2790/2197 5450/2198 2789/2194
f 2790/2197 416/2199 2157/2200 5450/2198
f 5450/2198 2157/2200 155/2201 2156/2202
f 2789/2194 5450/2198 2156/2202 415/2195
f 410/2139 2146/2146 5451/2203 2791/2190
f 2146/2146 152/2145 2158/2204 5451/2203
f 5451/2203 2158/2204 416/2199 2790/2197
f 2791/2190 5451/2203 2790/2197 624/2191
f 152/2160 2317/2159 5452/2205 2158/2206
f 2317/2159 501/2158 2795/2207 5452/2205
f 5452/2205 2795/2207 625/2208 2792/2209
f 2158/2206 5452/2205 2792/2209 416/2210
f 416/2210 2792/2209 5453/2211 2157/2212
f 2792/2209 625/2208 2793/2213 5453/2211
f 5453/2211 2793/2213 502/2214 2319/2215
f 2157/2212 5453/2211 2319/2215 155/2216
f 625/2208 2794/2217 5454/2218 2793/2213
f 2794/2217 29/2219 1696/2220 5454/2218
f 5454/2218 1696/2220 18/2221 2320/2222
f 2793/2213 5454/2218 2320/2222 502/2214
f 501/2158 2318/2166 5455/2223 2795/2207
f 2318/2166 17/2165 1695/2224 5455/2223
f 5455/2223 1695/2224 29/2219 2794/2217
f 2795/2207 5455/2223 2794/2217 625/2208
f 153/2180 2151/2179 5456/2225 2159/2226
f 2151/2179 413/2178 2799/2227 5456/2225
f 5456/2225 2799/2227 626/2228 2796/2229
f 2159/2226 5456/2225 2796/2229 417/2230
f 417/2230 2796/2229 5457/2231 2160/2232
f 2796/2229 626/2228 2797/2233 5457/2231
f 5457/2231 2797/2233 343/1463 2014/1460
f 2160/2232 5457/2231 2014/1460 156/1459
f 626/2228 2798/2234 5458/2235 2797/2233
f 2798/2234 418/2236 2161/2237 5458/2235
f 5458/2235 2161/2237 158/1482 2013/1480
f 2797/2233 5458/2235 2013/1480 343/1463
f 413/2178 2152/2186 5459/2238 2799/2227
f 2152/2186 154/2185 2162/2239 5459/2238
f 5459/2238 2162/2239 418/2236 2798/2234
f 2799/2227 5459/2238 2798/2234 626/2228
f 154/2185 2155/2196 5460/2240 2162/2239
f 2155/2196 415/2195 2803/2241 5460/2240
f 5460/2240 2803/2241 627/2242 2800/2243
f 2162/2239 5460/2240 2800/2243 418/2236
f 418/2236 2800/2243 5461/2244 2161/2237
f 2800/2243 627/2242 2801/2245 5461/2244
f 5461/2244 2801/2245 347/1486 2022/1484
f 2161/2237 5461/2244 2022/1484 158/1482
f 627/2242 2802/2246 5462/2247 2801/2245
f 2802/2246 419/2248 2163/2249 5462/2247
f 5462/2247 2163/2249 157/1502 2021/1500
f 2801/2245 5462/2247 2021/1500 347/1486
f 415/2195 2156/2202 5463/2250 2803/2241
f 2156/2202 155/2201 2164/2251 5463/2250
f 5463/2250 2164/2251 419/2248 2802/2246
f 2803/2241 5463/2250 2802/2246 627/2242
f 155/2216 2319/2215 5464/2252 2164/2253
f 2319/2215 502/2214 2807/2254 5464/2252
f 5464/2252 2807/2254 628/2255 2804/2256
f 2164/2253 5464/2252 2804/2256 419/2257
f 419/2257 2804/2256 5465/2258 2163/2259
f 2804/2256 628/2255 2805/2260 5465/2258
f 5465/2258 2805/2260 496/1508 2309/1505
f 2163/2259 5465/2258 2309/1505 157/1504
f 628/2255 2806/2261 5466/2262 2805/2260
f 2806/2261 30/2263 1698/2264 5466/2262
f 5466/2262 1698/2264 13/1527 2308/1525
f 2805/2260 5466/2262 2308/1525 496/1508
f 502/2214 2320/2222 5467/2265 2807/2254
f 2320/2222 18/2221 1697/2266 5467/2265
f 5467/2265 1697/2266 30/2263 2806/2261
f 2807/2254 5467/2265 2806/2261 628/2255
f 120/1473 2017/1472 5468/2267 2165/2268
f 2017/1472 345/1471 2811/2269 5468/2267
f 5468/2267 2811/2269 629/2270 2808/2271
f 2165/2268 5468/2267 2808/2271 420/2272
f 420/2272 2808/2271 5469/2273 2166/2274
f 2808/2271 629/2270 2809/2275 5469/2273
f 5469/2273 2809/2275 421/2276 2167/2277
f 2166/2274 5469/2273 2167/2277 159/2278
f 629/2270 2810/2279 5470/2280 2809/2275
f 2810/2279 422/2281 2169/2282 5470/2280
f 5470/2280 2169/2282 160/2283 2168/2284
f 2809/2275 5470/2280 2168/2284 421/2276
f 345/1471 2018/1479 5471/2285 2811/2269
f 2018/1479 121/1478 2170/2286 5471/2285
f 5471/2285 2170/2286 422/2281 2810/2279
f 2811/2269 5471/2285 2810/2279 629/2270
f 121/1478 2023/1493 5472/2287 2170/2286
f 2023/1493 348/1492 2815/2288 5472/2287
f 5472/2287 2815/2288 630/2289 2812/2290
f 2170/2286 5472/2287 2812/2290 422/2281
f 422/2281 2812/2290 5473/2291 2169/2282
f 2812/2290 630/2289 2813/2292 5473/2291
f 5473/2291 2813/2292 423/2293 2171/2294
f 2169/2282 5473/2291 2171/2294 160/2283
f 630/2289 2814/2295 5474/2296 2813/2292
f 2814/2295 424/2297 2173/2298 5474/2296
f 5474/2296 2173/2298 161/2299 2172/2300
f 2813/2292 5474/2296 2172/2300 423/2293
f 348/1492 2024/1499 5475/2301 2815/2288
f 2024/1499 122/1498 2174/2302 5475/2301
f 5475/2301 2174/2302 424/2297 2814/2295
f 2815/2288 5475/2301 2814/2295 630/2289
f 122/1518 2027/1517 5476/2303 2174/2304
f 2027/1517 350/1516 2819/2305 5476/2303
f 5476/2303 2819/2305 631/2306 2816/2307
f 2174/2304 5476/2303 2816/2307 424/2308
f 424/2308 2816/2307 5477/2309 2173/2310
f 2816/2307 631/2306 2817/2311 5477/2309
f 5477/2309 2817/2311 503/2312 2321/2313
f 2173/2310 5477/2309 2321/2313 161/2314
f 631/2306 2818/2315 5478/2316 2817/2311
f 2818/2315 37/2317 4329/2318 5478/2316
f 5478/2316 4329/2318 766/2319 4345/2320
f 2817/2311 5478/2316 4345/2320 503/2312
f 350/1516 2028/1524 5479/2321 2819/2305
f 2028/1524 8/1523 1706/2322 5479/2321
f 5479/2321 1706/2322 37/2317 2818/2315
f 2819/2305 5479/2321 2818/2315 631/2306
f 159/2278 2167/2277 5480/2323 2175/2324
f 2167/2277 421/2276 2823/2325 5480/2323
f 5480/2323 2823/2325 632/2326 2820/2327
f 2175/2324 5480/2323 2820/2327 425/2328
f 425/2328 2820/2327 5481/2329 2176/2330
f 2820/2327 632/2326 2821/2331 5481/2329
f 5481/2329 2821/2331 360/1603 2047/1600
f 2176/2330 5481/2329 2047/1600 162/1599
f 632/2326 2822/2332 5482/2333 2821/2331
f 2822/2332 426/2334 2177/2335 5482/2333
f 5482/2333 2177/2335 164/1617 2046/1615
f 2821/2331 5482/2333 2046/1615 360/1603
f 421/2276 2168/2284 5483/2336 2823/2325
f 2168/2284 160/2283 2178/2337 5483/2336
f 5483/2336 2178/2337 426/2334 2822/2332
f 2823/2325 5483/2336 2822/2332 632/2326
f 160/2283 2171/2294 5484/2338 2178/2337
f 2171/2294 423/2293 2827/2339 5484/2338
f 5484/2338 2827/2339 633/2340 2824/2341
f 2178/2337 5484/2338 2824/2341 426/2334
f 426/2334 2824/2341 5485/2342 2177/2335
f 2824/2341 633/2340 2825/2343 5485/2342
f 5485/2342 2825/2343 363/1621 2053/1619
f 2177/2335 5485/2342 2053/1619 164/1617
f 633/2340 2826/2344 5486/2345 2825/2343
f 2826/2344 427/2346 2179/2347 5486/2345
f 5486/2345 2179/2347 163/1633 2052/1631
f 2825/2343 5486/2345 2052/1631 363/1621
f 423/2293 2172/2300 5487/2348 2827/2339
f 2172/2300 161/2299 2180/2349 5487/2348
f 5487/2348 2180/2349 427/2346 2826/2344
f 2827/2339 5487/2348 2826/2344 633/2340
f 161/2314 2321/2313 5488/2350 2180/2351
f 2321/2313 503/2312 2830/2352 5488/2350
f 5488/2350 2830/2352 634/2353 2828/2354
f 2180/2351 5488/2350 2828/2354 427/2355
f 427/2355 2828/2354 5489/2356 2179/2357
f 2828/2354 634/2353 2829/2358 5489/2356
f 5489/2356 2829/2358 497/1639 2311/1636
f 2179/2357 5489/2356 2311/1636 163/1635
f 634/2353 4360/2359 5490/2360 2829/2358
f 4360/2359 945/2361 4316/2362 5490/2360
f 5490/2360 4316/2362 14/1658 2310/1656
f 2829/2358 5490/2360 2310/1656 497/1639
f 503/2312 4345/2320 5491/2363 2830/2352
f 4345/2320 766/2319 3330/2364 5491/2363
f 5491/2363 3330/2364 945/2361 4360/2359
f 2830/2352 5491/2363 4360/2359 634/2353
f 162/1599 2048/1602 5492/2365 2214/2366
f 2048/1602 361/1607 2834/2367 5492/2365
f 5492/2365 2834/2367 635/2368 2831/2369
f 2214/2366 5492/2365 2831/2369 444/2370
f 444/2370 2831/2369 5493/2371 2213/2372
f 2831/2369 635/2368 2832/2373 5493/2371
f 5493/2371 2832/2373 443/2374 2211/2375
f 2213/2372 5493/2371 2211/2375 179/2376
f 635/2368 2833/2377 5494/2378 2832/2373
f 2833/2377 279/933 1886/940 5494/2378
f 5494/2378 1886/940 90/939 2212/2379
f 2832/2373 5494/2378 2212/2379 443/2374
f 361/1607 2049/1609 5495/2380 2834/2367
f 2049/1609 45/164 1885/934 5495/2380
f 5495/2380 1885/934 279/933 2833/2377
f 2834/2367 5495/2380 2833/2377 635/2368
f 165/2381 2182/2382 5496/2383 2216/2384
f 2182/2382 428/2385 2838/2386 5496/2383
f 5496/2383 2838/2386 636/2387 2835/2388
f 2216/2384 5496/2383 2835/2388 445/2389
f 445/2389 2835/2388 5497/2390 2215/2391
f 2835/2388 636/2387 2836/2392 5497/2390
f 5497/2390 2836/2392 365/2393 2057/2394
f 2215/2391 5497/2390 2057/2394 126/1721
f 636/2387 2837/2395 5498/2396 2836/2392
f 2837/2395 464/2397 2254/2398 5498/2396
f 5498/2396 2254/2398 183/1671 2056/2399
f 2836/2392 5498/2396 2056/2399 365/2393
f 428/2385 2181/2400 5499/2401 2838/2386
f 2181/2400 182/2402 2253/2403 5499/2401
f 5499/2401 2253/2403 464/2397 2837/2395
f 2838/2386 5499/2401 2837/2395 636/2387
f 90/939 1957/969 5500/2404 2212/2379
f 1957/969 315/973 2842/2405 5500/2404
f 5500/2404 2842/2405 637/2406 2839/2407
f 2212/2379 5500/2404 2839/2407 443/2374
f 443/2374 2839/2407 5501/2408 2211/2375
f 2839/2407 637/2406 2840/2409 5501/2408
f 5501/2408 2840/2409 442/2410 2210/2411
f 2211/2375 5501/2408 2210/2411 179/2376
f 637/2406 2841/2412 5502/2413 2840/2409
f 2841/2412 466/2414 2257/2415 5502/2413
f 5502/2413 2257/2415 178/2416 2209/2417
f 2840/2409 5502/2413 2209/2417 442/2410
f 315/973 1958/975 5503/2418 2842/2405
f 1958/975 110/979 2258/2419 5503/2418
f 5503/2418 2258/2419 466/2414 2841/2412
f 2842/2405 5503/2418 2841/2412 637/2406
f 162/1599 2214/2366 5504/2420 2176/2330
f 2214/2366 444/2370 2846/2421 5504/2420
f 5504/2420 2846/2421 638/2422 2843/2423
f 2176/2330 5504/2420 2843/2423 425/2328
f 425/2328 2843/2423 5505/2424 2175/2324
f 2843/2423 638/2422 2844/2425 5505/2424
f 5505/2424 2844/2425 446/2426 2217/2427
f 2175/2324 5505/2424 2217/2427 159/2278
f 638/2422 2845/2428 5506/2429 2844/2425
f 2845/2428 442/2410 2209/2417 5506/2429
f 5506/2429 2209/2417 178/2416 2218/2430
f 2844/2425 5506/2429 2218/2430 446/2426
f 444/2370 2213/2372 5507/2431 2846/2421
f 2213/2372 179/2376 2210/2411 5507/2431
f 5507/2431 2210/2411 442/2410 2845/2428
f 2846/2421 5507/2431 2845/2428 638/2422
f 159/2278 2217/2427 5508/2432 2166/2274
f 2217/2427 446/2426 2850/2433 5508/2432
f 5508/2432 2850/2433 639/2434 2847/2435
f 2166/2274 5508/2432 2847/2435 420/2272
f 420/2272 2847/2435 5509/2436 2165/2268
f 2847/2435 639/2434 2848/2437 5509/2436
f 5509/2436 2848/2437 447/2438 2219/2439
f 2165/2268 5509/2436 2219/2439 120/1473
f 639/2434 2849/2440 5510/2441 2848/2437
f 2849/2440 441/2442 2207/2443 5510/2441
f 5510/2441 2207/2443 177/2444 2220/2445
f 2848/2437 5510/2441 2220/2445 447/2438
f 446/2426 2218/2430 5511/2446 2850/2433
f 2218/2430 178/2416 2208/2447 5511/2446
f 5511/2446 2208/2447 441/2442 2849/2440
f 2850/2433 5511/2446 2849/2440 639/2434
f 120/1473 2219/2439 5512/2448 2016/1469
f 2219/2439 447/2438 2854/2449 5512/2448
f 5512/2448 2854/2449 640/2450 2851/2451
f 2016/1469 5512/2448 2851/2451 344/1467
f 344/1467 2851/2451 5513/2452 2015/1462
f 2851/2451 640/2450 2852/2453 5513/2452
f 5513/2452 2852/2453 448/2454 2221/2455
f 2015/1462 5513/2452 2221/2455 156/1459
f 640/2450 2853/2456 5514/2457 2852/2453
f 2853/2456 440/2458 2205/2459 5514/2457
f 5514/2457 2205/2459 176/2460 2222/2461
f 2852/2453 5514/2457 2222/2461 448/2454
f 447/2438 2220/2445 5515/2462 2854/2449
f 2220/2445 177/2444 2206/2463 5515/2462
f 5515/2462 2206/2463 440/2458 2853/2456
f 2854/2449 5515/2462 2853/2456 640/2450
f 156/1459 2221/2455 5516/2464 2160/2232
f 2221/2455 448/2454 2858/2465 5516/2464
f 5516/2464 2858/2465 641/2466 2855/2467
f 2160/2232 5516/2464 2855/2467 417/2230
f 417/2230 2855/2467 5517/2468 2159/2226
f 2855/2467 641/2466 2856/2469 5517/2468
f 5517/2468 2856/2469 449/2470 2223/2471
f 2159/2226 5517/2468 2223/2471 153/2180
f 641/2466 2857/2472 5518/2473 2856/2469
f 2857/2472 439/2474 2203/2475 5518/2473
f 5518/2473 2203/2475 175/2476 2224/2477
f 2856/2469 5518/2473 2224/2477 449/2470
f 448/2454 2222/2461 5519/2478 2858/2465
f 2222/2461 176/2460 2204/2479 5519/2478
f 5519/2478 2204/2479 439/2474 2857/2472
f 2858/2465 5519/2478 2857/2472 641/2466
f 153/2180 2223/2471 5520/2480 2150/2176
f 2223/2471 449/2470 2862/2481 5520/2480
f 5520/2480 2862/2481 642/2482 2859/2483
f 2150/2176 5520/2480 2859/2483 412/2174
f 412/2174 2859/2483 5521/2484 2149/2170
f 2859/2483 642/2482 2860/2485 5521/2484
f 5521/2484 2860/2485 450/2486 2225/2487
f 2149/2170 5521/2484 2225/2487 150/2124
f 642/2482 2861/2488 5522/2489 2860/2485
f 2861/2488 438/2490 2201/2491 5522/2489
f 5522/2489 2201/2491 174/2492 2226/2493
f 2860/2485 5522/2489 2226/2493 450/2486
f 449/2470 2224/2477 5523/2494 2862/2481
f 2224/2477 175/2476 2202/2495 5523/2494
f 5523/2494 2202/2495 438/2490 2861/2488
f 2862/2481 5523/2494 2861/2488 642/2482
f 150/2124 2225/2487 5524/2496 2140/2120
f 2225/2487 450/2486 2866/2497 5524/2496
f 5524/2496 2866/2497 643/2498 2863/2499
f 2140/2120 5524/2496 2863/2499 407/2118
f 407/2118 2863/2499 5525/2500 2139/2114
f 2863/2499 643/2498 2864/2501 5525/2500
f 5525/2500 2864/2501 451/2502 2227/2503
f 2139/2114 5525/2500 2227/2503 147/2068
f 643/2498 2865/2504 5526/2505 2864/2501
f 2865/2504 437/2506 2199/2507 5526/2505
f 5526/2505 2199/2507 173/2508 2228/2509
f 2864/2501 5526/2505 2228/2509 451/2502
f 450/2486 2226/2493 5527/2510 2866/2497
f 2226/2493 174/2492 2200/2511 5527/2510
f 5527/2510 2200/2511 437/2506 2865/2504
f 2866/2497 5527/2510 2865/2504 643/2498
f 147/2068 2227/2503 5528/2512 2130/2064
f 2227/2503 451/2502 2870/2513 5528/2512
f 5528/2512 2870/2513 644/2514 2867/2515
f 2130/2064 5528/2512 2867/2515 402/2062
f 402/2062 2867/2515 5529/2516 2129/2058
f 2867/2515 644/2514 2868/2517 5529/2516
f 5529/2516 2868/2517 452/2518 2229/2519
f 2129/2058 5529/2516 2229/2519 144/2012
f 644/2514 2869/2520 5530/2521 2868/2517
f 2869/2520 436/2522 2197/2523 5530/2521
f 5530/2521 2197/2523 172/2524 2230/2525
f 2868/2517 5530/2521 2230/2525 452/2518
f 451/2502 2228/2509 5531/2526 2870/2513
f 2228/2509 173/2508 2198/2527 5531/2526
f 5531/2526 2198/2527 436/2522 2869/2520
f 2870/2513 5531/2526 2869/2520 644/2514
f 144/2012 2229/2519 5532/2528 2119/2008
f 2229/2519 452/2518 2874/2529 5532/2528
f 5532/2528 2874/2529 645/2530 2871/2531
f 2119/2008 5532/2528 2871/2531 396/2006
f 396/2006 2871/2531 5533/2532 2118/2002
f 2871/2531 645/2530 2872/2533 5533/2532
f 5533/2532 2872/2533 453/2534 2231/2535
f 2118/2002 5533/2532 2231/2535 123/1543
f 645/2530 2873/2536 5534/2537 2872/2533
f 2873/2536 435/2538 2195/2539 5534/2537
f 5534/2537 2195/2539 171/2540 2232/2541
f 2872/2533 5534/2537 2232/2541 453/2534
f 452/2518 2230/2525 5535/2542 2874/2529
f 2230/2525 172/2524 2196/2543 5535/2542
f 5535/2542 2196/2543 435/2538 2873/2536
f 2874/2529 5535/2542 2873/2536 645/2530
f 123/1543 2231/2535 5536/2544 2032/1539
f 2231/2535 453/2534 2878/2545 5536/2544
f 5536/2544 2878/2545 646/2546 2875/2547
f 2032/1539 5536/2544 2875/2547 352/1537
f 352/1537 2875/2547 5537/2548 2031/1532
f 2875/2547 646/2546 2876/2549 5537/2548
f 5537/2548 2876/2549 454/2550 2233/2551
f 2031/1532 5537/2548 2233/2551 141/1529
f 646/2546 2877/2552 5538/2553 2876/2549
f 2877/2552 434/2554 2193/2555 5538/2553
f 5538/2553 2193/2555 170/2556 2234/2557
f 2876/2549 5538/2553 2234/2557 454/2550
f 453/2534 2232/2541 5539/2558 2878/2545
f 2232/2541 171/2540 2194/2559 5539/2558
f 5539/2558 2194/2559 434/2554 2877/2552
f 2878/2545 5539/2558 2877/2552 646/2546
f 141/1529 2233/2551 5540/2560 2113/1966
f 2233/2551 454/2550 2882/2561 5540/2560
f 5540/2560 2882/2561 647/2562 2879/2563
f 2113/1966 5540/2560 2879/2563 393/1964
f 393/1964 2879/2563 5541/2564 2112/1960
f 2879/2563 647/2562 2880/2565 5541/2564
f 5541/2564 2880/2565 455/2566 2235/2567
f 2112/1960 5541/2564 2235/2567 138/1914
f 647/2562 2881/2568 5542/2569 2880/2565
f 2881/2568 433/2570 2191/2571 5542/2569
f 5542/2569 2191/2571 169/2572 2236/2573
f 2880/2565 5542/2569 2236/2573 455/2566
f 454/2550 2234/2557 5543/2574 2882/2561
f 2234/2557 170/2556 2192/2575 5543/2574
f 5543/2574 2192/2575 433/2570 2881/2568
f 2882/2561 5543/2574 2881/2568 647/2562
f 138/1914 2235/2567 5544/2576 2101/1910
f 2235/2567 455/2566 2886/2577 5544/2576
f 5544/2576 2886/2577 648/2578 2883/2579
f 2101/1910 5544/2576 2883/2579 387/1908
f 387/1908 2883/2579 5545/2580 2100/1904
f 2883/2579 648/2578 2884/2581 5545/2580
f 5545/2580 2884/2581 456/2582 2237/2583
f 2100/1904 5545/2580 2237/2583 135/1858
f 648/2578 2885/2584 5546/2585 2884/2581
f 2885/2584 432/2586 2189/2587 5546/2585
f 5546/2585 2189/2587 168/2588 2238/2589
f 2884/2581 5546/2585 2238/2589 456/2582
f 455/2566 2236/2573 5547/2590 2886/2577
f 2236/2573 169/2572 2190/2591 5547/2590
f 5547/2590 2190/2591 432/2586 2885/2584
f 2886/2577 5547/2590 2885/2584 648/2578
f 135/1858 2237/2583 5548/2592 2089/1854
f 2237/2583 456/2582 2890/2593 5548/2592
f 5548/2592 2890/2593 649/2594 2887/2595
f 2089/1854 5548/2592 2887/2595 381/1852
f 381/1852 2887/2595 5549/2596 2088/1848
f 2887/2595 649/2594 2888/2597 5549/2596
f 5549/2596 2888/2597 457/2598 2239/2599
f 2088/1848 5549/2596 2239/2599 132/1802
f 649/2594 2889/2600 5550/2601 2888/2597
f 2889/2600 431/2602 2187/2603 5550/2601
f 5550/2601 2187/2603 167/2604 2240/2605
f 2888/2597 5550/2601 2240/2605 457/2598
f 456/2582 2238/2589 5551/2606 2890/2593
f 2238/2589 168/2588 2188/2607 5551/2606
f 5551/2606 2188/2607 431/2602 2889/2600
f 2890/2593 5551/2606 2889/2600 649/2594
f 132/1802 2239/2599 5552/2608 2079/1798
f 2239/2599 457/2598 2894/2609 5552/2608
f 5552/2608 2894/2609 650/2610 2891/2611
f 2079/1798 5552/2608 2891/2611 376/1796
f 376/1796 2891/2611 5553/2612 2078/1792
f 2891/2611 650/2610 2892/2613 5553/2612
f 5553/2612 2892/2613 458/2614 2241/2615
f 2078/1792 5553/2612 2241/2615 129/1735
f 650/2610 2893/2616 5554/2617 2892/2613
f 2893/2616 430/2618 2185/2619 5554/2617
f 5554/2617 2185/2619 166/2620 2242/2621
f 2892/2613 5554/2617 2242/2621 458/2614
f 457/2598 2240/2605 5555/2622 2894/2609
f 2240/2605 167/2604 2186/2623 5555/2622
f 5555/2622 2186/2623 430/2618 2893/2616
f 2894/2609 5555/2622 2893/2616 650/2610
f 129/1735 2241/2615 5556/2624 2069/1731
f 2241/2615 458/2614 2898/2625 5556/2624
f 5556/2624 2898/2625 651/2626 2895/2627
f 2069/1731 5556/2624 2895/2627 371/1729
f 371/1729 2895/2627 5557/2628 2068/1724
f 2895/2627 651/2626 2896/2629 5557/2628
f 5557/2628 2896/2629 445/2389 2215/2391
f 2068/1724 5557/2628 2215/2391 126/1721
f 651/2626 2897/2630 5558/2631 2896/2629
f 2897/2630 429/2632 2183/2633 5558/2631
f 5558/2631 2183/2633 165/2381 2216/2384
f 2896/2629 5558/2631 2216/2384 445/2389
f 458/2614 2242/2621 5559/2634 2898/2625
f 2242/2621 166/2620 2184/2635 5559/2634
f 5559/2634 2184/2635 429/2632 2897/2630
f 2898/2625 5559/2634 2897/2630 651/2626
f 167/2604 2187/2603 5560/2636 2280/2637
f 2187/2603 431/2602 2902/2638 5560/2636
f 5560/2636 2902/2638 652/2639 2899/2640
f 2280/2637 5560/2636 2899/2640 478/2641
f 478/2641 2899/2640 5561/2642 2281/2643
f 2899/2640 652/2639 2900/2644 5561/2642
f 5561/2642 2900/2644 480/2645 2284/2646
f 2281/2643 5561/2642 2284/2646 187/2647
f 652/2639 2901/2648 5562/2649 2900/2644
f 2901/2648 473/2650 2271/2651 5562/2649
f 5562/2649 2271/2651 188/2652 2285/2653
f 2900/2644 5562/2649 2285/2653 480/2645
f 431/2602 2188/2607 5563/2654 2902/2638
f 2188/2607 168/2588 2272/2655 5563/2654
f 5563/2654 2272/2655 473/2650 2901/2648
f 2902/2638 5563/2654 2901/2648 652/2639
f 180/1676 2244/2656 5564/2657 2252/1677
f 2244/2656 459/2658 2906/2659 5564/2657
f 5564/2657 2906/2659 653/2660 2903/2661
f 2252/1677 5564/2657 2903/2661 463/1669
f 463/1669 2903/2661 5565/2662 2251/1670
f 2903/2661 653/2660 2904/2663 5565/2662
f 5565/2662 2904/2663 365/2393 2056/2399
f 2251/1670 5565/2662 2056/2399 183/1671
f 653/2660 2905/2664 5566/2665 2904/2663
f 2905/2664 366/1725 2058/1722 5566/2665
f 5566/2665 2058/1722 126/1721 2057/2394
f 2904/2663 5566/2665 2057/2394 365/2393
f 459/2658 2243/2666 5567/2667 2906/2659
f 2243/2666 127/1744 2059/1742 5567/2667
f 5567/2667 2059/1742 366/1725 2905/2664
f 2906/2659 5567/2667 2905/2664 653/2660
f 182/2402 2248/2668 5568/2669 2253/2403
f 2248/2668 461/2670 2910/2671 5568/2669
f 5568/2669 2910/2671 654/2672 2907/2673
f 2253/2403 5568/2669 2907/2673 464/2397
f 464/2397 2907/2673 5569/2674 2254/2398
f 2907/2673 654/2672 2908/2675 5569/2674
f 5569/2674 2908/2675 462/1665 2250/1667
f 2254/2398 5569/2674 2250/1667 183/1671
f 654/2672 2909/2676 5570/2677 2908/2675
f 2909/2676 278/1245 1884/1250 5570/2677
f 5570/2677 1884/1250 48/211 2249/1661
f 2908/2675 5570/2677 2249/1661 462/1665
f 461/2670 2247/2678 5571/2679 2910/2671
f 2247/2678 91/1247 1883/1246 5571/2679
f 5571/2679 1883/1246 278/1245 2909/2676
f 2910/2671 5571/2679 2909/2676 654/2672
f 181/1692 2246/2680 5572/2681 2256/1693
f 2246/2680 460/2682 2914/2683 5572/2681
f 5572/2681 2914/2683 655/2684 2911/2685
f 2256/1693 5572/2681 2911/2685 465/1686
f 465/1686 2911/2685 5573/2686 2255/1687
f 2911/2685 655/2684 2912/2687 5573/2686
f 5573/2686 2912/2687 459/2658 2244/2656
f 2255/1687 5573/2686 2244/2656 180/1676
f 655/2684 2913/2688 5574/2689 2912/2687
f 2913/2688 368/1748 2062/1746 5574/2689
f 5574/2689 2062/1746 127/1744 2243/2666
f 2912/2687 5574/2689 2243/2666 459/2658
f 460/2682 2245/2690 5575/2691 2914/2683
f 2245/2690 128/1764 2063/1762 5575/2691
f 5575/2691 2063/1762 368/1748 2913/2688
f 2914/2683 5575/2691 2913/2688 655/2684
f 110/979 1959/1265 5576/2692 2258/2419
f 1959/1265 316/1269 2918/2693 5576/2692
f 5576/2692 2918/2693 656/2694 2915/2695
f 2258/2419 5576/2692 2915/2695 466/2414
f 466/2414 2915/2695 5577/2696 2257/2415
f 2915/2695 656/2694 2916/2697 5577/2696
f 5577/2696 2916/2697 441/2442 2208/2447
f 2257/2415 5577/2696 2208/2447 178/2416
f 656/2694 2917/2698 5578/2699 2916/2697
f 2917/2698 467/2700 2259/2701 5578/2699
f 5578/2699 2259/2701 177/2444 2207/2443
f 2916/2697 5578/2699 2207/2443 441/2442
f 316/1269 1960/1271 5579/2702 2918/2693
f 1960/1271 111/1275 2260/2703 5579/2702
f 5579/2702 2260/2703 467/2700 2917/2698
f 2918/2693 5579/2702 2917/2698 656/2694
f 111/1275 1961/1281 5580/2704 2260/2703
f 1961/1281 317/1285 2922/2705 5580/2704
f 5580/2704 2922/2705 657/2706 2919/2707
f 2260/2703 5580/2704 2919/2707 467/2700
f 467/2700 2919/2707 5581/2708 2259/2701
f 2919/2707 657/2706 2920/2709 5581/2708
f 5581/2708 2920/2709 440/2458 2206/2463
f 2259/2701 5581/2708 2206/2463 177/2444
f 657/2706 2921/2710 5582/2711 2920/2709
f 2921/2710 468/2712 2261/2713 5582/2711
f 5582/2711 2261/2713 176/2460 2205/2459
f 2920/2709 5582/2711 2205/2459 440/2458
f 317/1285 1962/1287 5583/2714 2922/2705
f 1962/1287 112/1291 2262/2715 5583/2714
f 5583/2714 2262/2715 468/2712 2921/2710
f 2922/2705 5583/2714 2921/2710 657/2706
f 114/1296 1887/1299 5584/2716 2293/2717
f 1887/1299 280/1304 2926/2718 5584/2716
f 5584/2716 2926/2718 658/2719 2923/2720
f 2293/2717 5584/2716 2923/2720 484/2721
f 484/2721 2923/2720 5585/2722 2292/2723
f 2923/2720 658/2719 2924/2724 5585/2722
f 5585/2722 2924/2724 470/2725 2265/2726
f 2292/2723 5585/2722 2265/2726 185/2727
f 658/2719 2925/2728 5586/2729 2924/2724
f 2925/2728 461/2670 2248/2668 5586/2729
f 5586/2729 2248/2668 182/2402 2266/2730
f 2924/2724 5586/2729 2266/2730 470/2725
f 280/1304 1888/1306 5587/2731 2926/2718
f 1888/1306 91/1247 2247/2678 5587/2731
f 5587/2731 2247/2678 461/2670 2925/2728
f 2926/2718 5587/2731 2925/2728 658/2719
f 185/2727 2290/2732 5588/2733 2277/2734
f 2290/2732 483/2735 2930/2736 5588/2733
f 5588/2733 2930/2736 659/2737 2927/2738
f 2277/2734 5588/2733 2927/2738 476/2739
f 476/2739 2927/2738 5589/2740 2276/2741
f 2927/2738 659/2737 2928/2742 5589/2740
f 5589/2740 2928/2742 439/2474 2204/2479
f 2276/2741 5589/2740 2204/2479 176/2460
f 659/2737 2929/2743 5590/2744 2928/2742
f 2929/2743 475/2745 2274/2746 5590/2744
f 5590/2744 2274/2746 175/2476 2203/2475
f 2928/2742 5590/2744 2203/2475 439/2474
f 483/2735 2291/2747 5591/2748 2930/2736
f 2291/2747 184/2749 2275/2750 5591/2748
f 5591/2748 2275/2750 475/2745 2929/2743
f 2930/2736 5591/2748 2929/2743 659/2737
f 184/2749 2288/2751 5592/2752 2275/2750
f 2288/2751 482/2753 2934/2754 5592/2752
f 5592/2752 2934/2754 660/2755 2931/2756
f 2275/2750 5592/2752 2931/2756 475/2745
f 475/2745 2931/2756 5593/2757 2274/2746
f 2931/2756 660/2755 2932/2758 5593/2757
f 5593/2757 2932/2758 438/2490 2202/2495
f 2274/2746 5593/2757 2202/2495 175/2476
f 660/2755 2933/2759 5594/2760 2932/2758
f 2933/2759 477/2761 2278/2762 5594/2760
f 5594/2760 2278/2762 174/2492 2201/2491
f 2932/2758 5594/2760 2201/2491 438/2490
f 482/2753 2289/2763 5595/2764 2934/2754
f 2289/2763 186/2765 2279/2766 5595/2764
f 5595/2764 2279/2766 477/2761 2933/2759
f 2934/2754 5595/2764 2933/2759 660/2755
f 186/2765 2286/2767 5596/2768 2279/2766
f 2286/2767 481/2769 2938/2770 5596/2768
f 5596/2768 2938/2770 661/2771 2935/2772
f 2279/2766 5596/2768 2935/2772 477/2761
f 477/2761 2935/2772 5597/2773 2278/2762
f 2935/2772 661/2771 2936/2774 5597/2773
f 5597/2773 2936/2774 437/2506 2200/2511
f 2278/2762 5597/2773 2200/2511 174/2492
f 661/2771 2937/2775 5598/2776 2936/2774
f 2937/2775 472/2777 2270/2778 5598/2776
f 5598/2776 2270/2778 173/2508 2199/2507
f 2936/2774 5598/2776 2199/2507 437/2506
f 481/2769 2287/2779 5599/2780 2938/2770
f 2287/2779 187/2647 2269/2781 5599/2780
f 5599/2780 2269/2781 472/2777 2937/2775
f 2938/2770 5599/2780 2937/2775 661/2771
f 187/2647 2284/2646 5600/2782 2269/2781
f 2284/2646 480/2645 2942/2783 5600/2782
f 5600/2782 2942/2783 662/2784 2939/2785
f 2269/2781 5600/2782 2939/2785 472/2777
f 472/2777 2939/2785 5601/2786 2270/2778
f 2939/2785 662/2784 2940/2787 5601/2786
f 5601/2786 2940/2787 436/2522 2198/2527
f 2270/2778 5601/2786 2198/2527 173/2508
f 662/2784 2941/2788 5602/2789 2940/2787
f 2941/2788 479/2790 2282/2791 5602/2789
f 5602/2789 2282/2791 172/2524 2197/2523
f 2940/2787 5602/2789 2197/2523 436/2522
f 480/2645 2285/2653 5603/2792 2942/2783
f 2285/2653 188/2652 2283/2793 5603/2792
f 5603/2792 2283/2793 479/2790 2941/2788
f 2942/2783 5603/2792 2941/2788 662/2784
f 188/2652 2294/2794 5604/2795 2283/2793
f 2294/2794 485/2796 2946/2797 5604/2795
f 5604/2795 2946/2797 663/2798 2943/2799
f 2283/2793 5604/2795 2943/2799 479/2790
f 479/2790 2943/2799 5605/2800 2282/2791
f 2943/2799 663/2798 2944/2801 5605/2800
f 5605/2800 2944/2801 435/2538 2196/2543
f 2282/2791 5605/2800 2196/2543 172/2524
f 663/2798 2945/2802 5606/2803 2944/2801
f 2945/2802 434/2554 2194/2559 5606/2803
f 5606/2803 2194/2559 171/2540 2195/2539
f 2944/2801 5606/2803 2195/2539 435/2538
f 485/2796 2295/2804 5607/2805 2946/2797
f 2295/2804 170/2556 2193/2555 5607/2805
f 5607/2805 2193/2555 434/2554 2945/2802
f 2946/2797 5607/2805 2945/2802 663/2798
f 38/1715 1707/2806 5608/2807 2971/1716
f 1707/2806 31/2808 2950/2809 5608/2807
f 5608/2807 2950/2809 664/2810 2947/2811
f 2971/1716 5608/2807 2947/2811 474/1708
f 474/1708 2947/2811 5609/2812 2273/1709
f 2947/2811 664/2810 2948/2813 5609/2812
f 5609/2812 2948/2813 460/2814 2246/2815
f 2273/1709 5609/2812 2246/2815 181/1710
f 664/2810 2949/2816 5610/2817 2948/2813
f 2949/2816 370/1770 2066/1767 5610/2817
f 5610/2817 2066/1767 128/1766 2245/2818
f 2948/2813 5610/2817 2245/2818 460/2814
f 31/2808 1699/2819 5611/2820 2950/2809
f 1699/2819 10/1789 2067/1787 5611/2820
f 5611/2820 2067/1787 370/1770 2949/2816
f 2950/2809 5611/2820 2949/2816 664/2810
f 166/2620 2185/2619 5612/2821 2268/2822
f 2185/2619 430/2618 2954/2823 5612/2821
f 5612/2821 2954/2823 665/2824 2951/2825
f 2268/2822 5612/2821 2951/2825 471/2826
f 471/2826 2951/2825 5613/2827 2267/2828
f 2951/2825 665/2824 2952/2829 5613/2827
f 5613/2827 2952/2829 481/2769 2286/2767
f 2267/2828 5613/2827 2286/2767 186/2765
f 665/2824 2953/2830 5614/2831 2952/2829
f 2953/2830 478/2641 2281/2643 5614/2831
f 5614/2831 2281/2643 187/2647 2287/2779
f 2952/2829 5614/2831 2287/2779 481/2769
f 430/2618 2186/2623 5615/2832 2954/2823
f 2186/2623 167/2604 2280/2637 5615/2832
f 5615/2832 2280/2637 478/2641 2953/2830
f 2954/2823 5615/2832 2953/2830 665/2824
f 165/2381 2183/2633 5616/2833 2264/2834
f 2183/2633 429/2632 2958/2835 5616/2833
f 5616/2833 2958/2835 666/2836 2955/2837
f 2264/2834 5616/2833 2955/2837 469/2838
f 469/2838 2955/2837 5617/2839 2263/2840
f 2955/2837 666/2836 2956/2841 5617/2839
f 5617/2839 2956/2841 482/2753 2288/2751
f 2263/2840 5617/2839 2288/2751 184/2749
f 666/2836 2957/2842 5618/2843 2956/2841
f 2957/2842 471/2826 2267/2828 5618/2843
f 5618/2843 2267/2828 186/2765 2289/2763
f 2956/2841 5618/2843 2289/2763 482/2753
f 429/2632 2184/2635 5619/2844 2958/2835
f 2184/2635 166/2620 2268/2822 5619/2844
f 5619/2844 2268/2822 471/2826 2957/2842
f 2958/2835 5619/2844 2957/2842 666/2836
f 182/2402 2181/2400 5620/2845 2266/2730
f 2181/2400 428/2385 2962/2846 5620/2845
f 5620/2845 2962/2846 667/2847 2959/2848
f 2266/2730 5620/2845 2959/2848 470/2725
f 470/2725 2959/2848 5621/2849 2265/2726
f 2959/2848 667/2847 2960/2850 5621/2849
f 5621/2849 2960/2850 483/2735 2290/2732
f 2265/2726 5621/2849 2290/2732 185/2727
f 667/2847 2961/2851 5622/2852 2960/2850
f 2961/2851 469/2838 2263/2840 5622/2852
f 5622/2852 2263/2840 184/2749 2291/2747
f 2960/2850 5622/2852 2291/2747 483/2735
f 428/2385 2182/2382 5623/2853 2962/2846
f 2182/2382 165/2381 2264/2834 5623/2853
f 5623/2853 2264/2834 469/2838 2961/2851
f 2962/2846 5623/2853 2961/2851 667/2847
f 112/1291 1989/1439 5624/2854 2262/2715
f 1989/1439 331/1443 2966/2855 5624/2854
f 5624/2854 2966/2855 668/2856 2963/2857
f 2262/2715 5624/2854 2963/2857 468/2712
f 468/2712 2963/2857 5625/2858 2261/2713
f 2963/2857 668/2856 2964/2859 5625/2858
f 5625/2858 2964/2859 476/2739 2276/2741
f 2261/2713 5625/2858 2276/2741 176/2460
f 668/2856 2965/2860 5626/2861 2964/2859
f 2965/2860 484/2721 2292/2723 5626/2861
f 5626/2861 2292/2723 185/2727 2277/2734
f 2964/2859 5626/2861 2277/2734 476/2739
f 331/1443 1990/1445 5627/2862 2966/2855
f 1990/1445 114/1296 2293/2717 5627/2862
f 5627/2862 2293/2717 484/2721 2965/2860
f 2966/2855 5627/2862 2965/2860 668/2856
f 168/2588 2189/2587 5628/2863 2272/2655
f 2189/2587 432/2586 2970/2864 5628/2863
f 5628/2863 2970/2864 669/2865 2967/2866
f 2272/2655 5628/2863 2967/2866 473/2650
f 473/2650 2967/2866 5629/2867 2271/2651
f 2967/2866 669/2865 2968/2868 5629/2867
f 5629/2867 2968/2868 485/2796 2294/2794
f 2271/2651 5629/2867 2294/2794 188/2652
f 669/2865 2969/2869 5630/2870 2968/2868
f 2969/2869 433/2570 2192/2575 5630/2870
f 5630/2870 2192/2575 170/2556 2295/2804
f 2968/2868 5630/2870 2295/2804 485/2796
f 432/2586 2190/2591 5631/2871 2970/2864
f 2190/2591 169/2572 2191/2571 5631/2871
f 5631/2871 2191/2571 433/2570 2969/2869
f 2970/2864 5631/2871 2969/2869 669/2865
f 1187/2872 2976/2873 5632/2874 2974/2875
f 2976/2873 777/2876 3413/2877 5632/2874
f 5632/2874 3413/2877 991/2878 3416/2879
f 2974/2875 5632/2874 3416/2879 1186/2880
f 777/2876 2975/2881 5633/2882 3413/2877
f 2975/2881 708/2883 2980/2884 5633/2882
f 5633/2882 2980/2884 779/2885 3414/2886
f 3413/2877 5633/2882 3414/2886 991/2878
f 991/2878 3414/2886 5634/2887 3415/2888
f 3414/2886 779/2885 2979/2889 5634/2887
f 5634/2887 2979/2889 670/2890 2978/2891
f 3415/2888 5634/2887 2978/2891 778/2892
f 1186/2880 3416/2879 5635/2893 2973/2894
f 3416/2879 991/2878 3415/2888 5635/2893
f 5635/2893 3415/2888 778/2892 2977/2895
f 2973/2894 5635/2893 2977/2895 1185/2896
f 708/2897 2982/2898 5636/2899 2980/2900
f 2982/2898 780/2901 3417/2902 5636/2899
f 5636/2899 3417/2902 992/2903 3420/2904
f 2980/2900 5636/2899 3420/2904 779/2905
f 780/2901 2981/2906 5637/2907 3417/2902
f 2981/2906 707/60 2984/59 5637/2907
f 5637/2907 2984/59 782/58 3418/2908
f 3417/2902 5637/2907 3418/2908 992/2903
f 992/2903 3418/2908 5638/2909 3419/2910
f 3418/2908 782/58 4303/66 5638/2909
f 5638/2909 4303/66 1/65 4361/2911
f 3419/2910 5638/2909 4361/2911 781/2912
f 779/2905 3420/2904 5639/2913 2979/2914
f 3420/2904 992/2903 3419/2910 5639/2913
f 5639/2913 3419/2910 781/2912 2983/2915
f 2979/2914 5639/2913 2983/2915 670/2916
f 691/2917 2986/2918 5640/2919 2987/2920
f 2986/2918 783/2921 3421/2922 5640/2919
f 5640/2919 3421/2922 993/2923 3424/2924
f 2987/2920 5640/2919 3424/2924 784/2925
f 783/2921 2985/2926 5641/2927 3421/2922
f 2985/2926 693/2928 2992/2929 5641/2927
f 5641/2927 2992/2929 786/2930 3422/2931
f 3421/2922 5641/2927 3422/2931 993/2923
f 993/2923 3422/2931 5642/2932 3423/2933
f 3422/2931 786/2930 2991/2934 5642/2932
f 5642/2932 2991/2934 672/2935 2990/2936
f 3423/2933 5642/2932 2990/2936 785/2937
f 784/2925 3424/2924 5643/2938 2988/2939
f 3424/2924 993/2923 3423/2933 5643/2938
f 5643/2938 3423/2933 785/2937 2989/2940
f 2988/2939 5643/2938 2989/2940 671/2941
f 693/2928 2994/2942 5644/2943 2992/2929
f 2994/2942 787/2944 3425/2945 5644/2943
f 5644/2943 3425/2945 994/2946 3428/2947
f 2992/2929 5644/2943 3428/2947 786/2930
f 787/2944 2993/2948 5645/2949 3425/2945
f 2993/2948 692/2950 2998/2951 5645/2949
f 5645/2949 2998/2951 789/2952 3426/2953
f 3425/2945 5645/2949 3426/2953 994/2946
f 994/2946 3426/2953 5646/2954 3427/2955
f 3426/2953 789/2952 2997/2956 5646/2954
f 5646/2954 2997/2956 673/2957 2996/2958
f 3427/2955 5646/2954 2996/2958 788/2959
f 786/2930 3428/2947 5647/2960 2991/2934
f 3428/2947 994/2946 3427/2955 5647/2960
f 5647/2960 3427/2955 788/2959 2995/2961
f 2991/2934 5647/2960 2995/2961 672/2935
f 692/2962 3383/2963 5648/2964 2998/2965
f 3383/2963 967/2966 3429/2967 5648/2964
f 5648/2964 3429/2967 995/2968 3432/2969
f 2998/2965 5648/2964 3432/2969 789/2970
f 967/2966 3382/2971 5649/2972 3429/2967
f 3382/2971 714/130 3384/129 5649/2972
f 5649/2972 3384/129 968/128 3430/2973
f 3429/2967 5649/2972 3430/2973 995/2968
f 995/2968 3430/2973 5650/2974 3431/2975
f 3430/2973 968/128 4317/136 5650/2974
f 5650/2974 4317/136 2/135 4362/2976
f 3431/2975 5650/2974 4362/2976 790/2977
f 789/2970 3432/2969 5651/2978 2997/2979
f 3432/2969 995/2968 3431/2975 5651/2978
f 5651/2978 3431/2975 790/2977 2999/2980
f 2997/2979 5651/2978 2999/2980 673/2981
f 711/2982 3001/2983 5652/2984 3002/2985
f 3001/2983 791/2986 3433/2987 5652/2984
f 5652/2984 3433/2987 996/2988 3436/2989
f 3002/2985 5652/2984 3436/2989 792/2990
f 791/2986 3000/2991 5653/2992 3433/2987
f 3000/2991 713/2993 3007/2994 5653/2992
f 5653/2992 3007/2994 794/2995 3434/2996
f 3433/2987 5653/2992 3434/2996 996/2988
f 996/2988 3434/2996 5654/2997 3435/2998
f 3434/2996 794/2995 3006/2999 5654/2997
f 5654/2997 3006/2999 675/3000 3005/3001
f 3435/2998 5654/2997 3005/3001 793/3002
f 792/2990 3436/2989 5655/3003 3003/3004
f 3436/2989 996/2988 3435/2998 5655/3003
f 5655/3003 3435/2998 793/3002 3004/3005
f 3003/3004 5655/3003 3004/3005 674/3006
f 713/2993 3009/3007 5656/3008 3007/2994
f 3009/3007 795/3009 3437/3010 5656/3008
f 5656/3008 3437/3010 997/3011 3440/3012
f 3007/2994 5656/3008 3440/3012 794/2995
f 795/3009 3008/3013 5657/3014 3437/3010
f 3008/3013 712/3015 3013/3016 5657/3014
f 5657/3014 3013/3016 797/3017 3438/3018
f 3437/3010 5657/3014 3438/3018 997/3011
f 997/3011 3438/3018 5658/3019 3439/3020
f 3438/3018 797/3017 3012/3021 5658/3019
f 5658/3019 3012/3021 676/3022 3011/3023
f 3439/3020 5658/3019 3011/3023 796/3024
f 794/2995 3440/3012 5659/3025 3006/2999
f 3440/3012 997/3011 3439/3020 5659/3025
f 5659/3025 3439/3020 796/3024 3010/3026
f 3006/2999 5659/3025 3010/3026 675/3000
f 712/3027 3385/3028 5660/3029 3013/3030
f 3385/3028 969/3031 3441/3032 5660/3029
f 5660/3029 3441/3032 998/3033 3443/3034
f 3013/3030 5660/3029 3443/3034 797/3035
f 969/3031 4371/3036 5661/3037 3441/3032
f 4371/3036 5/200 1685/199 5661/3037
f 5661/3037 1685/199 21/198 4379/3038
f 3441/3032 5661/3037 4379/3038 998/3033
f 998/3033 4379/3038 5662/3039 3442/3040
f 4379/3038 21/198 4310/206 5662/3039
f 5662/3039 4310/206 715/205 3387/3041
f 3442/3040 5662/3039 3387/3041 970/3042
f 797/3035 3443/3034 5663/3043 3012/3044
f 3443/3034 998/3033 3442/3040 5663/3043
f 5663/3043 3442/3040 970/3042 3386/3045
f 3012/3044 5663/3043 3386/3045 676/3046
f 1218/3047 3016/3048 5664/3049 3444/3050
f 3016/3048 677/3051 3020/3052 5664/3049
f 5664/3049 3020/3052 799/3053 3445/3054
f 3444/3050 5664/3049 3445/3054 1219/3055
f 1219/3055 3445/3054 5665/3056 3446/3057
f 3445/3054 799/3053 3019/3058 5665/3056
f 5665/3056 3019/3058 731/3059 3189/3060
f 3446/3057 5665/3056 3189/3060 1220/3061
f 677/3062 3388/3063 5666/3064 3020/3065
f 3388/3063 971/3066 3447/3067 5666/3064
f 5666/3064 3447/3067 999/3068 3449/3069
f 3020/3065 5666/3064 3449/3069 799/3070
f 971/3066 4372/3071 5667/3072 3447/3067
f 4372/3071 6/270 1701/269 5667/3072
f 5667/3072 1701/269 32/268 4380/3073
f 3447/3067 5667/3072 4380/3073 999/3068
f 999/3068 4380/3073 5668/3074 3448/3075
f 4380/3073 32/268 1700/276 5668/3074
f 5668/3074 1700/276 7/275 4365/3076
f 3448/3075 5668/3074 4365/3076 883/3077
f 799/3070 3449/3069 5669/3078 3019/3079
f 3449/3069 999/3068 3448/3075 5669/3078
f 5669/3078 3448/3075 883/3077 3196/3080
f 3019/3079 5669/3078 3196/3080 731/3081
f 1188/3082 3014/3083 5670/3084 3021/3085
f 3014/3083 1189/3086 3450/3087 5670/3084
f 5670/3084 3450/3087 1000/3088 3453/3089
f 3021/3085 5670/3084 3453/3089 800/3090
f 1189/3086 3015/3091 5671/3092 3450/3087
f 3015/3091 1190/3093 3026/3094 5671/3092
f 5671/3092 3026/3094 802/3095 3451/3096
f 3450/3087 5671/3092 3451/3096 1000/3088
f 1000/3088 3451/3096 5672/3097 3452/3098
f 3451/3096 802/3095 3025/3099 5672/3097
f 5672/3097 3025/3099 680/3100 3024/3101
f 3452/3098 5672/3097 3024/3101 801/3102
f 800/3090 3453/3089 5673/3103 3022/3104
f 3453/3089 1000/3088 3452/3098 5673/3103
f 5673/3103 3452/3098 801/3102 3023/3105
f 3022/3104 5673/3103 3023/3105 679/3106
f 1190/3093 3017/3107 5674/3108 3026/3094
f 3017/3107 798/3109 3454/3110 5674/3108
f 5674/3108 3454/3110 1001/3111 3457/3112
f 3026/3094 5674/3108 3457/3112 802/3095
f 798/3109 3018/3113 5675/3114 3454/3110
f 3018/3113 678/3115 3030/3116 5675/3114
f 5675/3114 3030/3116 804/3117 3455/3118
f 3454/3110 5675/3114 3455/3118 1001/3111
f 1001/3111 3455/3118 5676/3119 3456/3120
f 3455/3118 804/3117 3029/3121 5676/3119
f 5676/3119 3029/3121 681/3122 3028/3123
f 3456/3120 5676/3119 3028/3123 803/3124
f 802/3095 3457/3112 5677/3125 3025/3099
f 3457/3112 1001/3111 3456/3120 5677/3125
f 5677/3125 3456/3120 803/3124 3027/3126
f 3025/3099 5677/3125 3027/3126 680/3100
f 678/3127 3389/3128 5678/3129 3030/3130
f 3389/3128 972/3131 3458/3132 5678/3129
f 5678/3129 3458/3132 1002/3133 3461/3134
f 3030/3130 5678/3129 3461/3134 804/3135
f 972/3131 3390/3136 5679/3137 3458/3132
f 3390/3136 716/340 3133/339 5679/3137
f 5679/3137 3133/339 856/338 3459/3138
f 3458/3132 5679/3137 3459/3138 1002/3133
f 1002/3133 3459/3138 5680/3139 3460/3140
f 3459/3138 856/338 3134/346 5680/3139
f 5680/3139 3134/346 717/345 3392/3141
f 3460/3140 5680/3139 3392/3141 973/3142
f 804/3135 3461/3134 5681/3143 3029/3144
f 3461/3134 1002/3133 3460/3140 5681/3143
f 5681/3143 3460/3140 973/3142 3391/3145
f 3029/3144 5681/3143 3391/3145 681/3146
f 679/3106 3023/3105 5682/3147 3031/3148
f 3023/3105 801/3102 3462/3149 5682/3147
f 5682/3147 3462/3149 1003/3150 3465/3151
f 3031/3148 5682/3147 3465/3151 805/3152
f 801/3102 3024/3101 5683/3153 3462/3149
f 3024/3101 680/3100 3036/3154 5683/3153
f 5683/3153 3036/3154 807/3155 3463/3156
f 3462/3149 5683/3153 3463/3156 1003/3150
f 1003/3150 3463/3156 5684/3157 3464/3158
f 3463/3156 807/3155 3035/3159 5684/3157
f 5684/3157 3035/3159 683/3160 3034/3161
f 3464/3158 5684/3157 3034/3161 806/3162
f 805/3152 3465/3151 5685/3163 3032/3164
f 3465/3151 1003/3150 3464/3158 5685/3163
f 5685/3163 3464/3158 806/3162 3033/3165
f 3032/3164 5685/3163 3033/3165 682/3166
f 680/3100 3027/3126 5686/3167 3036/3154
f 3027/3126 803/3124 3466/3168 5686/3167
f 5686/3167 3466/3168 1004/3169 3469/3170
f 3036/3154 5686/3167 3469/3170 807/3155
f 803/3124 3028/3123 5687/3171 3466/3168
f 3028/3123 681/3122 3040/3172 5687/3171
f 5687/3171 3040/3172 809/3173 3467/3174
f 3466/3168 5687/3171 3467/3174 1004/3169
f 1004/3169 3467/3174 5688/3175 3468/3176
f 3467/3174 809/3173 3039/3177 5688/3175
f 5688/3175 3039/3177 684/3178 3038/3179
f 3468/3176 5688/3175 3038/3179 808/3180
f 807/3155 3469/3170 5689/3181 3035/3159
f 3469/3170 1004/3169 3468/3176 5689/3181
f 5689/3181 3468/3176 808/3180 3037/3182
f 3035/3159 5689/3181 3037/3182 683/3160
f 681/3146 3391/3145 5690/3183 3040/3184
f 3391/3145 973/3142 3470/3185 5690/3183
f 5690/3183 3470/3185 1005/3186 3473/3187
f 3040/3184 5690/3183 3473/3187 809/3188
f 973/3142 3392/3141 5691/3189 3470/3185
f 3392/3141 717/345 3135/396 5691/3189
f 5691/3189 3135/396 857/395 3471/3190
f 3470/3185 5691/3189 3471/3190 1005/3186
f 1005/3186 3471/3190 5692/3191 3472/3192
f 3471/3190 857/395 3136/402 5692/3191
f 5692/3191 3136/402 718/401 3394/3193
f 3472/3192 5692/3191 3394/3193 974/3194
f 809/3188 3473/3187 5693/3195 3039/3196
f 3473/3187 1005/3186 3472/3192 5693/3195
f 5693/3195 3472/3192 974/3194 3393/3197
f 3039/3196 5693/3195 3393/3197 684/3198
f 682/3166 3033/3165 5694/3199 3041/3200
f 3033/3165 806/3162 3474/3201 5694/3199
f 5694/3199 3474/3201 1006/3202 3477/3203
f 3041/3200 5694/3199 3477/3203 810/3204
f 806/3162 3034/3161 5695/3205 3474/3201
f 3034/3161 683/3160 3046/3206 5695/3205
f 5695/3205 3046/3206 812/3207 3475/3208
f 3474/3201 5695/3205 3475/3208 1006/3202
f 1006/3202 3475/3208 5696/3209 3476/3210
f 3475/3208 812/3207 3045/3211 5696/3209
f 5696/3209 3045/3211 686/3212 3044/3213
f 3476/3210 5696/3209 3044/3213 811/3214
f 810/3204 3477/3203 5697/3215 3042/3216
f 3477/3203 1006/3202 3476/3210 5697/3215
f 5697/3215 3476/3210 811/3214 3043/3217
f 3042/3216 5697/3215 3043/3217 685/3218
f 683/3160 3037/3182 5698/3219 3046/3206
f 3037/3182 808/3180 3478/3220 5698/3219
f 5698/3219 3478/3220 1007/3221 3481/3222
f 3046/3206 5698/3219 3481/3222 812/3207
f 808/3180 3038/3179 5699/3223 3478/3220
f 3038/3179 684/3178 3050/3224 5699/3223
f 5699/3223 3050/3224 814/3225 3479/3226
f 3478/3220 5699/3223 3479/3226 1007/3221
f 1007/3221 3479/3226 5700/3227 3480/3228
f 3479/3226 814/3225 3049/3229 5700/3227
f 5700/3227 3049/3229 687/3230 3048/3231
f 3480/3228 5700/3227 3048/3231 813/3232
f 812/3207 3481/3222 5701/3233 3045/3211
f 3481/3222 1007/3221 3480/3228 5701/3233
f 5701/3233 3480/3228 813/3232 3047/3234
f 3045/3211 5701/3233 3047/3234 686/3212
f 684/3198 3393/3197 5702/3235 3050/3236
f 3393/3197 974/3194 3482/3237 5702/3235
f 5702/3235 3482/3237 1008/3238 3485/3239
f 3050/3236 5702/3235 3485/3239 814/3240
f 974/3194 3394/3193 5703/3241 3482/3237
f 3394/3193 718/401 3137/452 5703/3241
f 5703/3241 3137/452 858/451 3483/3242
f 3482/3237 5703/3241 3483/3242 1008/3238
f 1008/3238 3483/3242 5704/3243 3484/3244
f 3483/3242 858/451 3138/458 5704/3243
f 5704/3243 3138/458 719/457 3396/3245
f 3484/3244 5704/3243 3396/3245 975/3246
f 814/3240 3485/3239 5705/3247 3049/3248
f 3485/3239 1008/3238 3484/3244 5705/3247
f 5705/3247 3484/3244 975/3246 3395/3249
f 3049/3248 5705/3247 3395/3249 687/3250
f 685/3218 3043/3217 5706/3251 3051/3252
f 3043/3217 811/3214 3486/3253 5706/3251
f 5706/3251 3486/3253 1009/3254 3489/3255
f 3051/3252 5706/3251 3489/3255 815/3256
f 811/3214 3044/3213 5707/3257 3486/3253
f 3044/3213 686/3212 3056/3258 5707/3257
f 5707/3257 3056/3258 817/3259 3487/3260
f 3486/3253 5707/3257 3487/3260 1009/3254
f 1009/3254 3487/3260 5708/3261 3488/3262
f 3487/3260 817/3259 3055/3263 5708/3261
f 5708/3261 3055/3263 689/3264 3054/3265
f 3488/3262 5708/3261 3054/3265 816/3266
f 815/3256 3489/3255 5709/3267 3052/3268
f 3489/3255 1009/3254 3488/3262 5709/3267
f 5709/3267 3488/3262 816/3266 3053/3269
f 3052/3268 5709/3267 3053/3269 688/3270
f 686/3212 3047/3234 5710/3271 3056/3258
f 3047/3234 813/3232 3490/3272 5710/3271
f 5710/3271 3490/3272 1010/3273 3493/3274
f 3056/3258 5710/3271 3493/3274 817/3259
f 813/3232 3048/3231 5711/3275 3490/3272
f 3048/3231 687/3230 3060/3276 5711/3275
f 5711/3275 3060/3276 819/3277 3491/3278
f 3490/3272 5711/3275 3491/3278 1010/3273
f 1010/3273 3491/3278 5712/3279 3492/3280
f 3491/3278 819/3277 3059/3281 5712/3279
f 5712/3279 3059/3281 690/3282 3058/3283
f 3492/3280 5712/3279 3058/3283 818/3284
f 817/3259 3493/3274 5713/3285 3055/3263
f 3493/3274 1010/3273 3492/3280 5713/3285
f 5713/3285 3492/3280 818/3284 3057/3286
f 3055/3263 5713/3285 3057/3286 689/3264
f 687/3250 3395/3249 5714/3287 3060/3288
f 3395/3249 975/3246 3494/3289 5714/3287
f 5714/3287 3494/3289 1011/3290 3497/3291
f 3060/3288 5714/3287 3497/3291 819/3292
f 975/3246 3396/3245 5715/3293 3494/3289
f 3396/3245 719/457 3139/508 5715/3293
f 5715/3293 3139/508 859/507 3495/3294
f 3494/3289 5715/3293 3495/3294 1011/3290
f 1011/3290 3495/3294 5716/3295 3496/3296
f 3495/3294 859/507 3140/514 5716/3295
f 5716/3295 3140/514 720/513 3398/3297
f 3496/3296 5716/3295 3398/3297 976/3298
f 819/3292 3497/3291 5717/3299 3059/3300
f 3497/3291 1011/3290 3496/3296 5717/3299
f 5717/3299 3496/3296 976/3298 3397/3301
f 3059/3300 5717/3299 3397/3301 690/3302
f 688/3270 3053/3269 5718/3303 3061/3304
f 3053/3269 816/3266 3498/3305 5718/3303
f 5718/3303 3498/3305 1012/3306 3501/3307
f 3061/3304 5718/3303 3501/3307 820/3308
f 816/3266 3054/3265 5719/3309 3498/3305
f 3054/3265 689/3264 3064/3310 5719/3309
f 5719/3309 3064/3310 821/3311 3499/3312
f 3498/3305 5719/3309 3499/3312 1012/3306
f 1012/3306 3499/3312 5720/3313 3500/3314
f 3499/3312 821/3311 3063/3315 5720/3313
f 5720/3313 3063/3315 693/2928 2985/2926
f 3500/3314 5720/3313 2985/2926 783/2921
f 820/3308 3501/3307 5721/3316 3062/3317
f 3501/3307 1012/3306 3500/3314 5721/3316
f 5721/3316 3500/3314 783/2921 2986/2918
f 3062/3317 5721/3316 2986/2918 691/2917
f 689/3264 3057/3286 5722/3318 3064/3310
f 3057/3286 818/3284 3502/3319 5722/3318
f 5722/3318 3502/3319 1013/3320 3505/3321
f 3064/3310 5722/3318 3505/3321 821/3311
f 818/3284 3058/3283 5723/3322 3502/3319
f 3058/3283 690/3282 3066/3323 5723/3322
f 5723/3322 3066/3323 822/3324 3503/3325
f 3502/3319 5723/3322 3503/3325 1013/3320
f 1013/3320 3503/3325 5724/3326 3504/3327
f 3503/3325 822/3324 3065/3328 5724/3326
f 5724/3326 3065/3328 692/2950 2993/2948
f 3504/3327 5724/3326 2993/2948 787/2944
f 821/3311 3505/3321 5725/3329 3063/3315
f 3505/3321 1013/3320 3504/3327 5725/3329
f 5725/3329 3504/3327 787/2944 2994/2942
f 3063/3315 5725/3329 2994/2942 693/2928
f 690/3302 3397/3301 5726/3330 3066/3331
f 3397/3301 976/3298 3506/3332 5726/3330
f 5726/3330 3506/3332 1014/3333 3509/3334
f 3066/3331 5726/3330 3509/3334 822/3335
f 976/3298 3398/3297 5727/3336 3506/3332
f 3398/3297 720/513 3141/555 5727/3336
f 5727/3336 3141/555 860/554 3507/3337
f 3506/3332 5727/3336 3507/3337 1014/3333
f 1014/3333 3507/3337 5728/3338 3508/3339
f 3507/3337 860/554 3142/558 5728/3338
f 5728/3338 3142/558 714/130 3382/2971
f 3508/3339 5728/3338 3382/2971 967/2966
f 822/3335 3509/3334 5729/3340 3065/3341
f 3509/3334 1014/3333 3508/3339 5729/3340
f 5729/3340 3508/3339 967/2966 3383/2963
f 3065/3341 5729/3340 3383/2963 692/2962
f 671/2941 2989/2940 5730/3342 3067/3343
f 2989/2940 785/2937 3510/3344 5730/3342
f 5730/3342 3510/3344 1015/3345 3513/3346
f 3067/3343 5730/3342 3513/3346 823/3347
f 785/2937 2990/2936 5731/3348 3510/3344
f 2990/2936 672/2935 3072/3349 5731/3348
f 5731/3348 3072/3349 825/3350 3511/3351
f 3510/3344 5731/3348 3511/3351 1015/3345
f 1015/3345 3511/3351 5732/3352 3512/3353
f 3511/3351 825/3350 3071/3354 5732/3352
f 5732/3352 3071/3354 695/3355 3070/3356
f 3512/3353 5732/3352 3070/3356 824/3357
f 823/3347 3513/3346 5733/3358 3068/3359
f 3513/3346 1015/3345 3512/3353 5733/3358
f 5733/3358 3512/3353 824/3357 3069/3360
f 3068/3359 5733/3358 3069/3360 694/3361
f 672/2935 2995/2961 5734/3362 3072/3349
f 2995/2961 788/2959 3514/3363 5734/3362
f 5734/3362 3514/3363 1016/3364 3517/3365
f 3072/3349 5734/3362 3517/3365 825/3350
f 788/2959 2996/2958 5735/3366 3514/3363
f 2996/2958 673/2957 3076/3367 5735/3366
f 5735/3366 3076/3367 827/3368 3515/3369
f 3514/3363 5735/3366 3515/3369 1016/3364
f 1016/3364 3515/3369 5736/3370 3516/3371
f 3515/3369 827/3368 3075/3372 5736/3370
f 5736/3370 3075/3372 696/3373 3074/3374
f 3516/3371 5736/3370 3074/3374 826/3375
f 825/3350 3517/3365 5737/3376 3071/3354
f 3517/3365 1016/3364 3516/3371 5737/3376
f 5737/3376 3516/3371 826/3375 3073/3377
f 3071/3354 5737/3376 3073/3377 695/3355
f 673/2981 2999/2980 5738/3378 3076/3379
f 2999/2980 790/2977 3518/3380 5738/3378
f 5738/3378 3518/3380 1017/3381 3520/3382
f 3076/3379 5738/3378 3520/3382 827/3383
f 790/2977 4362/2976 5739/3384 3518/3380
f 4362/2976 2/135 1702/606 5739/3384
f 5739/3384 1702/606 33/605 4381/3385
f 3518/3380 5739/3384 4381/3385 1017/3381
f 1017/3381 4381/3385 5740/3386 3519/3387
f 4381/3385 33/605 4318/612 5740/3386
f 5740/3386 4318/612 721/611 3400/3388
f 3519/3387 5740/3386 3400/3388 977/3389
f 827/3383 3520/3382 5741/3390 3075/3391
f 3520/3382 1017/3381 3519/3387 5741/3390
f 5741/3390 3519/3387 977/3389 3399/3392
f 3075/3391 5741/3390 3399/3392 696/3393
f 694/3361 3069/3360 5742/3394 3077/3395
f 3069/3360 824/3357 3521/3396 5742/3394
f 5742/3394 3521/3396 1018/3397 3524/3398
f 3077/3395 5742/3394 3524/3398 828/3399
f 824/3357 3070/3356 5743/3400 3521/3396
f 3070/3356 695/3355 3082/3401 5743/3400
f 5743/3400 3082/3401 830/3402 3522/3403
f 3521/3396 5743/3400 3522/3403 1018/3397
f 1018/3397 3522/3403 5744/3404 3523/3405
f 3522/3403 830/3402 3081/3406 5744/3404
f 5744/3404 3081/3406 699/3407 3080/3408
f 3523/3405 5744/3404 3080/3408 829/3409
f 828/3399 3524/3398 5745/3410 3078/3411
f 3524/3398 1018/3397 3523/3405 5745/3410
f 5745/3410 3523/3405 829/3409 3079/3412
f 3078/3411 5745/3410 3079/3412 697/3413
f 695/3355 3073/3377 5746/3414 3082/3401
f 3073/3377 826/3375 3525/3415 5746/3414
f 5746/3414 3525/3415 1019/3416 3528/3417
f 3082/3401 5746/3414 3528/3417 830/3402
f 826/3375 3074/3374 5747/3418 3525/3415
f 3074/3374 696/3373 3086/3419 5747/3418
f 5747/3418 3086/3419 832/3420 3526/3421
f 3525/3415 5747/3418 3526/3421 1019/3416
f 1019/3416 3526/3421 5748/3422 3527/3423
f 3526/3421 832/3420 3085/3424 5748/3422
f 5748/3422 3085/3424 700/3425 3084/3426
f 3527/3423 5748/3422 3084/3426 831/3427
f 830/3402 3528/3417 5749/3428 3081/3406
f 3528/3417 1019/3416 3527/3423 5749/3428
f 5749/3428 3527/3423 831/3427 3083/3429
f 3081/3406 5749/3428 3083/3429 699/3407
f 696/3393 3399/3392 5750/3430 3086/3431
f 3399/3392 977/3389 3529/3432 5750/3430
f 5750/3430 3529/3432 1020/3433 3531/3434
f 3086/3431 5750/3430 3531/3434 832/3435
f 977/3389 3400/3388 5751/3436 3529/3432
f 3400/3388 721/611 4320/662 5751/3436
f 5751/3436 4320/662 34/661 4382/3437
f 3529/3432 5751/3436 4382/3437 1020/3433
f 1020/3433 4382/3437 5752/3438 3530/3439
f 4382/3437 34/661 4319/668 5752/3438
f 5752/3438 4319/668 698/667 3088/3440
f 3530/3439 5752/3438 3088/3440 833/3441
f 832/3435 3531/3434 5753/3442 3085/3443
f 3531/3434 1020/3433 3530/3439 5753/3442
f 5753/3442 3530/3439 833/3441 3087/3444
f 3085/3443 5753/3442 3087/3444 700/3445
f 697/3413 3079/3412 5754/3446 3089/3447
f 3079/3412 829/3409 3532/3448 5754/3446
f 5754/3446 3532/3448 1021/3449 3535/3450
f 3089/3447 5754/3446 3535/3450 834/3451
f 829/3409 3080/3408 5755/3452 3532/3448
f 3080/3408 699/3407 3094/3453 5755/3452
f 5755/3452 3094/3453 836/3454 3533/3455
f 3532/3448 5755/3452 3533/3455 1021/3449
f 1021/3449 3533/3455 5756/3456 3534/3457
f 3533/3455 836/3454 3093/3458 5756/3456
f 5756/3456 3093/3458 703/3459 3092/3460
f 3534/3457 5756/3456 3092/3460 835/3461
f 834/3451 3535/3450 5757/3462 3090/3463
f 3535/3450 1021/3449 3534/3457 5757/3462
f 5757/3462 3534/3457 835/3461 3091/3464
f 3090/3463 5757/3462 3091/3464 701/3465
f 699/3407 3083/3429 5758/3466 3094/3453
f 3083/3429 831/3427 3536/3467 5758/3466
f 5758/3466 3536/3467 1022/3468 3539/3469
f 3094/3453 5758/3466 3539/3469 836/3454
f 831/3427 3084/3426 5759/3470 3536/3467
f 3084/3426 700/3425 3098/3471 5759/3470
f 5759/3470 3098/3471 838/3472 3537/3473
f 3536/3467 5759/3470 3537/3473 1022/3468
f 1022/3468 3537/3473 5760/3474 3538/3475
f 3537/3473 838/3472 3097/3476 5760/3474
f 5760/3474 3097/3476 704/3477 3096/3478
f 3538/3475 5760/3474 3096/3478 837/3479
f 836/3454 3539/3469 5761/3480 3093/3458
f 3539/3469 1022/3468 3538/3475 5761/3480
f 5761/3480 3538/3475 837/3479 3095/3481
f 3093/3458 5761/3480 3095/3481 703/3459
f 700/3445 3087/3444 5762/3482 3098/3483
f 3087/3444 833/3441 3540/3484 5762/3482
f 5762/3482 3540/3484 1023/3485 3542/3486
f 3098/3483 5762/3482 3542/3486 838/3487
f 833/3441 3088/3440 5763/3488 3540/3484
f 3088/3440 698/667 4305/718 5763/3488
f 5763/3488 4305/718 19/717 4383/3489
f 3540/3484 5763/3488 4383/3489 1023/3485
f 1023/3485 4383/3489 5764/3490 3541/3491
f 4383/3489 19/717 4304/724 5764/3490
f 5764/3490 4304/724 702/723 3100/3492
f 3541/3491 5764/3490 3100/3492 839/3493
f 838/3487 3542/3486 5765/3494 3097/3495
f 3542/3486 1023/3485 3541/3491 5765/3494
f 5765/3494 3541/3491 839/3493 3099/3496
f 3097/3495 5765/3494 3099/3496 704/3497
f 701/3465 3091/3464 5766/3498 3101/3499
f 3091/3464 835/3461 3543/3500 5766/3498
f 5766/3498 3543/3500 1024/3501 3546/3502
f 3101/3499 5766/3498 3546/3502 840/3503
f 835/3461 3092/3460 5767/3504 3543/3500
f 3092/3460 703/3459 3106/3505 5767/3504
f 5767/3504 3106/3505 841/3506 3544/3507
f 3543/3500 5767/3504 3544/3507 1024/3501
f 1024/3501 3544/3507 5768/3508 3545/3509
f 3544/3507 841/3506 3105/3510 5768/3508
f 5768/3508 3105/3510 705/3511 3104/3512
f 3545/3509 5768/3508 3104/3512 1192/3513
f 840/3503 3546/3502 5769/3514 3102/3515
f 3546/3502 1024/3501 3545/3509 5769/3514
f 5769/3514 3545/3509 1192/3513 3103/3516
f 3102/3515 5769/3514 3103/3516 1191/3517
f 703/3459 3095/3481 5770/3518 3106/3505
f 3095/3481 837/3479 3547/3519 5770/3518
f 5770/3518 3547/3519 1025/3520 3550/3521
f 3106/3505 5770/3518 3550/3521 841/3506
f 837/3479 3096/3478 5771/3522 3547/3519
f 3096/3478 704/3477 3110/3523 5771/3522
f 5771/3522 3110/3523 843/3524 3548/3525
f 3547/3519 5771/3522 3548/3525 1025/3520
f 1025/3520 3548/3525 5772/3526 3549/3527
f 3548/3525 843/3524 3109/3528 5772/3526
f 5772/3526 3109/3528 706/3529 3108/3530
f 3549/3527 5772/3526 3108/3530 842/3531
f 841/3506 3550/3521 5773/3532 3105/3510
f 3550/3521 1025/3520 3549/3527 5773/3532
f 5773/3532 3549/3527 842/3531 3107/3533
f 3105/3510 5773/3532 3107/3533 705/3511
f 704/3497 3099/3496 5774/3534 3110/3535
f 3099/3496 839/3493 3551/3536 5774/3534
f 5774/3534 3551/3536 1026/3537 3553/3538
f 3110/3535 5774/3534 3553/3538 843/3539
f 839/3493 3100/3492 5775/3540 3551/3536
f 3100/3492 702/723 4306/774 5775/3540
f 5775/3540 4306/774 20/773 4384/3541
f 3551/3536 5775/3540 4384/3541 1026/3537
f 1026/3537 4384/3541 5776/3542 3552/3543
f 4384/3541 20/773 1684/780 5776/3542
f 5776/3542 1684/780 3/779 4363/3544
f 3552/3543 5776/3542 4363/3544 844/3545
f 843/3539 3553/3538 5777/3546 3109/3547
f 3553/3538 1026/3537 3552/3543 5777/3546
f 5777/3546 3552/3543 844/3545 3111/3548
f 3109/3547 5777/3546 3111/3548 706/3549
f 1192/3513 3104/3512 5778/3550 3554/3551
f 705/3511 3113/3552 5778/3550 3104/3512
f 1193/3553 3554/3551 5778/3550 3113/3552
f 705/3511 3107/3533 5779/3554 3113/3552
f 3107/3533 842/3531 3555/3555 5779/3554
f 5779/3554 3555/3555 1027/3556 3558/3557
f 3113/3552 5779/3554 3558/3557 1193/3553
f 842/3531 3108/3530 5780/3558 3555/3555
f 3108/3530 706/3529 3115/3559 5780/3558
f 5780/3558 3115/3559 845/3560 3556/3561
f 3555/3555 5780/3558 3556/3561 1027/3556
f 1027/3556 3556/3561 5781/3562 3557/3563
f 3556/3561 845/3560 3114/3564 5781/3562
f 5781/3562 3114/3564 708/2883 2975/2881
f 3557/3563 5781/3562 2975/2881 777/2876
f 1193/3553 3558/3557 5782/3565 3112/3566
f 3558/3557 1027/3556 3557/3563 5782/3565
f 5782/3565 3557/3563 777/2876 2976/2873
f 3112/3566 5782/3565 2976/2873 1187/2872
f 706/3549 3111/3548 5783/3567 3115/3568
f 3111/3548 844/3545 3559/3569 5783/3567
f 5783/3567 3559/3569 1028/3570 3562/3571
f 3115/3568 5783/3567 3562/3571 845/3572
f 844/3545 4363/3544 5784/3573 3559/3569
f 4363/3544 3/779 4307/821 5784/3573
f 5784/3573 4307/821 846/820 3560/3574
f 3559/3569 5784/3573 3560/3574 1028/3570
f 1028/3570 3560/3574 5785/3575 3561/3576
f 3560/3574 846/820 3116/824 5785/3575
f 5785/3575 3116/824 707/60 2981/2906
f 3561/3576 5785/3575 2981/2906 780/2901
f 845/3572 3562/3571 5786/3577 3114/3578
f 3562/3571 1028/3570 3561/3576 5786/3577
f 5786/3577 3561/3576 780/2901 2982/2898
f 3114/3578 5786/3577 2982/2898 708/2897
f 1221/3579 2972/3580 5787/3581 3563/3582
f 1185/2896 3121/3583 5787/3581 2972/3580
f 848/3584 3563/3582 5787/3581 3121/3583
f 1221/3579 3563/3582 5788/3585 3564/3586
f 3563/3582 848/3584 3120/3587 5788/3585
f 5788/3585 3120/3587 709/3588 3119/3589
f 3564/3586 5788/3585 3119/3589 847/3590
f 1221/3579 3564/3586 5789/3591 3117/3592
f 847/3590 3118/3593 5789/3591 3564/3586
f 1194/3594 3117/3592 5789/3591 3118/3593
f 1185/2896 2977/2895 5790/3595 3121/3583
f 2977/2895 778/2892 3565/3596 5790/3595
f 5790/3595 3565/3596 1029/3597 3568/3598
f 3121/3583 5790/3595 3568/3598 848/3584
f 778/2892 2978/2891 5791/3599 3565/3596
f 2978/2891 670/2890 3125/3600 5791/3599
f 5791/3599 3125/3600 850/3601 3566/3602
f 3565/3596 5791/3599 3566/3602 1029/3597
f 1029/3597 3566/3602 5792/3603 3567/3604
f 3566/3602 850/3601 3124/3605 5792/3603
f 5792/3603 3124/3605 710/3606 3123/3607
f 3567/3604 5792/3603 3123/3607 849/3608
f 848/3584 3568/3598 5793/3609 3120/3587
f 3568/3598 1029/3597 3567/3604 5793/3609
f 5793/3609 3567/3604 849/3608 3122/3610
f 3120/3587 5793/3609 3122/3610 709/3588
f 670/2916 2983/2915 5794/3611 3125/3612
f 2983/2915 781/2912 3569/3613 5794/3611
f 5794/3611 3569/3613 1030/3614 3572/3615
f 3125/3612 5794/3611 3572/3615 850/3616
f 781/2912 4361/2911 5795/3617 3569/3613
f 4361/2911 1/65 4309/872 5795/3617
f 5795/3617 4309/872 852/871 3570/3618
f 3569/3613 5795/3617 3570/3618 1030/3614
f 1030/3614 3570/3618 5796/3619 3571/3620
f 3570/3618 852/871 4308/878 5796/3619
f 5796/3619 4308/878 4/877 4364/3621
f 3571/3620 5796/3619 4364/3621 851/3622
f 850/3616 3572/3615 5797/3623 3124/3624
f 3572/3615 1030/3614 3571/3620 5797/3623
f 5797/3623 3571/3620 851/3622 3126/3625
f 3124/3624 5797/3623 3126/3625 710/3626
f 1194/3594 3118/3593 5798/3627 3127/3628
f 3118/3593 847/3590 3573/3629 5798/3627
f 5798/3627 3573/3629 1031/3630 3576/3631
f 3127/3628 5798/3627 3576/3631 853/3632
f 847/3590 3119/3589 5799/3633 3573/3629
f 3119/3589 709/3588 3130/3634 5799/3633
f 5799/3633 3130/3634 854/3635 3574/3636
f 3573/3629 5799/3633 3574/3636 1031/3630
f 1031/3630 3574/3636 5800/3637 3575/3638
f 3574/3636 854/3635 3129/3639 5800/3637
f 5800/3637 3129/3639 713/2993 3000/2991
f 3575/3638 5800/3637 3000/2991 791/2986
f 853/3632 3576/3631 5801/3640 3128/3641
f 3576/3631 1031/3630 3575/3638 5801/3640
f 5801/3640 3575/3638 791/2986 3001/2983
f 3128/3641 5801/3640 3001/2983 711/2982
f 709/3588 3122/3610 5802/3642 3130/3634
f 3122/3610 849/3608 3577/3643 5802/3642
f 5802/3642 3577/3643 1032/3644 3580/3645
f 3130/3634 5802/3642 3580/3645 854/3635
f 849/3608 3123/3607 5803/3646 3577/3643
f 3123/3607 710/3606 3132/3647 5803/3646
f 5803/3646 3132/3647 855/3648 3578/3649
f 3577/3643 5803/3646 3578/3649 1032/3644
f 1032/3644 3578/3649 5804/3650 3579/3651
f 3578/3649 855/3648 3131/3652 5804/3650
f 5804/3650 3131/3652 712/3015 3008/3013
f 3579/3651 5804/3650 3008/3013 795/3009
f 854/3635 3580/3645 5805/3653 3129/3639
f 3580/3645 1032/3644 3579/3651 5805/3653
f 5805/3653 3579/3651 795/3009 3009/3007
f 3129/3639 5805/3653 3009/3007 713/2993
f 710/3626 3126/3625 5806/3654 3132/3655
f 3126/3625 851/3622 3581/3656 5806/3654
f 5806/3654 3581/3656 1033/3657 3584/3658
f 3132/3655 5806/3654 3584/3658 855/3659
f 851/3622 4364/3621 5807/3660 3581/3656
f 4364/3621 4/877 4322/919 5807/3660
f 5807/3660 4322/919 978/918 3582/3661
f 3581/3656 5807/3660 3582/3661 1033/3657
f 1033/3657 3582/3661 5808/3662 3583/3663
f 3582/3661 978/918 4321/922 5808/3662
f 5808/3662 4321/922 5/200 4371/3036
f 3583/3663 5808/3662 4371/3036 969/3031
f 855/3659 3584/3658 5809/3664 3131/3665
f 3584/3658 1033/3657 3583/3663 5809/3664
f 5809/3664 3583/3663 969/3031 3385/3028
f 3131/3665 5809/3664 3385/3028 712/3027
f 711/2982 3002/2985 5810/3666 3164/3667
f 3002/2985 792/2990 3585/3668 5810/3666
f 5810/3666 3585/3668 1034/3669 3588/3670
f 3164/3667 5810/3666 3588/3670 871/3671
f 792/2990 3003/3004 5811/3672 3585/3668
f 3003/3004 674/3006 3143/3673 5811/3672
f 5811/3672 3143/3673 861/3674 3586/3675
f 3585/3668 5811/3672 3586/3675 1034/3669
f 1034/3669 3586/3675 5812/3676 3587/3677
f 3586/3675 861/3674 3144/3678 5812/3676
f 5812/3676 3144/3678 722/3679 3162/3680
f 3587/3677 5812/3676 3162/3680 870/3681
f 871/3671 3588/3670 5813/3682 3163/3683
f 1034/3669 3587/3677 5813/3682 3588/3670
f 870/3681 3163/3683 5813/3682 3587/3677
f 711/2982 3164/3667 5814/3684 3128/3641
f 3164/3667 871/3671 3589/3685 5814/3684
f 5814/3684 3589/3685 1222/3686 3590/3687
f 3128/3641 5814/3684 3590/3687 853/3632
f 853/3632 3590/3687 5815/3688 3127/3628
f 1222/3686 3166/3689 5815/3688 3590/3687
f 1194/3594 3127/3628 5815/3688 3166/3689
f 1191/3517 3167/3690 5816/3691 3102/3515
f 1223/3692 3593/3693 5816/3691 3167/3690
f 840/3503 3102/3515 5816/3691 3593/3693
f 1223/3692 3591/3694 5817/3695 3592/3696
f 3591/3694 1224/3697 3161/3698 5817/3695
f 5817/3695 3161/3698 730/3699 3169/3700
f 3592/3696 5817/3695 3169/3700 872/3701
f 840/3503 3593/3693 5818/3702 3101/3499
f 3593/3693 1223/3692 3592/3696 5818/3702
f 5818/3702 3592/3696 872/3701 3168/3703
f 3101/3499 5818/3702 3168/3703 701/3465
f 701/3465 3168/3703 5819/3704 3090/3463
f 3168/3703 872/3701 3594/3705 5819/3704
f 5819/3704 3594/3705 1035/3706 3597/3707
f 3090/3463 5819/3704 3597/3707 834/3451
f 872/3701 3169/3700 5820/3708 3594/3705
f 3169/3700 730/3699 3160/3709 5820/3708
f 5820/3708 3160/3709 869/3710 3595/3711
f 3594/3705 5820/3708 3595/3711 1035/3706
f 1035/3706 3595/3711 5821/3712 3596/3713
f 3595/3711 869/3710 3159/3714 5821/3712
f 5821/3712 3159/3714 729/3715 3171/3716
f 3596/3713 5821/3712 3171/3716 873/3717
f 834/3451 3597/3707 5822/3718 3089/3447
f 3597/3707 1035/3706 3596/3713 5822/3718
f 5822/3718 3596/3713 873/3717 3170/3719
f 3089/3447 5822/3718 3170/3719 697/3413
f 697/3413 3170/3719 5823/3720 3078/3411
f 3170/3719 873/3717 3598/3721 5823/3720
f 5823/3720 3598/3721 1036/3722 3601/3723
f 3078/3411 5823/3720 3601/3723 828/3399
f 873/3717 3171/3716 5824/3724 3598/3721
f 3171/3716 729/3715 3158/3725 5824/3724
f 5824/3724 3158/3725 868/3726 3599/3727
f 3598/3721 5824/3724 3599/3727 1036/3722
f 1036/3722 3599/3727 5825/3728 3600/3729
f 3599/3727 868/3726 3157/3730 5825/3728
f 5825/3728 3157/3730 728/3731 3173/3732
f 3600/3729 5825/3728 3173/3732 874/3733
f 828/3399 3601/3723 5826/3734 3077/3395
f 3601/3723 1036/3722 3600/3729 5826/3734
f 5826/3734 3600/3729 874/3733 3172/3735
f 3077/3395 5826/3734 3172/3735 694/3361
f 694/3361 3172/3735 5827/3736 3068/3359
f 3172/3735 874/3733 3602/3737 5827/3736
f 5827/3736 3602/3737 1037/3738 3605/3739
f 3068/3359 5827/3736 3605/3739 823/3347
f 874/3733 3173/3732 5828/3740 3602/3737
f 3173/3732 728/3731 3156/3741 5828/3740
f 5828/3740 3156/3741 867/3742 3603/3743
f 3602/3737 5828/3740 3603/3743 1037/3738
f 1037/3738 3603/3743 5829/3744 3604/3745
f 3603/3743 867/3742 3155/3746 5829/3744
f 5829/3744 3155/3746 727/3747 3175/3748
f 3604/3745 5829/3744 3175/3748 875/3749
f 823/3347 3605/3739 5830/3750 3067/3343
f 3605/3739 1037/3738 3604/3745 5830/3750
f 5830/3750 3604/3745 875/3749 3174/3751
f 3067/3343 5830/3750 3174/3751 671/2941
f 671/2941 3174/3751 5831/3752 2988/2939
f 3174/3751 875/3749 3606/3753 5831/3752
f 5831/3752 3606/3753 1038/3754 3609/3755
f 2988/2939 5831/3752 3609/3755 784/2925
f 875/3749 3175/3748 5832/3756 3606/3753
f 3175/3748 727/3747 3154/3757 5832/3756
f 5832/3756 3154/3757 866/3758 3607/3759
f 3606/3753 5832/3756 3607/3759 1038/3754
f 1038/3754 3607/3759 5833/3760 3608/3761
f 3607/3759 866/3758 3153/3762 5833/3760
f 5833/3760 3153/3762 726/3763 3177/3764
f 3608/3761 5833/3760 3177/3764 876/3765
f 784/2925 3609/3755 5834/3766 2987/2920
f 3609/3755 1038/3754 3608/3761 5834/3766
f 5834/3766 3608/3761 876/3765 3176/3767
f 2987/2920 5834/3766 3176/3767 691/2917
f 691/2917 3176/3767 5835/3768 3062/3317
f 3176/3767 876/3765 3610/3769 5835/3768
f 5835/3768 3610/3769 1039/3770 3613/3771
f 3062/3317 5835/3768 3613/3771 820/3308
f 876/3765 3177/3764 5836/3772 3610/3769
f 3177/3764 726/3763 3152/3773 5836/3772
f 5836/3772 3152/3773 865/3774 3611/3775
f 3610/3769 5836/3772 3611/3775 1039/3770
f 1039/3770 3611/3775 5837/3776 3612/3777
f 3611/3775 865/3774 3151/3778 5837/3776
f 5837/3776 3151/3778 725/3779 3179/3780
f 3612/3777 5837/3776 3179/3780 877/3781
f 820/3308 3613/3771 5838/3782 3061/3304
f 3613/3771 1039/3770 3612/3777 5838/3782
f 5838/3782 3612/3777 877/3781 3178/3783
f 3061/3304 5838/3782 3178/3783 688/3270
f 688/3270 3178/3783 5839/3784 3052/3268
f 3178/3783 877/3781 3614/3785 5839/3784
f 5839/3784 3614/3785 1040/3786 3617/3787
f 3052/3268 5839/3784 3617/3787 815/3256
f 877/3781 3179/3780 5840/3788 3614/3785
f 3179/3780 725/3779 3150/3789 5840/3788
f 5840/3788 3150/3789 864/3790 3615/3791
f 3614/3785 5840/3788 3615/3791 1040/3786
f 1040/3786 3615/3791 5841/3792 3616/3793
f 3615/3791 864/3790 3149/3794 5841/3792
f 5841/3792 3149/3794 724/3795 3181/3796
f 3616/3793 5841/3792 3181/3796 878/3797
f 815/3256 3617/3787 5842/3798 3051/3252
f 3617/3787 1040/3786 3616/3793 5842/3798
f 5842/3798 3616/3793 878/3797 3180/3799
f 3051/3252 5842/3798 3180/3799 685/3218
f 685/3218 3180/3799 5843/3800 3042/3216
f 3180/3799 878/3797 3618/3801 5843/3800
f 5843/3800 3618/3801 1041/3802 3621/3803
f 3042/3216 5843/3800 3621/3803 810/3204
f 878/3797 3181/3796 5844/3804 3618/3801
f 3181/3796 724/3795 3148/3805 5844/3804
f 5844/3804 3148/3805 863/3806 3619/3807
f 3618/3801 5844/3804 3619/3807 1041/3802
f 1041/3802 3619/3807 5845/3808 3620/3809
f 3619/3807 863/3806 3147/3810 5845/3808
f 5845/3808 3147/3810 723/3811 3183/3812
f 3620/3809 5845/3808 3183/3812 879/3813
f 810/3204 3621/3803 5846/3814 3041/3200
f 3621/3803 1041/3802 3620/3809 5846/3814
f 5846/3814 3620/3809 879/3813 3182/3815
f 3041/3200 5846/3814 3182/3815 682/3166
f 682/3166 3182/3815 5847/3816 3032/3164
f 3182/3815 879/3813 3622/3817 5847/3816
f 5847/3816 3622/3817 1042/3818 3625/3819
f 3032/3164 5847/3816 3625/3819 805/3152
f 879/3813 3183/3812 5848/3820 3622/3817
f 3183/3812 723/3811 3146/3821 5848/3820
f 5848/3820 3146/3821 862/3822 3623/3823
f 3622/3817 5848/3820 3623/3823 1042/3818
f 1042/3818 3623/3823 5849/3824 3624/3825
f 3623/3823 862/3822 3145/3826 5849/3824
f 5849/3824 3145/3826 1196/3827 3185/3828
f 3624/3825 5849/3824 3185/3828 1195/3829
f 805/3152 3625/3819 5850/3830 3031/3148
f 3625/3819 1042/3818 3624/3825 5850/3830
f 5850/3830 3624/3825 1195/3829 3184/3831
f 3031/3148 5850/3830 3184/3831 679/3106
f 679/3106 3184/3831 5851/3832 3022/3104
f 3184/3831 1195/3829 3626/3833 5851/3832
f 5851/3832 3626/3833 1225/3834 3627/3835
f 3022/3104 5851/3832 3627/3835 800/3090
f 800/3090 3627/3835 5852/3836 3021/3085
f 1225/3834 3165/3837 5852/3836 3627/3835
f 1188/3082 3021/3085 5852/3836 3165/3837
f 723/3811 3147/3810 5853/3838 3199/3839
f 3147/3810 863/3806 3628/3840 5853/3838
f 5853/3838 3628/3840 1043/3841 3631/3842
f 3199/3839 5853/3838 3631/3842 885/3843
f 863/3806 3148/3805 5854/3844 3628/3840
f 3148/3805 724/3795 3195/3845 5854/3844
f 5854/3844 3195/3845 882/3846 3629/3847
f 3628/3840 5854/3844 3629/3847 1043/3841
f 1043/3841 3629/3847 5855/3848 3630/3849
f 3629/3847 882/3846 3194/3850 5855/3848
f 5855/3848 3194/3850 733/3851 3204/3852
f 3630/3849 5855/3848 3204/3852 887/3853
f 885/3843 3631/3842 5856/3854 3200/3855
f 3631/3842 1043/3841 3630/3849 5856/3854
f 5856/3854 3630/3849 887/3853 3203/3856
f 3200/3855 5856/3854 3203/3856 732/3857
f 731/3059 3188/3858 5857/3859 3189/3060
f 3188/3858 880/3860 3632/3861 5857/3859
f 5857/3859 3632/3861 1226/3862 3634/3863
f 3189/3060 5857/3859 3634/3863 1220/3061
f 880/3860 3187/3864 5858/3865 3632/3861
f 3187/3864 678/3115 3018/3113 5858/3865
f 5858/3865 3018/3113 798/3109 3633/3866
f 3632/3861 5858/3865 3633/3866 1226/3862
f 1226/3862 3633/3866 5859/3867 3186/3868
f 798/3109 3017/3107 5859/3867 3633/3866
f 1190/3093 3186/3868 5859/3867 3017/3107
f 1227/3869 3207/3870 5860/3871 3635/3872
f 1197/3873 3198/3874 5860/3871 3207/3870
f 884/3875 3635/3872 5860/3871 3198/3874
f 1227/3869 3635/3872 5861/3876 3636/3877
f 3635/3872 884/3875 3197/3878 5861/3876
f 5861/3876 3197/3878 730/3699 3161/3698
f 3636/3877 5861/3876 3161/3698 1224/3697
f 1197/3873 3205/3879 5862/3880 3198/3874
f 3205/3879 888/3881 3637/3882 5862/3880
f 5862/3880 3637/3882 1044/3883 3640/3884
f 3198/3874 5862/3880 3640/3884 884/3875
f 888/3881 3206/3885 5863/3886 3637/3882
f 3206/3885 732/3857 3192/3887 5863/3886
f 5863/3886 3192/3887 881/3888 3638/3889
f 3637/3882 5863/3886 3638/3889 1044/3883
f 1044/3883 3638/3889 5864/3890 3639/3891
f 3638/3889 881/3888 3193/3892 5864/3890
f 5864/3890 3193/3892 729/3715 3159/3714
f 3639/3891 5864/3890 3159/3714 869/3710
f 884/3875 3640/3884 5865/3893 3197/3878
f 3640/3884 1044/3883 3639/3891 5865/3893
f 5865/3893 3639/3891 869/3710 3160/3709
f 3197/3878 5865/3893 3160/3709 730/3699
f 732/3857 3203/3856 5866/3894 3192/3887
f 3203/3856 887/3853 3641/3895 5866/3894
f 5866/3894 3641/3895 1045/3896 3644/3897
f 3192/3887 5866/3894 3644/3897 881/3888
f 887/3853 3204/3852 5867/3898 3641/3895
f 3204/3852 733/3851 3202/3899 5867/3898
f 5867/3898 3202/3899 886/3900 3642/3901
f 3641/3895 5867/3898 3642/3901 1045/3896
f 1045/3896 3642/3901 5868/3902 3643/3903
f 3642/3901 886/3900 3201/3904 5868/3902
f 5868/3902 3201/3904 728/3731 3157/3730
f 3643/3903 5868/3902 3157/3730 868/3726
f 881/3888 3644/3897 5869/3905 3193/3892
f 3644/3897 1045/3896 3643/3903 5869/3905
f 5869/3905 3643/3903 868/3726 3158/3725
f 3193/3892 5869/3905 3158/3725 729/3715
f 733/3851 3208/3906 5870/3907 3202/3899
f 3208/3906 889/3908 3645/3909 5870/3907
f 5870/3907 3645/3909 1046/3910 3648/3911
f 3202/3899 5870/3907 3648/3911 886/3900
f 889/3908 3209/3912 5871/3913 3645/3909
f 3209/3912 726/3763 3153/3762 5871/3913
f 5871/3913 3153/3762 866/3758 3646/3914
f 3645/3909 5871/3913 3646/3914 1046/3910
f 1046/3910 3646/3914 5872/3915 3647/3916
f 3646/3914 866/3758 3154/3757 5872/3915
f 5872/3915 3154/3757 727/3747 3155/3746
f 3647/3916 5872/3915 3155/3746 867/3742
f 886/3900 3648/3911 5873/3917 3201/3904
f 3648/3911 1046/3910 3647/3916 5873/3917
f 5873/3917 3647/3916 867/3742 3156/3741
f 3201/3904 5873/3917 3156/3741 728/3731
f 7/275 1703/1391 5874/3918 4365/3076
f 1703/1391 35/1395 4385/3919 5874/3918
f 5874/3918 4385/3919 1047/3920 3651/3921
f 4365/3076 5874/3918 3651/3921 883/3077
f 35/1395 4323/1397 5875/3922 4385/3919
f 4323/1397 716/340 3390/3136 5875/3922
f 5875/3922 3390/3136 972/3131 3649/3923
f 4385/3919 5875/3922 3649/3923 1047/3920
f 1047/3920 3649/3923 5876/3924 3650/3925
f 3649/3923 972/3131 3389/3128 5876/3924
f 5876/3924 3389/3128 678/3127 3187/3926
f 3650/3925 5876/3924 3187/3926 880/3927
f 883/3077 3651/3921 5877/3928 3196/3080
f 3651/3921 1047/3920 3650/3925 5877/3928
f 5877/3928 3650/3925 880/3927 3188/3929
f 3196/3080 5877/3928 3188/3929 731/3081
f 1196/3827 3145/3826 5878/3930 3191/3931
f 3145/3826 862/3822 3652/3932 5878/3930
f 5878/3930 3652/3932 1048/3933 3655/3934
f 3191/3931 5878/3930 3655/3934 1198/3935
f 862/3822 3146/3821 5879/3936 3652/3932
f 3146/3821 723/3811 3199/3839 5879/3936
f 5879/3936 3199/3839 885/3843 3653/3937
f 3652/3932 5879/3936 3653/3937 1048/3933
f 1048/3933 3653/3937 5880/3938 3654/3939
f 3653/3937 885/3843 3200/3855 5880/3938
f 5880/3938 3200/3855 732/3857 3206/3885
f 3654/3939 5880/3938 3206/3885 888/3881
f 1198/3935 3655/3934 5881/3940 3190/3941
f 3655/3934 1048/3933 3654/3939 5881/3940
f 5881/3940 3654/3939 888/3881 3205/3879
f 3190/3941 5881/3940 3205/3879 1197/3873
f 724/3795 3149/3794 5882/3942 3195/3845
f 3149/3794 864/3790 3656/3943 5882/3942
f 5882/3942 3656/3943 1049/3944 3659/3945
f 3195/3845 5882/3942 3659/3945 882/3846
f 864/3790 3150/3789 5883/3946 3656/3943
f 3150/3789 725/3779 3151/3778 5883/3946
f 5883/3946 3151/3778 865/3774 3657/3947
f 3656/3943 5883/3946 3657/3947 1049/3944
f 1049/3944 3657/3947 5884/3948 3658/3949
f 3657/3947 865/3774 3152/3773 5884/3948
f 5884/3948 3152/3773 726/3763 3209/3912
f 3658/3949 5884/3948 3209/3912 889/3908
f 882/3846 3659/3945 5885/3950 3194/3850
f 3659/3945 1049/3944 3658/3949 5885/3950
f 5885/3950 3658/3949 889/3908 3208/3906
f 3194/3850 5885/3950 3208/3906 733/3851
f 1222/3686 4143/3951 5886/3952 3878/3953
f 4143/3951 870/3681 4149/3954 5886/3952
f 5886/3952 4149/3954 1172/3955 4011/3956
f 3878/3953 5886/3952 4011/3956 1177/3957
f 1201/3958 3212/3959 5887/3960 3401/3961
f 3212/3959 1200/3962 3661/3963 5887/3960
f 5887/3960 3661/3963 1050/3964 3664/3965
f 3401/3961 5887/3960 3664/3965 979/3966
f 1200/3962 3211/3967 5888/3968 3661/3963
f 3211/3967 734/3969 3213/3970 5888/3968
f 5888/3968 3213/3970 890/3971 3662/3972
f 3661/3963 5888/3968 3662/3972 1050/3964
f 1050/3964 3662/3972 5889/3973 3663/3974
f 3662/3972 890/3971 4366/3975 5889/3973
f 5889/3973 4366/3975 8/1523 4324/1522
f 3663/3974 5889/3973 4324/1522 980/1521
f 979/3966 3664/3965 5890/3976 4373/3977
f 3664/3965 1050/3964 3663/3974 5890/3976
f 5890/3976 3663/3974 980/1521 4325/1528
f 4373/3977 5890/3976 4325/1528 13/1527
f 750/3978 3216/3979 5891/3980 3215/3981
f 3216/3979 892/3982 3665/3983 5891/3980
f 5891/3980 3665/3983 1051/3984 3668/3985
f 3215/3981 5891/3980 3668/3985 891/3986
f 892/3982 3217/3987 5892/3988 3665/3983
f 3217/3987 735/3989 3218/3990 5892/3988
f 5892/3988 3218/3990 893/3991 3666/3992
f 3665/3983 5892/3988 3666/3992 1051/3984
f 1051/3984 3666/3992 5893/3993 3667/3994
f 3666/3992 893/3991 3219/3995 5893/3993
f 5893/3993 3219/3995 736/3996 3220/3997
f 3667/3994 5893/3993 3220/3997 894/3998
f 891/3986 3668/3985 5894/3999 3214/4000
f 3668/3985 1051/3984 3667/3994 5894/3999
f 5894/3999 3667/3994 894/3998 3221/4001
f 3214/4000 5894/3999 3221/4001 752/4002
f 752/4002 3221/4001 5895/4003 3223/4004
f 3221/4001 894/3998 3669/4005 5895/4003
f 5895/4003 3669/4005 1052/4006 3672/4007
f 3223/4004 5895/4003 3672/4007 895/4008
f 894/3998 3220/3997 5896/4009 3669/4005
f 3220/3997 736/3996 3224/4010 5896/4009
f 5896/4009 3224/4010 896/4011 3670/4012
f 3669/4005 5896/4009 3670/4012 1052/4006
f 1052/4006 3670/4012 5897/4013 3671/4014
f 3670/4012 896/4011 3225/4015 5897/4013
f 5897/4013 3225/4015 737/4016 3226/4017
f 3671/4014 5897/4013 3226/4017 897/4018
f 895/4008 3672/4007 5898/4019 3222/4020
f 3672/4007 1052/4006 3671/4014 5898/4019
f 5898/4019 3671/4014 897/4018 3227/4021
f 3222/4020 5898/4019 3227/4021 751/4022
f 751/4023 3227/4024 5899/4025 3229/4026
f 3227/4024 897/4027 3673/4028 5899/4025
f 5899/4025 3673/4028 1053/4029 3675/4030
f 3229/4026 5899/4025 3675/4030 898/4031
f 897/4027 3226/4032 5900/4033 3673/4028
f 3226/4032 737/4034 3230/4035 5900/4033
f 5900/4033 3230/4035 899/4036 3674/4037
f 3673/4028 5900/4033 3674/4037 1053/4029
f 1053/4029 3674/4037 5901/4038 4386/4039
f 3674/4037 899/4036 4367/4040 5901/4038
f 5901/4038 4367/4040 9/1593 1686/1592
f 4386/4039 5901/4038 1686/1592 22/1591
f 898/4031 3675/4030 5902/4041 3228/4042
f 3675/4030 1053/4029 4386/4039 5902/4041
f 5902/4041 4386/4039 22/1591 4311/1598
f 3228/4042 5902/4041 4311/1598 749/1597
f 762/4043 3233/4044 5903/4045 3232/4046
f 3233/4044 901/4047 3676/4048 5903/4045
f 5903/4045 3676/4048 1054/4049 3679/4050
f 3232/4046 5903/4045 3679/4050 900/4051
f 901/4047 3234/4052 5904/4053 3676/4048
f 3234/4052 674/3006 3004/3005 5904/4053
f 5904/4053 3004/3005 793/3002 3677/4054
f 3676/4048 5904/4053 3677/4054 1054/4049
f 1054/4049 3677/4054 5905/4055 3678/4056
f 3677/4054 793/3002 3005/3001 5905/4055
f 5905/4055 3005/3001 675/3000 3235/4057
f 3678/4056 5905/4055 3235/4057 902/4058
f 900/4051 3679/4050 5906/4059 3231/4060
f 3679/4050 1054/4049 3678/4056 5906/4059
f 5906/4059 3678/4056 902/4058 3236/4061
f 3231/4060 5906/4059 3236/4061 764/4062
f 764/4062 3236/4061 5907/4063 3238/4064
f 3236/4061 902/4058 3680/4065 5907/4063
f 5907/4063 3680/4065 1055/4066 3683/4067
f 3238/4064 5907/4063 3683/4067 903/4068
f 902/4058 3235/4057 5908/4069 3680/4065
f 3235/4057 675/3000 3010/3026 5908/4069
f 5908/4069 3010/3026 796/3024 3681/4070
f 3680/4065 5908/4069 3681/4070 1055/4066
f 1055/4066 3681/4070 5909/4071 3682/4072
f 3681/4070 796/3024 3011/3023 5909/4071
f 5909/4071 3011/3023 676/3022 3239/4073
f 3682/4072 5909/4071 3239/4073 904/4074
f 903/4068 3683/4067 5910/4075 3237/4076
f 3683/4067 1055/4066 3682/4072 5910/4075
f 5910/4075 3682/4072 904/4074 3240/4077
f 3237/4076 5910/4075 3240/4077 763/4078
f 763/4079 3240/4080 5911/4081 3402/4082
f 3240/4080 904/4083 3684/4084 5911/4081
f 5911/4081 3684/4084 1056/4085 3686/4086
f 3402/4082 5911/4081 3686/4086 981/4087
f 904/4083 3239/4088 5912/4089 3684/4084
f 3239/4088 676/4090 3386/4091 5912/4089
f 5912/4089 3386/4091 970/4092 3685/4093
f 3684/4084 5912/4089 3685/4093 1056/4085
f 1056/4085 3685/4093 5913/4094 4387/4095
f 3685/4093 970/4092 3387/4096 5913/4094
f 5913/4094 3387/4096 715/1654 4314/1653
f 4387/4095 5913/4094 4314/1653 26/1652
f 981/4087 3686/4086 5914/4097 4374/4098
f 3686/4086 1056/4085 4387/4095 5914/4097
f 5914/4097 4387/4095 26/1652 1691/1659
f 4374/4098 5914/4097 1691/1659 14/1658
f 1229/4099 3687/4100 5915/4101 3688/4102
f 3687/4100 1228/4103 3367/4104 5915/4101
f 5915/4101 3367/4104 775/4105 3242/4106
f 3688/4102 5915/4101 3242/4106 905/4107
f 1218/3047 3689/4108 5916/4109 3016/3048
f 3689/4108 1229/4099 3688/4102 5916/4109
f 5916/4109 3688/4102 905/4107 3243/4110
f 3016/3048 5916/4109 3243/4110 677/3051
f 677/4111 3243/4112 5917/4113 3388/4114
f 3243/4112 905/4115 3690/4116 5917/4113
f 5917/4113 3690/4116 1057/4117 3693/4118
f 3388/4114 5917/4113 3693/4118 971/4119
f 905/4115 3242/4120 5918/4121 3690/4116
f 3242/4120 775/4122 3372/4123 5918/4121
f 5918/4121 3372/4123 962/4124 3691/4125
f 3690/4116 5918/4121 3691/4125 1057/4117
f 1057/4117 3691/4125 5919/4126 3692/4127
f 3691/4125 962/4124 4398/4128 5919/4126
f 5919/4126 4398/4128 38/1715 4330/1714
f 3692/4127 5919/4126 4330/1714 982/1713
f 971/4119 3693/4118 5920/4129 4372/4130
f 3693/4118 1057/4117 3692/4127 5920/4129
f 5920/4129 3692/4127 982/1713 4326/1720
f 4372/4130 5920/4129 4326/1720 6/1719
f 1230/4131 3694/4132 5921/4133 3695/4134
f 3694/4132 1205/4135 3248/4136 5921/4133
f 5921/4133 3248/4136 739/4137 3249/4138
f 3695/4134 5921/4133 3249/4138 907/4139
f 1231/4140 3696/4141 5922/4142 3241/4143
f 3696/4141 1230/4131 3695/4134 5922/4142
f 5922/4142 3695/4134 907/4139 3250/4144
f 3241/4143 5922/4142 3250/4144 738/4145
f 738/4146 3250/4147 5923/4148 3244/4149
f 3250/4147 907/4150 3697/4151 5923/4148
f 5923/4148 3697/4151 1058/4152 3700/4153
f 3244/4149 5923/4148 3700/4153 906/4154
f 907/4150 3249/4155 5924/4156 3697/4151
f 3249/4155 739/4157 3403/4158 5924/4156
f 5924/4156 3403/4158 983/4159 3698/4160
f 3697/4151 5924/4156 3698/4160 1058/4152
f 1058/4152 3698/4160 5925/4161 3699/4162
f 3698/4160 983/4159 3404/4163 5925/4161
f 5925/4161 3404/4163 765/1785 3405/1784
f 3699/4162 5925/4161 3405/1784 984/1783
f 906/4154 3700/4153 5926/4164 4368/4165
f 3700/4153 1058/4152 3699/4162 5926/4164
f 5926/4164 3699/4162 984/1783 4327/1790
f 4368/4165 5926/4164 4327/1790 10/1789
f 1202/4166 3251/4167 5927/4168 3245/4169
f 3251/4167 908/4170 3701/4171 5927/4168
f 5927/4168 3701/4171 1059/4172 3704/4173
f 3245/4169 5927/4168 3704/4173 1203/4174
f 908/4170 3252/4175 5928/4176 3701/4171
f 3252/4175 740/4177 3253/4178 5928/4176
f 5928/4176 3253/4178 909/4179 3702/4180
f 3701/4171 5928/4176 3702/4180 1059/4172
f 1059/4172 3702/4180 5929/4181 3703/4182
f 3702/4180 909/4179 3254/4183 5929/4181
f 5929/4181 3254/4183 741/4184 3255/4185
f 3703/4182 5929/4181 3255/4185 910/4186
f 1203/4174 3704/4173 5930/4187 3246/4188
f 3704/4173 1059/4172 3703/4182 5930/4187
f 5930/4187 3703/4182 910/4186 3256/4189
f 3246/4188 5930/4187 3256/4189 1204/4190
f 1204/4190 3256/4189 5931/4191 3247/4192
f 3256/4189 910/4186 3705/4193 5931/4191
f 5931/4191 3705/4193 1060/4194 3708/4195
f 3247/4192 5931/4191 3708/4195 1205/4135
f 910/4186 3255/4185 5932/4196 3705/4193
f 3255/4185 741/4184 3257/4197 5932/4196
f 5932/4196 3257/4197 911/4198 3706/4199
f 3705/4193 5932/4196 3706/4199 1060/4194
f 1060/4194 3706/4199 5933/4200 3707/4201
f 3706/4199 911/4198 3258/4202 5933/4200
f 5933/4200 3258/4202 742/4203 3259/4204
f 3707/4201 5933/4200 3259/4204 912/4205
f 1205/4135 3708/4195 5934/4206 3248/4136
f 3708/4195 1060/4194 3707/4201 5934/4206
f 5934/4206 3707/4201 912/4205 3260/4207
f 3248/4136 5934/4206 3260/4207 739/4137
f 739/4157 3260/4208 5935/4209 3403/4158
f 3260/4208 912/4210 3709/4211 5935/4209
f 5935/4209 3709/4211 1061/4212 3711/4213
f 3403/4158 5935/4209 3711/4213 983/4159
f 912/4210 3259/4214 5936/4215 3709/4211
f 3259/4214 742/4216 3406/4217 5936/4215
f 5936/4215 3406/4217 985/4218 3710/4219
f 3709/4211 5936/4215 3710/4219 1061/4212
f 1061/4212 3710/4219 5937/4220 4388/4221
f 3710/4219 985/4218 4375/4222 5937/4220
f 5937/4220 4375/4222 15/1843 1692/1842
f 4388/4221 5937/4220 1692/1842 27/1841
f 983/4159 3711/4213 5938/4223 3404/4163
f 3711/4213 1061/4212 4388/4221 5938/4223
f 5938/4223 4388/4221 27/1841 4315/1846
f 3404/4163 5938/4223 4315/1846 765/1785
f 740/4177 3261/4224 5939/4225 3253/4178
f 3261/4224 913/4226 3712/4227 5939/4225
f 5939/4225 3712/4227 1062/4228 3715/4229
f 3253/4178 5939/4225 3715/4229 909/4179
f 913/4226 3262/4230 5940/4231 3712/4227
f 3262/4230 743/4232 3263/4233 5940/4231
f 5940/4231 3263/4233 914/4234 3713/4235
f 3712/4227 5940/4231 3713/4235 1062/4228
f 1062/4228 3713/4235 5941/4236 3714/4237
f 3713/4235 914/4234 3264/4238 5941/4236
f 5941/4236 3264/4238 744/4239 3265/4240
f 3714/4237 5941/4236 3265/4240 915/4241
f 909/4179 3715/4229 5942/4242 3254/4183
f 3715/4229 1062/4228 3714/4237 5942/4242
f 5942/4242 3714/4237 915/4241 3266/4243
f 3254/4183 5942/4242 3266/4243 741/4184
f 741/4184 3266/4243 5943/4244 3257/4197
f 3266/4243 915/4241 3716/4245 5943/4244
f 5943/4244 3716/4245 1063/4246 3719/4247
f 3257/4197 5943/4244 3719/4247 911/4198
f 915/4241 3265/4240 5944/4248 3716/4245
f 3265/4240 744/4239 3267/4249 5944/4248
f 5944/4248 3267/4249 916/4250 3717/4251
f 3716/4245 5944/4248 3717/4251 1063/4246
f 1063/4246 3717/4251 5945/4252 3718/4253
f 3717/4251 916/4250 3268/4254 5945/4252
f 5945/4252 3268/4254 745/4255 3269/4256
f 3718/4253 5945/4252 3269/4256 917/4257
f 911/4198 3719/4247 5946/4258 3258/4202
f 3719/4247 1063/4246 3718/4253 5946/4258
f 5946/4258 3718/4253 917/4257 3270/4259
f 3258/4202 5946/4258 3270/4259 742/4203
f 742/4216 3270/4260 5947/4261 3406/4217
f 3270/4260 917/4262 3720/4263 5947/4261
f 5947/4261 3720/4263 1064/4264 3722/4265
f 3406/4217 5947/4261 3722/4265 985/4218
f 917/4262 3269/4266 5948/4267 3720/4263
f 3269/4266 745/4268 3271/4269 5948/4267
f 5948/4267 3271/4269 918/4270 3721/4271
f 3720/4263 5948/4267 3721/4271 1064/4264
f 1064/4264 3721/4271 5949/4272 4389/4273
f 3721/4271 918/4270 4369/4274 5949/4272
f 5949/4272 4369/4274 11/1899 1704/1898
f 4389/4273 5949/4272 1704/1898 36/1897
f 985/4218 3722/4265 5950/4275 4375/4222
f 3722/4265 1064/4264 4389/4273 5950/4275
f 5950/4275 4389/4273 36/1897 1705/1902
f 4375/4222 5950/4275 1705/1902 15/1843
f 743/4232 3272/4276 5951/4277 3263/4233
f 3272/4276 919/4278 3723/4279 5951/4277
f 5951/4277 3723/4279 1065/4280 3726/4281
f 3263/4233 5951/4277 3726/4281 914/4234
f 919/4278 3273/4282 5952/4283 3723/4279
f 3273/4282 746/4284 3274/4285 5952/4283
f 5952/4283 3274/4285 920/4286 3724/4287
f 3723/4279 5952/4283 3724/4287 1065/4280
f 1065/4280 3724/4287 5953/4288 3725/4289
f 3724/4287 920/4286 3275/4290 5953/4288
f 5953/4288 3275/4290 747/4291 3276/4292
f 3725/4289 5953/4288 3276/4292 921/4293
f 914/4234 3726/4281 5954/4294 3264/4238
f 3726/4281 1065/4280 3725/4289 5954/4294
f 5954/4294 3725/4289 921/4293 3277/4295
f 3264/4238 5954/4294 3277/4295 744/4239
f 744/4239 3277/4295 5955/4296 3267/4249
f 3277/4295 921/4293 3727/4297 5955/4296
f 5955/4296 3727/4297 1066/4298 3730/4299
f 3267/4249 5955/4296 3730/4299 916/4250
f 921/4293 3276/4292 5956/4300 3727/4297
f 3276/4292 747/4291 3278/4301 5956/4300
f 5956/4300 3278/4301 922/4302 3728/4303
f 3727/4297 5956/4300 3728/4303 1066/4298
f 1066/4298 3728/4303 5957/4304 3729/4305
f 3728/4303 922/4302 3279/4306 5957/4304
f 5957/4304 3279/4306 748/4307 3280/4308
f 3729/4305 5957/4304 3280/4308 923/4309
f 916/4250 3730/4299 5958/4310 3268/4254
f 3730/4299 1066/4298 3729/4305 5958/4310
f 5958/4310 3729/4305 923/4309 3281/4311
f 3268/4254 5958/4310 3281/4311 745/4255
f 745/4268 3281/4312 5959/4313 3271/4269
f 3281/4312 923/4314 3731/4315 5959/4313
f 5959/4313 3731/4315 1067/4316 3733/4317
f 3271/4269 5959/4313 3733/4317 918/4270
f 923/4314 3280/4318 5960/4319 3731/4315
f 3280/4318 748/4320 3282/4321 5960/4319
f 5960/4319 3282/4321 924/4322 3732/4323
f 3731/4315 5960/4319 3732/4323 1067/4316
f 1067/4316 3732/4323 5961/4324 4390/4325
f 3732/4323 924/4322 4370/4326 5961/4324
f 5961/4324 4370/4326 12/1955 1687/1954
f 4390/4325 5961/4324 1687/1954 23/1953
f 918/4270 3733/4317 5962/4327 4369/4274
f 3733/4317 1067/4316 4390/4325 5962/4327
f 5962/4327 4390/4325 23/1953 1688/1958
f 4369/4274 5962/4327 1688/1958 11/1899
f 746/4284 3283/4328 5963/4329 3274/4285
f 3283/4328 925/4330 3734/4331 5963/4329
f 5963/4329 3734/4331 1068/4332 3737/4333
f 3274/4285 5963/4329 3737/4333 920/4286
f 925/4330 3284/4334 5964/4335 3734/4331
f 3284/4334 750/3978 3215/3981 5964/4335
f 5964/4335 3215/3981 891/3986 3735/4336
f 3734/4331 5964/4335 3735/4336 1068/4332
f 1068/4332 3735/4336 5965/4337 3736/4338
f 3735/4336 891/3986 3214/4000 5965/4337
f 5965/4337 3214/4000 752/4002 3285/4339
f 3736/4338 5965/4337 3285/4339 926/4340
f 920/4286 3737/4333 5966/4341 3275/4290
f 3737/4333 1068/4332 3736/4338 5966/4341
f 5966/4341 3736/4338 926/4340 3286/4342
f 3275/4290 5966/4341 3286/4342 747/4291
f 747/4291 3286/4342 5967/4343 3278/4301
f 3286/4342 926/4340 3738/4344 5967/4343
f 5967/4343 3738/4344 1069/4345 3741/4346
f 3278/4301 5967/4343 3741/4346 922/4302
f 926/4340 3285/4339 5968/4347 3738/4344
f 3285/4339 752/4002 3223/4004 5968/4347
f 5968/4347 3223/4004 895/4008 3739/4348
f 3738/4344 5968/4347 3739/4348 1069/4345
f 1069/4345 3739/4348 5969/4349 3740/4350
f 3739/4348 895/4008 3222/4020 5969/4349
f 5969/4349 3222/4020 751/4022 3287/4351
f 3740/4350 5969/4349 3287/4351 927/4352
f 922/4302 3741/4346 5970/4353 3279/4306
f 3741/4346 1069/4345 3740/4350 5970/4353
f 5970/4353 3740/4350 927/4352 3288/4354
f 3279/4306 5970/4353 3288/4354 748/4307
f 748/4320 3288/4355 5971/4356 3282/4321
f 3288/4355 927/4357 3742/4358 5971/4356
f 5971/4356 3742/4358 1070/4359 3744/4360
f 3282/4321 5971/4356 3744/4360 924/4322
f 927/4357 3287/4361 5972/4362 3742/4358
f 3287/4361 751/4023 3229/4026 5972/4362
f 5972/4362 3229/4026 898/4031 3743/4363
f 3742/4358 5972/4362 3743/4363 1070/4359
f 1070/4359 3743/4363 5973/4364 4391/4365
f 3743/4363 898/4031 3228/4042 5973/4364
f 5973/4364 3228/4042 749/1597 4312/1998
f 4391/4365 5973/4364 4312/1998 24/1997
f 924/4322 3744/4360 5974/4366 4370/4326
f 3744/4360 1070/4359 4391/4365 5974/4366
f 5974/4366 4391/4365 24/1997 1689/2000
f 4370/4326 5974/4366 1689/2000 12/1955
f 735/3989 3289/4367 5975/4368 3218/3990
f 3289/4367 928/4369 3745/4370 5975/4368
f 5975/4368 3745/4370 1071/4371 3748/4372
f 3218/3990 5975/4368 3748/4372 893/3991
f 928/4369 3290/4373 5976/4374 3745/4370
f 3290/4373 753/4375 3291/4376 5976/4374
f 5976/4374 3291/4376 929/4377 3746/4378
f 3745/4370 5976/4374 3746/4378 1071/4371
f 1071/4371 3746/4378 5977/4379 3747/4380
f 3746/4378 929/4377 3292/4381 5977/4379
f 5977/4379 3292/4381 755/4382 3293/4383
f 3747/4380 5977/4379 3293/4383 930/4384
f 893/3991 3748/4372 5978/4385 3219/3995
f 3748/4372 1071/4371 3747/4380 5978/4385
f 5978/4385 3747/4380 930/4384 3294/4386
f 3219/3995 5978/4385 3294/4386 736/3996
f 736/3996 3294/4386 5979/4387 3224/4010
f 3294/4386 930/4384 3749/4388 5979/4387
f 5979/4387 3749/4388 1072/4389 3752/4390
f 3224/4010 5979/4387 3752/4390 896/4011
f 930/4384 3293/4383 5980/4391 3749/4388
f 3293/4383 755/4382 3295/4392 5980/4391
f 5980/4391 3295/4392 931/4393 3750/4394
f 3749/4388 5980/4391 3750/4394 1072/4389
f 1072/4389 3750/4394 5981/4395 3751/4396
f 3750/4394 931/4393 3296/4397 5981/4395
f 5981/4395 3296/4397 756/4398 3297/4399
f 3751/4396 5981/4395 3297/4399 932/4400
f 896/4011 3752/4390 5982/4401 3225/4015
f 3752/4390 1072/4389 3751/4396 5982/4401
f 5982/4401 3751/4396 932/4400 3298/4402
f 3225/4015 5982/4401 3298/4402 737/4016
f 737/4034 3298/4403 5983/4404 3230/4035
f 3298/4403 932/4405 3753/4406 5983/4404
f 5983/4404 3753/4406 1073/4407 3755/4408
f 3230/4035 5983/4404 3755/4408 899/4036
f 932/4405 3297/4409 5984/4410 3753/4406
f 3297/4409 756/4411 3299/4412 5984/4410
f 5984/4410 3299/4412 933/4413 3754/4414
f 3753/4406 5984/4410 3754/4414 1073/4407
f 1073/4407 3754/4414 5985/4415 4392/4416
f 3754/4414 933/4413 3300/4417 5985/4415
f 5985/4415 3300/4417 754/2053 4313/2052
f 4392/4416 5985/4415 4313/2052 25/2051
f 899/4036 3755/4408 5986/4418 4367/4040
f 3755/4408 1073/4407 4392/4416 5986/4418
f 5986/4418 4392/4416 25/2051 1690/2056
f 4367/4040 5986/4418 1690/2056 9/1593
f 753/4375 3301/4419 5987/4420 3291/4376
f 3301/4419 934/4421 3756/4422 5987/4420
f 5987/4420 3756/4422 1074/4423 3759/4424
f 3291/4376 5987/4420 3759/4424 929/4377
f 934/4421 3302/4425 5988/4426 3756/4422
f 3302/4425 1206/4427 3303/4428 5988/4426
f 5988/4426 3303/4428 1207/4429 3757/4430
f 3756/4422 5988/4426 3757/4430 1074/4423
f 1074/4423 3757/4430 5989/4431 3758/4432
f 3757/4430 1207/4429 3304/4433 5989/4431
f 5989/4431 3304/4433 757/4434 3305/4435
f 3758/4432 5989/4431 3305/4435 935/4436
f 929/4377 3759/4424 5990/4437 3292/4381
f 3759/4424 1074/4423 3758/4432 5990/4437
f 5990/4437 3758/4432 935/4436 3306/4438
f 3292/4381 5990/4437 3306/4438 755/4382
f 755/4382 3306/4438 5991/4439 3295/4392
f 3306/4438 935/4436 3760/4440 5991/4439
f 5991/4439 3760/4440 1075/4441 3763/4442
f 3295/4392 5991/4439 3763/4442 931/4393
f 935/4436 3305/4435 5992/4443 3760/4440
f 3305/4435 757/4434 3307/4444 5992/4443
f 5992/4443 3307/4444 936/4445 3761/4446
f 3760/4440 5992/4443 3761/4446 1075/4441
f 1075/4441 3761/4446 5993/4447 3762/4448
f 3761/4446 936/4445 3308/4449 5993/4447
f 5993/4447 3308/4449 758/4450 3309/4451
f 3762/4448 5993/4447 3309/4451 937/4452
f 931/4393 3763/4442 5994/4453 3296/4397
f 3763/4442 1075/4441 3762/4448 5994/4453
f 5994/4453 3762/4448 937/4452 3310/4454
f 3296/4397 5994/4453 3310/4454 756/4398
f 756/4411 3310/4455 5995/4456 3299/4412
f 3310/4455 937/4457 3764/4458 5995/4456
f 5995/4456 3764/4458 1076/4459 3767/4460
f 3299/4412 5995/4456 3767/4460 933/4413
f 937/4457 3309/4461 5996/4462 3764/4458
f 3309/4461 758/4463 3407/4464 5996/4462
f 5996/4462 3407/4464 986/4465 3765/4466
f 3764/4458 5996/4462 3765/4466 1076/4459
f 1076/4459 3765/4466 5997/4467 3766/4468
f 3765/4466 986/4465 4376/4469 5997/4467
f 5997/4467 4376/4469 16/2109 4328/2108
f 3766/4468 5997/4467 4328/2108 987/2107
f 933/4413 3767/4460 5998/4470 3300/4417
f 3767/4460 1076/4459 3766/4468 5998/4470
f 5998/4470 3766/4468 987/2107 3408/2112
f 3300/4417 5998/4470 3408/2112 754/2053
f 1207/4429 3768/4471 5999/4472 3304/4433
f 1232/4473 3311/4474 5999/4472 3768/4471
f 757/4434 3304/4433 5999/4472 3311/4474
f 757/4434 3311/4474 6000/4475 3307/4444
f 3311/4474 1232/4473 3769/4476 6000/4475
f 6000/4475 3769/4476 1233/4477 3771/4478
f 3307/4444 6000/4475 3771/4478 936/4445
f 936/4445 3771/4478 6001/4479 3308/4449
f 3771/4478 1233/4477 3770/4480 6001/4479
f 6001/4479 3770/4480 938/4481 3314/4482
f 3308/4449 6001/4479 3314/4482 758/4450
f 758/4463 3314/4483 6002/4484 3407/4464
f 3314/4483 938/4485 3772/4486 6002/4484
f 6002/4484 3772/4486 1077/4487 3774/4488
f 3407/4464 6002/4484 3774/4488 986/4465
f 938/4485 3313/4489 6003/4490 3772/4486
f 3313/4489 1208/4491 3409/4492 6003/4490
f 6003/4490 3409/4492 988/4493 3773/4494
f 3772/4486 6003/4490 3773/4494 1077/4487
f 1077/4487 3773/4494 6004/4495 4393/4496
f 3773/4494 988/4493 4377/4497 6004/4495
f 6004/4495 4377/4497 17/2165 1694/2164
f 4393/4496 6004/4495 1694/2164 28/2163
f 986/4465 3774/4488 6005/4498 4376/4469
f 3774/4488 1077/4487 4393/4496 6005/4498
f 6005/4498 4393/4496 28/2163 1693/2168
f 4376/4469 6005/4498 1693/2168 16/2109
f 1208/4491 3316/4499 6006/4500 3409/4492
f 3316/4499 1210/4501 3775/4502 6006/4500
f 6006/4500 3775/4502 1078/4503 3777/4504
f 3409/4492 6006/4500 3777/4504 988/4493
f 1210/4501 3315/4505 6007/4506 3775/4502
f 3315/4505 1209/4507 3410/4508 6007/4506
f 6007/4506 3410/4508 989/4509 3776/4510
f 3775/4502 6007/4506 3776/4510 1078/4503
f 1078/4503 3776/4510 6008/4511 4394/4512
f 3776/4510 989/4509 4378/4513 6008/4511
f 6008/4511 4378/4513 18/2221 1696/2220
f 4394/4512 6008/4511 1696/2220 29/2219
f 988/4493 3777/4504 6009/4514 4377/4497
f 3777/4504 1078/4503 4394/4512 6009/4514
f 6009/4514 4394/4512 29/2219 1695/2224
f 4377/4497 6009/4514 1695/2224 17/2165
f 1209/4507 4120/4515 6010/4516 3410/4508
f 4120/4515 1211/4517 3778/4518 6010/4516
f 6010/4516 3778/4518 1079/4519 3779/4520
f 3410/4508 6010/4516 3779/4520 989/4509
f 1211/4517 4126/4521 6011/4522 3778/4518
f 4126/4521 1201/3958 3401/3961 6011/4522
f 6011/4522 3401/3961 979/3966 4127/4523
f 3778/4518 6011/4522 4127/4523 1079/4519
f 989/4509 3779/4520 6012/4524 4378/4513
f 3779/4520 1079/4519 4395/4525 6012/4524
f 6012/4524 4395/4525 30/2263 1697/2266
f 4378/4513 6012/4524 1697/2266 18/2221
f 759/4526 3317/4527 6013/4528 3780/4529
f 939/4530 3781/4531 6013/4528 3317/4527
f 1234/4532 3780/4529 6013/4528 3781/4531
f 1234/4532 3781/4531 6014/4533 3782/4534
f 3781/4531 939/4530 3318/4535 6014/4533
f 6014/4533 3318/4535 760/4536 3319/4537
f 3782/4534 6014/4533 3319/4537 1212/4538
f 1212/4538 3319/4537 6015/4539 3783/4540
f 3319/4537 760/4536 3320/4541 6015/4539
f 6015/4539 3320/4541 940/4542 3784/4543
f 3783/4540 6015/4539 3784/4543 1080/4544
f 1080/4544 3784/4543 6016/4545 3785/4546
f 3784/4543 940/4542 3321/4547 6016/4545
f 6016/4545 3321/4547 761/4548 3322/4549
f 3785/4546 6016/4545 3322/4549 941/4550
f 1199/4551 3786/4552 6017/4553 3210/4554
f 3786/4552 1080/4544 3785/4546 6017/4553
f 6017/4553 3785/4546 941/4550 3323/4555
f 3210/4554 6017/4553 3323/4555 734/4556
f 734/3969 3323/4557 6018/4558 3213/3970
f 3323/4557 941/4559 3787/4560 6018/4558
f 6018/4558 3787/4560 1081/4561 3789/4562
f 3213/3970 6018/4558 3789/4562 890/3971
f 941/4559 3322/4563 6019/4564 3787/4560
f 3322/4563 761/4565 3411/4566 6019/4564
f 6019/4564 3411/4566 990/4567 3788/4568
f 3787/4560 6019/4564 3788/4568 1081/4561
f 1081/4561 3788/4568 6020/4569 4396/4570
f 3788/4568 990/4567 3412/4571 6020/4569
f 6020/4569 3412/4571 766/2319 4329/2318
f 4396/4570 6020/4569 4329/2318 37/2317
f 890/3971 3789/4562 6021/4572 4366/3975
f 3789/4562 1081/4561 4396/4570 6021/4572
f 6021/4572 4396/4570 37/2317 1706/2322
f 4366/3975 6021/4572 1706/2322 8/1523
f 759/4526 3324/4573 6022/4574 3317/4527
f 3324/4573 942/4575 3790/4576 6022/4574
f 6022/4574 3790/4576 1082/4577 3793/4578
f 3317/4527 6022/4574 3793/4578 939/4530
f 942/4575 3325/4579 6023/4580 3790/4576
f 3325/4579 762/4043 3232/4046 6023/4580
f 6023/4580 3232/4046 900/4051 3791/4581
f 3790/4576 6023/4580 3791/4581 1082/4577
f 1082/4577 3791/4581 6024/4582 3792/4583
f 3791/4581 900/4051 3231/4060 6024/4582
f 6024/4582 3231/4060 764/4062 3326/4584
f 3792/4583 6024/4582 3326/4584 943/4585
f 939/4530 3793/4578 6025/4586 3318/4535
f 3793/4578 1082/4577 3792/4583 6025/4586
f 6025/4586 3792/4583 943/4585 3327/4587
f 3318/4535 6025/4586 3327/4587 760/4536
f 760/4536 3327/4587 6026/4588 3320/4541
f 3327/4587 943/4585 3794/4589 6026/4588
f 6026/4588 3794/4589 1083/4590 3797/4591
f 3320/4541 6026/4588 3797/4591 940/4542
f 943/4585 3326/4584 6027/4592 3794/4589
f 3326/4584 764/4062 3238/4064 6027/4592
f 6027/4592 3238/4064 903/4068 3795/4593
f 3794/4589 6027/4592 3795/4593 1083/4590
f 1083/4590 3795/4593 6028/4594 3796/4595
f 3795/4593 903/4068 3237/4076 6028/4594
f 6028/4594 3237/4076 763/4078 3328/4596
f 3796/4595 6028/4594 3328/4596 944/4597
f 940/4542 3797/4591 6029/4598 3321/4547
f 3797/4591 1083/4590 3796/4595 6029/4598
f 6029/4598 3796/4595 944/4597 3329/4599
f 3321/4547 6029/4598 3329/4599 761/4548
f 761/4565 3329/4600 6030/4601 3411/4566
f 3329/4600 944/4602 3798/4603 6030/4601
f 6030/4601 3798/4603 1084/4604 3801/4605
f 3411/4566 6030/4601 3801/4605 990/4567
f 944/4602 3328/4606 6031/4607 3798/4603
f 3328/4606 763/4079 3402/4082 6031/4607
f 6031/4607 3402/4082 981/4087 3799/4608
f 3798/4603 6031/4607 3799/4608 1084/4604
f 1084/4604 3799/4608 6032/4609 3800/4610
f 3799/4608 981/4087 4374/4098 6032/4609
f 6032/4609 4374/4098 14/1658 4316/2362
f 3800/4610 6032/4609 4316/2362 945/2361
f 990/4567 3801/4605 6033/4611 3412/4571
f 3801/4605 1084/4604 3800/4610 6033/4611
f 6033/4611 3800/4610 945/2361 3330/2364
f 3412/4571 6033/4611 3330/2364 766/2319
f 762/4043 3349/4612 6034/4613 3233/4044
f 3349/4612 953/4614 3802/4615 6034/4613
f 6034/4613 3802/4615 1085/4616 3805/4617
f 3233/4044 6034/4613 3805/4617 901/4047
f 953/4614 3348/4618 6035/4619 3802/4615
f 3348/4618 774/4620 3346/4621 6035/4619
f 6035/4619 3346/4621 952/4622 3803/4623
f 3802/4615 6035/4619 3803/4623 1085/4616
f 1085/4616 3803/4623 6036/4624 3804/4625
f 3803/4623 952/4622 3347/4626 6036/4624
f 6036/4624 3347/4626 722/3679 3144/3678
f 3804/4625 6036/4624 3144/3678 861/3674
f 901/4047 3805/4617 6037/4627 3234/4052
f 3805/4617 1085/4616 3804/4625 6037/4627
f 6037/4627 3804/4625 861/3674 3143/3673
f 3234/4052 6037/4627 3143/3673 674/3006
f 1113/4628 3660/4629 6038/4630 3997/4631
f 3660/4629 1199/4551 4139/4632 6038/4630
f 6038/4630 4139/4632 1328/4633 4134/4634
f 3997/4631 6038/4630 4134/4634 1170/4635
f 1100/4636 3843/4637 6039/4638 4002/4639
f 3843/4637 773/4640 3369/4641 6039/4638
f 6039/4638 3369/4641 1217/4642 4283/4643
f 4002/4639 6039/4638 4283/4643 1143/4644
f 1206/4427 3302/4425 6040/4645 3350/4646
f 3302/4425 934/4421 3808/4647 6040/4645
f 6040/4645 3808/4647 1087/4648 3811/4649
f 3350/4646 6040/4645 3811/4649 1214/4650
f 934/4421 3301/4419 6041/4651 3808/4647
f 3301/4419 753/4375 3352/4652 6041/4651
f 6041/4651 3352/4652 954/4653 3809/4654
f 3808/4647 6041/4651 3809/4654 1087/4648
f 1087/4648 3809/4654 6042/4655 3810/4656
f 3809/4654 954/4653 3353/4657 6042/4655
f 6042/4655 3353/4657 772/4658 3343/4659
f 3810/4656 6042/4655 3343/4659 951/4660
f 1214/4650 3811/4649 6043/4661 3351/4662
f 3811/4649 1087/4648 3810/4656 6043/4661
f 6043/4661 3810/4656 951/4660 3344/4663
f 3351/4662 6043/4661 3344/4663 773/4640
f 753/4375 3290/4373 6044/4664 3352/4652
f 3290/4373 928/4369 3812/4665 6044/4664
f 6044/4664 3812/4665 1088/4666 3815/4667
f 3352/4652 6044/4664 3815/4667 954/4653
f 928/4369 3289/4367 6045/4668 3812/4665
f 3289/4367 735/3989 3354/4669 6045/4668
f 6045/4668 3354/4669 955/4670 3813/4671
f 3812/4665 6045/4668 3813/4671 1088/4666
f 1088/4666 3813/4671 6046/4672 3814/4673
f 3813/4671 955/4670 3355/4674 6046/4672
f 6046/4672 3355/4674 771/4675 3341/4676
f 3814/4673 6046/4672 3341/4676 950/4677
f 954/4653 3815/4667 6047/4678 3353/4657
f 3815/4667 1088/4666 3814/4673 6047/4678
f 6047/4678 3814/4673 950/4677 3342/4679
f 3353/4657 6047/4678 3342/4679 772/4658
f 735/3989 3217/3987 6048/4680 3354/4669
f 3217/3987 892/3982 3816/4681 6048/4680
f 6048/4680 3816/4681 1089/4682 3819/4683
f 3354/4669 6048/4680 3819/4683 955/4670
f 892/3982 3216/3979 6049/4684 3816/4681
f 3216/3979 750/3978 3356/4685 6049/4684
f 6049/4684 3356/4685 956/4686 3817/4687
f 3816/4681 6049/4684 3817/4687 1089/4682
f 1089/4682 3817/4687 6050/4688 3818/4689
f 3817/4687 956/4686 3357/4690 6050/4688
f 6050/4688 3357/4690 770/4691 3339/4692
f 3818/4689 6050/4688 3339/4692 949/4693
f 955/4670 3819/4683 6051/4694 3355/4674
f 3819/4683 1089/4682 3818/4689 6051/4694
f 6051/4694 3818/4689 949/4693 3340/4695
f 3355/4674 6051/4694 3340/4695 771/4675
f 750/3978 3284/4334 6052/4696 3356/4685
f 3284/4334 925/4330 3820/4697 6052/4696
f 6052/4696 3820/4697 1090/4698 3823/4699
f 3356/4685 6052/4696 3823/4699 956/4686
f 925/4330 3283/4328 6053/4700 3820/4697
f 3283/4328 746/4284 3358/4701 6053/4700
f 6053/4700 3358/4701 957/4702 3821/4703
f 3820/4697 6053/4700 3821/4703 1090/4698
f 1090/4698 3821/4703 6054/4704 3822/4705
f 3821/4703 957/4702 3359/4706 6054/4704
f 6054/4704 3359/4706 769/4707 3337/4708
f 3822/4705 6054/4704 3337/4708 948/4709
f 956/4686 3823/4699 6055/4710 3357/4690
f 3823/4699 1090/4698 3822/4705 6055/4710
f 6055/4710 3822/4705 948/4709 3338/4711
f 3357/4690 6055/4710 3338/4711 770/4691
f 746/4284 3273/4282 6056/4712 3358/4701
f 3273/4282 919/4278 3824/4713 6056/4712
f 6056/4712 3824/4713 1091/4714 3827/4715
f 3358/4701 6056/4712 3827/4715 957/4702
f 919/4278 3272/4276 6057/4716 3824/4713
f 3272/4276 743/4232 3360/4717 6057/4716
f 6057/4716 3360/4717 958/4718 3825/4719
f 3824/4713 6057/4716 3825/4719 1091/4714
f 1091/4714 3825/4719 6058/4720 3826/4721
f 3825/4719 958/4718 3361/4722 6058/4720
f 6058/4720 3361/4722 768/4723 3335/4724
f 3826/4721 6058/4720 3335/4724 947/4725
f 957/4702 3827/4715 6059/4726 3359/4706
f 3827/4715 1091/4714 3826/4721 6059/4726
f 6059/4726 3826/4721 947/4725 3336/4727
f 3359/4706 6059/4726 3336/4727 769/4707
f 743/4232 3262/4230 6060/4728 3360/4717
f 3262/4230 913/4226 3828/4729 6060/4728
f 6060/4728 3828/4729 1092/4730 3831/4731
f 3360/4717 6060/4728 3831/4731 958/4718
f 913/4226 3261/4224 6061/4732 3828/4729
f 3261/4224 740/4177 3362/4733 6061/4732
f 6061/4732 3362/4733 959/4734 3829/4735
f 3828/4729 6061/4732 3829/4735 1092/4730
f 1092/4730 3829/4735 6062/4736 3830/4737
f 3829/4735 959/4734 3363/4738 6062/4736
f 6062/4736 3363/4738 767/4739 3333/4740
f 3830/4737 6062/4736 3333/4740 946/4741
f 958/4718 3831/4731 6063/4742 3361/4722
f 3831/4731 1092/4730 3830/4737 6063/4742
f 6063/4742 3830/4737 946/4741 3334/4743
f 3361/4722 6063/4742 3334/4743 768/4723
f 740/4177 3252/4175 6064/4744 3362/4733
f 3252/4175 908/4170 3832/4745 6064/4744
f 6064/4744 3832/4745 1093/4746 3835/4747
f 3362/4733 6064/4744 3835/4747 959/4734
f 908/4170 3251/4167 6065/4748 3832/4745
f 3251/4167 1202/4166 3364/4749 6065/4748
f 6065/4748 3364/4749 1215/4750 3833/4751
f 3832/4745 6065/4748 3833/4751 1093/4746
f 959/4734 3835/4747 6066/4752 3363/4738
f 3835/4747 1093/4746 3834/4753 6066/4752
f 6066/4752 3834/4753 1213/4754 3332/4755
f 3363/4738 6066/4752 3332/4755 767/4739
f 767/4739 3373/4756 6067/4757 3333/4740
f 3373/4756 963/4758 3836/4759 6067/4757
f 6067/4757 3836/4759 1094/4760 3839/4761
f 3333/4740 6067/4757 3839/4761 946/4741
f 963/4758 3374/4762 6068/4763 3836/4759
f 3374/4762 1216/4764 3377/4765 6068/4763
f 6068/4763 3377/4765 965/4766 3837/4767
f 3836/4759 6068/4763 3837/4767 1094/4760
f 1094/4760 3837/4767 6069/4768 3838/4769
f 3837/4767 965/4766 3378/4770 6069/4768
f 6069/4768 3378/4770 776/4771 3370/4772
f 3838/4769 6069/4768 3370/4772 961/4773
f 946/4741 3839/4761 6070/4774 3334/4743
f 3839/4761 1094/4760 3838/4769 6070/4774
f 6070/4774 3838/4769 961/4773 3371/4775
f 3334/4743 6070/4774 3371/4775 768/4723
f 775/4105 3367/4104 6071/4776 3366/4777
f 3367/4104 1228/4103 3840/4778 6071/4776
f 6071/4776 3840/4778 1236/4779 3842/4780
f 3366/4777 6071/4776 3842/4780 960/4781
f 960/4781 3842/4780 6072/4782 3365/4783
f 3842/4780 1236/4779 3841/4784 6072/4782
f 6072/4782 3841/4784 1231/4140 3241/4143
f 3365/4783 6072/4782 3241/4143 738/4145
f 1106/4785 4141/4786 6073/4787 4012/4788
f 4141/4786 1194/3594 3166/3689 6073/4787
f 6073/4787 3166/3689 1222/3686 3878/3953
f 4012/4788 6073/4787 3878/3953 1177/3957
f 1114/4789 3345/4790 6074/4791 3971/4792
f 3345/4790 1100/4636 3974/4793 6074/4791
f 6074/4791 3974/4793 1153/4794 3807/4795
f 3971/4792 6074/4791 3807/4795 1137/4796
f 1216/4764 3368/4797 6075/4798 3377/4765
f 3368/4797 1217/4642 3844/4799 6075/4798
f 6075/4798 3844/4799 1095/4800 3847/4801
f 3377/4765 6075/4798 3847/4801 965/4766
f 1217/4642 3369/4641 6076/4802 3844/4799
f 3369/4641 773/4640 3344/4663 6076/4802
f 6076/4802 3344/4663 951/4660 3845/4803
f 3844/4799 6076/4802 3845/4803 1095/4800
f 1095/4800 3845/4803 6077/4804 3846/4805
f 3845/4803 951/4660 3343/4659 6077/4804
f 6077/4804 3343/4659 772/4658 3375/4806
f 3846/4805 6077/4804 3375/4806 964/4807
f 965/4766 3847/4801 6078/4808 3378/4770
f 3847/4801 1095/4800 3846/4805 6078/4808
f 6078/4808 3846/4805 964/4807 3376/4809
f 3378/4770 6078/4808 3376/4809 776/4771
f 776/4771 3376/4809 6079/4810 3380/4811
f 3376/4809 964/4807 3848/4812 6079/4810
f 6079/4810 3848/4812 1096/4813 3851/4814
f 3380/4811 6079/4810 3851/4814 966/4815
f 964/4807 3375/4806 6080/4816 3848/4812
f 3375/4806 772/4658 3342/4679 6080/4816
f 6080/4816 3342/4679 950/4677 3849/4817
f 3848/4812 6080/4816 3849/4817 1096/4813
f 1096/4813 3849/4817 6081/4818 3850/4819
f 3849/4817 950/4677 3341/4676 6081/4818
f 6081/4818 3341/4676 771/4675 3340/4695
f 3850/4819 6081/4818 3340/4695 949/4693
f 966/4815 3851/4814 6082/4820 3381/4821
f 3851/4814 1096/4813 3850/4819 6082/4820
f 6082/4820 3850/4819 949/4693 3339/4692
f 3381/4821 6082/4820 3339/4692 770/4691
f 38/1715 4398/4128 6083/4822 1707/2806
f 4398/4128 962/4124 3852/4823 6083/4822
f 6083/4822 3852/4823 1097/4824 4397/4825
f 1707/2806 6083/4822 4397/4825 31/2808
f 962/4124 3372/4123 6084/4826 3852/4823
f 3372/4123 775/4122 3366/4827 6084/4826
f 6084/4826 3366/4827 960/4828 3853/4829
f 3852/4823 6084/4826 3853/4829 1097/4824
f 1097/4824 3853/4829 6085/4830 3854/4831
f 3853/4829 960/4828 3365/4832 6085/4830
f 6085/4830 3365/4832 738/4146 3244/4149
f 3854/4831 6085/4830 3244/4149 906/4154
f 31/2808 4397/4825 6086/4833 1699/2819
f 4397/4825 1097/4824 3854/4831 6086/4833
f 6086/4833 3854/4831 906/4154 4368/4165
f 1699/2819 6086/4833 4368/4165 10/1789
f 1237/4834 3379/4835 6087/4836 3855/4837
f 1216/4764 3374/4762 6087/4836 3379/4835
f 963/4758 3855/4837 6087/4836 3374/4762
f 1213/4754 3856/4838 6088/4839 3332/4755
f 3856/4838 1237/4834 3855/4837 6088/4839
f 6088/4839 3855/4837 963/4758 3373/4756
f 3332/4755 6088/4839 3373/4756 767/4739
f 768/4723 3371/4775 6089/4840 3335/4724
f 3371/4775 961/4773 3857/4841 6089/4840
f 6089/4840 3857/4841 1098/4842 3860/4843
f 3335/4724 6089/4840 3860/4843 947/4725
f 961/4773 3370/4772 6090/4844 3857/4841
f 3370/4772 776/4771 3380/4811 6090/4844
f 6090/4844 3380/4811 966/4815 3858/4845
f 3857/4841 6090/4844 3858/4845 1098/4842
f 1098/4842 3858/4845 6091/4846 3859/4847
f 3858/4845 966/4815 3381/4821 6091/4846
f 6091/4846 3381/4821 770/4691 3338/4711
f 3859/4847 6091/4846 3338/4711 948/4709
f 947/4725 3860/4843 6092/4848 3336/4727
f 3860/4843 1098/4842 3859/4847 6092/4848
f 6092/4848 3859/4847 948/4709 3337/4708
f 3336/4727 6092/4848 3337/4708 769/4707
f 1086/4849 4145/4850 6093/4851 3806/4852
f 774/4620 3348/4618 6093/4851 4145/4850
f 953/4614 3806/4852 6093/4851 3348/4618
f 1170/4635 3996/4853 6094/4854 4098/4855
f 3996/4853 1124/4856 4037/4857 6094/4854
f 6094/4854 4037/4857 1241/4858 3911/4859
f 4098/4855 6094/4854 3911/4859 1302/4860
f 1357/4861 4239/4862 6095/4863 4240/4864
f 4239/4862 1155/4865 4076/4866 6095/4863
f 6095/4863 4076/4866 1280/4867 4238/4868
f 4240/4864 6095/4863 4238/4868 1356/4869
f 1122/4870 3948/4871 6096/4872 4034/4873
f 3948/4871 1121/4874 4035/4875 6096/4872
f 6096/4872 4035/4875 1238/4876 3861/4877
f 4034/4873 6096/4872 3861/4877 1239/4878
f 1123/4879 3949/4880 6097/4881 4036/4882
f 3949/4880 1122/4870 4034/4873 6097/4881
f 6097/4881 4034/4873 1239/4878 3862/4883
f 4036/4882 6097/4881 3862/4883 1240/4884
f 1125/4885 3950/4886 6098/4887 4038/4888
f 3950/4886 1105/4889 4039/4890 6098/4887
f 6098/4887 4039/4890 1242/4891 3863/4892
f 4038/4888 6098/4887 3863/4892 1243/4893
f 1126/4894 3951/4895 6099/4896 4040/4897
f 3951/4895 1125/4885 4038/4888 6099/4896
f 6099/4896 4038/4888 1243/4893 3864/4898
f 4040/4897 6099/4896 3864/4898 1244/4899
f 1127/4900 3952/4901 6100/4902 4041/4903
f 3952/4901 1114/4789 4042/4904 6100/4902
f 6100/4902 4042/4904 1245/4905 3865/4906
f 4041/4903 6100/4902 3865/4906 1246/4907
f 1128/4908 3953/4909 6101/4910 4043/4911
f 3953/4909 1119/4912 4044/4913 6101/4910
f 6101/4910 4044/4913 1247/4914 3866/4915
f 4043/4911 6101/4910 3866/4915 1248/4916
f 1129/4917 3954/4918 6102/4919 4045/4920
f 3954/4918 1117/4921 4046/4922 6102/4919
f 6102/4919 4046/4922 1249/4923 3867/4924
f 4045/4920 6102/4919 3867/4924 1250/4925
f 1132/4926 3955/4927 6103/4928 4047/4929
f 3955/4927 1131/4930 4048/4931 6103/4928
f 6103/4928 4048/4931 1251/4932 3868/4933
f 4047/4929 6103/4928 3868/4933 1252/4934
f 1133/4935 3956/4936 6104/4937 4049/4938
f 3956/4936 1132/4926 4047/4929 6104/4937
f 6104/4937 4047/4929 1252/4934 3869/4939
f 4049/4938 6104/4937 3869/4939 1253/4940
f 1124/4856 3957/4941 6105/4942 4037/4857
f 3957/4941 1133/4935 4049/4938 6105/4942
f 6105/4942 4049/4938 1253/4940 3870/4943
f 4037/4857 6105/4942 3870/4943 1241/4858
f 1134/4944 3958/4945 6106/4946 4050/4947
f 3958/4945 1127/4900 4041/4903 6106/4946
f 6106/4946 4041/4903 1246/4907 3871/4948
f 4050/4947 6106/4946 3871/4948 1254/4949
f 1136/4950 3959/4951 6107/4952 4051/4953
f 3959/4951 1110/4954 4052/4955 6107/4952
f 6107/4952 4052/4955 1255/4956 3872/4957
f 4051/4953 6107/4952 3872/4957 1256/4958
f 1137/4796 3960/4959 6108/4960 4053/4961
f 3960/4959 1136/4950 4051/4953 6108/4960
f 6108/4960 4051/4953 1256/4958 3873/4962
f 4053/4961 6108/4960 3873/4962 1257/4963
f 1139/4964 3961/4965 6109/4966 4054/4967
f 3961/4965 1138/4968 4055/4969 6109/4966
f 6109/4966 4055/4969 1258/4970 3874/4971
f 4054/4967 6109/4966 3874/4971 1259/4972
f 1140/4973 3962/4974 6110/4975 4056/4976
f 3962/4974 1115/4977 4057/4978 6110/4975
f 6110/4975 4057/4978 1260/4979 3875/4980
f 4056/4976 6110/4975 3875/4980 1261/4981
f 1105/4889 3963/4982 6111/4983 4039/4890
f 3963/4982 1140/4973 4056/4976 6111/4983
f 6111/4983 4056/4976 1261/4981 3876/4984
f 4039/4890 6111/4983 3876/4984 1242/4891
f 1111/4985 3964/4986 6112/4987 4058/4988
f 3964/4986 1141/4989 4059/4990 6112/4987
f 6112/4987 4059/4990 1262/4991 3877/4992
f 4058/4988 6112/4987 3877/4992 1263/4993
f 1143/4644 3965/4994 6113/4995 4060/4996
f 3965/4994 1142/4997 4061/4998 6113/4995
f 6113/4995 4061/4998 1264/4999 3879/5000
f 4060/4996 6113/4995 3879/5000 1265/5001
f 1145/5002 3966/5003 6114/5004 4062/5005
f 3966/5003 1144/5006 4063/5007 6114/5004
f 6114/5004 4063/5007 1266/5008 3880/5009
f 4062/5005 6114/5004 3880/5009 1267/5010
f 1146/5011 3967/5012 6115/5013 4064/5014
f 3967/5012 1145/5002 4062/5005 6115/5013
f 6115/5013 4062/5005 1267/5010 3881/5015
f 4064/5014 6115/5013 3881/5015 1268/5016
f 1147/5017 3968/5018 6116/5019 4065/5020
f 3968/5018 1146/5011 4064/5014 6116/5019
f 6116/5019 4064/5014 1268/5016 3882/5021
f 4065/5020 6116/5019 3882/5021 1269/5022
f 1104/5023 3969/5024 6117/5025 4066/5026
f 3969/5024 1147/5017 4065/5020 6117/5025
f 6117/5025 4065/5020 1269/5022 3883/5027
f 4066/5026 6117/5025 3883/5027 1270/5028
f 1272/5029 3970/5030 6118/5031 4067/5032
f 3970/5030 1271/5033 4068/5034 6118/5031
f 6118/5031 4068/5034 1120/5035 3884/5036
f 4067/5032 6118/5031 3884/5036 1148/5037
f 1114/4789 3971/4792 6119/5038 4042/4904
f 3971/4792 1137/4796 4053/4961 6119/5038
f 6119/5038 4053/4961 1257/4963 3885/5039
f 4042/4904 6119/5038 3885/5039 1245/4905
f 1150/5040 3972/5041 6120/5042 4069/5043
f 3972/5041 1099/5044 4070/5045 6120/5042
f 6120/5042 4070/5045 1273/5046 3886/5047
f 4069/5043 6120/5042 3886/5047 1274/5048
f 1151/5049 3973/5050 6121/5051 4071/5052
f 3973/5050 1150/5040 4069/5043 6121/5051
f 6121/5051 4069/5043 1274/5048 3887/5053
f 4071/5052 6121/5051 3887/5053 1275/5054
f 1153/4794 3974/4793 6122/5055 4072/5056
f 3974/4793 1100/4636 4073/5057 6122/5055
f 6122/5055 4073/5057 1276/5058 3888/5059
f 4072/5056 6122/5055 3888/5059 1277/5060
f 1110/4954 3975/5061 6123/5062 4052/4955
f 3975/5061 1153/4794 4072/5056 6123/5062
f 6123/5062 4072/5056 1277/5060 3889/5063
f 4052/4955 6123/5062 3889/5063 1255/4956
f 1109/5064 3976/5065 6124/5066 4074/5067
f 3976/5065 1107/5068 4075/5069 6124/5066
f 6124/5066 4075/5069 1278/5070 3890/5071
f 4074/5067 6124/5066 3890/5071 1279/5072
f 1138/4968 3977/5073 6125/5074 4055/4969
f 3977/5073 1156/5075 4077/5076 6125/5074
f 6125/5074 4077/5076 1281/5077 3892/5078
f 4055/4969 6125/5074 3892/5078 1258/4970
f 1157/5079 3978/5080 6126/5081 4078/5082
f 3978/5080 1135/5083 4079/5084 6126/5081
f 6126/5081 4079/5084 1282/5085 3893/5086
f 4078/5082 6126/5081 3893/5086 1283/5087
f 1115/4977 3979/5088 6127/5089 4057/4978
f 3979/5088 1157/5079 4078/5082 6127/5089
f 6127/5089 4078/5082 1283/5087 3894/5090
f 4057/4978 6127/5089 3894/5090 1260/4979
f 1149/5091 3980/5092 6128/5093 4080/5094
f 3980/5092 1158/5095 4081/5096 6128/5093
f 6128/5093 4081/5096 1284/5097 3895/5098
f 4080/5094 6128/5093 3895/5098 1285/5099
f 1159/5100 3981/5101 6129/5102 4082/5103
f 3981/5101 1118/5104 4083/5105 6129/5102
f 6129/5102 4083/5105 1286/5106 3896/5107
f 4082/5103 6129/5102 3896/5107 1287/5108
f 1112/5109 3982/5110 6130/5111 4084/5112
f 3982/5110 1159/5100 4082/5103 6130/5111
f 6130/5111 4082/5103 1287/5108 3897/5113
f 4084/5112 6130/5111 3897/5113 1288/5114
f 1355/5115 4236/5116 6131/5117 4237/5118
f 4236/5116 1108/5119 4085/5120 6131/5117
f 6131/5117 4085/5120 1289/5121 4235/5122
f 4237/5118 6131/5117 4235/5122 1354/5123
f 1142/4997 3984/5124 6132/5125 4061/4998
f 3984/5124 1160/5126 4086/5127 6132/5125
f 6132/5125 4086/5127 1290/5128 3899/5129
f 4061/4998 6132/5125 3899/5129 1264/4999
f 1117/4921 3985/5130 6133/5131 4046/4922
f 3985/5130 1161/5132 4087/5133 6133/5131
f 6133/5131 4087/5133 1291/5134 3900/5135
f 4046/4922 6133/5131 3900/5135 1249/4923
f 1163/5136 3986/5137 6134/5138 4088/5139
f 3986/5137 1126/4894 4040/4897 6134/5138
f 6134/5138 4040/4897 1244/4899 3901/5140
f 4088/5139 6134/5138 3901/5140 1292/5141
f 1141/4989 3987/5142 6135/5143 4059/4990
f 3987/5142 1163/5136 4088/5139 6135/5143
f 6135/5143 4088/5139 1292/5141 3902/5144
f 4059/4990 6135/5143 3902/5144 1262/4991
f 1165/5145 3988/5146 6136/5147 4089/5148
f 3988/5146 1164/5149 4090/5150 6136/5147
f 6136/5147 4090/5150 1293/5151 3903/5152
f 4089/5148 6136/5147 3903/5152 1294/5153
f 1161/5132 3989/5154 6137/5155 4087/5133
f 3989/5154 1165/5145 4089/5148 6137/5155
f 6137/5155 4089/5148 1294/5153 3904/5156
f 4087/5133 6137/5155 3904/5156 1291/5134
f 1167/5157 3990/5158 6138/5159 4091/5160
f 3990/5158 1166/5161 4092/5162 6138/5159
f 6138/5159 4092/5162 1295/5163 3905/5164
f 4091/5160 6138/5159 3905/5164 1296/5165
f 1121/4874 3991/5166 6139/5167 4035/4875
f 3991/5166 1167/5157 4091/5160 6139/5167
f 6139/5167 4091/5160 1296/5165 3906/5168
f 4035/4875 6139/5167 3906/5168 1238/4876
f 1116/5169 3992/5170 6140/5171 4093/5172
f 3992/5170 1106/4785 4094/5173 6140/5171
f 6140/5171 4094/5173 1297/5174 3907/5175
f 4093/5172 6140/5171 3907/5175 1298/5176
f 1168/5177 3993/5178 6141/5179 4095/5180
f 3993/5178 1134/4944 4050/4947 6141/5179
f 6141/5179 4050/4947 1254/4949 3908/5181
f 4095/5180 6141/5179 3908/5181 1299/5182
f 1166/5161 3994/5183 6142/5184 4092/5162
f 3994/5183 1168/5177 4095/5180 6142/5184
f 6142/5184 4095/5180 1299/5182 3909/5185
f 4092/5162 6142/5184 3909/5185 1295/5163
f 1152/5186 3995/5187 6143/5188 4096/5189
f 3995/5187 1169/5190 4097/5191 6143/5188
f 6143/5188 4097/5191 1300/5192 3910/5193
f 4096/5189 6143/5188 3910/5193 1301/5194
f 1113/4628 3997/4631 6144/5195 4099/5196
f 3997/4631 1170/4635 4098/4855 6144/5195
f 6144/5195 4098/4855 1302/4860 3912/5197
f 4099/5196 6144/5195 3912/5197 1303/5198
f 1171/5199 3998/5200 6145/5201 4100/5202
f 3998/5200 1103/5203 4101/5204 6145/5201
f 6145/5201 4101/5204 1304/5205 3913/5206
f 4100/5202 6145/5201 3913/5206 1305/5207
f 1271/5033 3999/5208 6146/5209 4068/5034
f 3999/5208 1171/5199 4100/5202 6146/5209
f 6146/5209 4100/5202 1305/5207 3914/5210
f 4068/5034 6146/5209 3914/5210 1120/5035
f 1160/5126 4000/5211 6147/5212 4086/5127
f 4000/5211 1128/4908 4043/4911 6147/5212
f 6147/5212 4043/4911 1248/4916 3915/5213
f 4086/5127 6147/5212 3915/5213 1290/5128
f 1172/3955 4001/5214 6148/5215 4102/5216
f 4001/5214 1139/4964 4054/4967 6148/5215
f 6148/5215 4054/4967 1259/4972 3916/5217
f 4102/5216 6148/5215 3916/5217 1306/5218
f 1100/4636 4002/4639 6149/5219 4073/5057
f 4002/4639 1143/4644 4060/4996 6149/5219
f 6149/5219 4060/4996 1265/5001 3917/5220
f 4073/5057 6149/5219 3917/5220 1276/5058
f 1135/5083 4003/5221 6150/5222 4079/5084
f 4003/5221 1112/5109 4084/5112 6150/5222
f 6150/5222 4084/5112 1288/5114 3918/5223
f 4079/5084 6150/5222 3918/5223 1282/5085
f 1173/5224 4004/5225 6151/5226 4103/5227
f 4004/5225 1116/5169 4093/5172 6151/5226
f 6151/5226 4093/5172 1298/5176 3919/5228
f 4103/5227 6151/5226 3919/5228 1307/5229
f 1174/5230 4005/5231 6152/5232 4104/5233
f 4005/5231 1123/4879 4036/4882 6152/5232
f 6152/5232 4036/4882 1240/4884 3920/5234
f 4104/5233 6152/5232 3920/5234 1308/5235
f 1144/5006 4006/5236 6153/5237 4063/5007
f 4006/5236 1174/5230 4104/5233 6153/5237
f 6153/5237 4104/5233 1308/5235 3921/5238
f 4063/5007 6153/5237 3921/5238 1266/5008
f 1131/4930 4007/5239 6154/5240 4048/4931
f 4007/5239 1104/5023 4066/5026 6154/5240
f 6154/5240 4066/5026 1270/5028 3922/5241
f 4048/4931 6154/5240 3922/5241 1251/4932
f 1175/5242 4008/5243 6155/5244 4105/5245
f 4008/5243 1173/5224 4103/5227 6155/5244
f 6155/5244 4103/5227 1307/5229 3923/5246
f 4105/5245 6155/5244 3923/5246 1309/5247
f 1176/5248 4009/5249 6156/5250 4106/5251
f 4009/5249 1175/5242 4105/5245 6156/5250
f 6156/5250 4105/5245 1309/5247 3924/5252
f 4106/5251 6156/5250 3924/5252 1310/5253
f 1158/5095 4010/5254 6157/5255 4081/5096
f 4010/5254 1176/5248 4106/5251 6157/5255
f 6157/5255 4106/5251 1310/5253 3925/5256
f 4081/5096 6157/5255 3925/5256 1284/5097
f 1177/3957 4011/3956 6158/5257 4107/5258
f 4011/3956 1172/3955 4102/5216 6158/5257
f 6158/5257 4102/5216 1306/5218 3926/5259
f 4107/5258 6158/5257 3926/5259 1311/5260
f 1106/4785 4012/4788 6159/5261 4094/5173
f 4012/4788 1177/3957 4107/5258 6159/5261
f 6159/5261 4107/5258 1311/5260 3927/5262
f 4094/5173 6159/5261 3927/5262 1297/5174
f 1178/5263 4013/5264 6160/5265 4108/5266
f 4013/5264 1113/4628 4099/5196 6160/5265
f 6160/5265 4099/5196 1303/5198 3928/5267
f 4108/5266 6160/5265 3928/5267 1312/5268
f 1179/5269 4014/5270 6161/5271 4109/5272
f 4014/5270 1178/5263 4108/5266 6161/5271
f 6161/5271 4108/5266 1312/5268 3929/5273
f 4109/5272 6161/5271 3929/5273 1313/5274
f 1099/5044 4015/5275 6162/5276 4070/5045
f 4015/5275 1179/5269 4109/5272 6162/5276
f 6162/5276 4109/5272 1313/5274 3930/5277
f 4070/5045 6162/5276 3930/5277 1273/5046
f 1180/5278 4016/5279 6163/5280 4110/5281
f 4016/5279 1149/5091 4080/5094 6163/5280
f 6163/5280 4080/5094 1285/5099 3931/5282
f 4110/5281 6163/5280 3931/5282 1314/5283
f 1169/5190 4017/5284 6164/5285 4097/5191
f 4017/5284 1180/5278 4110/5281 6164/5285
f 6164/5285 4110/5281 1314/5283 3932/5286
f 4097/5191 6164/5285 3932/5286 1300/5192
f 1118/5104 4018/5287 6165/5288 4083/5105
f 4018/5287 1109/5064 4074/5067 6165/5288
f 6165/5288 4074/5067 1279/5072 3933/5289
f 4083/5105 6165/5288 3933/5289 1286/5106
f 1108/5119 4019/5290 6166/5291 4085/5120
f 4019/5290 1111/4985 4058/4988 6166/5291
f 6166/5291 4058/4988 1263/4993 3934/5292
f 4085/5120 6166/5291 3934/5292 1289/5121
f 1102/5293 4020/5294 6167/5295 4111/5296
f 4020/5294 1151/5049 4071/5052 6167/5295
f 6167/5295 4071/5052 1275/5054 3935/5297
f 4111/5296 6167/5295 3935/5297 1315/5298
f 1181/5299 4021/5300 6168/5301 4112/5302
f 4021/5300 1130/5303 4113/5304 6168/5301
f 6168/5301 4113/5304 1316/5305 3936/5306
f 4112/5302 6168/5301 3936/5306 1317/5307
f 1164/5149 4022/5308 6169/5309 4090/5150
f 4022/5308 1181/5299 4112/5302 6169/5309
f 6169/5309 4112/5302 1317/5307 3937/5310
f 4090/5150 6169/5309 3937/5310 1293/5151
f 1359/5311 4242/5312 6170/5313 4243/5314
f 4242/5312 1154/5315 4115/5316 6170/5313
f 6170/5313 4115/5316 1318/5317 4241/5318
f 4243/5314 6170/5313 4241/5318 1358/5319
f 1130/5303 4024/5320 6171/5321 4113/5304
f 4024/5320 1101/5322 4114/5323 6171/5321
f 6171/5321 4114/5323 1319/5324 3939/5325
f 4113/5304 6171/5321 3939/5325 1316/5305
f 1182/5326 4026/5327 6172/5328 4116/5329
f 4026/5327 1272/5029 4067/5032 6172/5328
f 6172/5328 4067/5032 1148/5037 3940/5330
f 4116/5329 6172/5328 3940/5330 1320/5331
f 1162/5332 4027/5333 6173/5334 4117/5335
f 4027/5333 1182/5326 4116/5329 6173/5334
f 6173/5334 4116/5329 1320/5331 3941/5336
f 4117/5335 6173/5334 3941/5336 1321/5337
f 1103/5203 4028/5338 6174/5339 4101/5204
f 4028/5338 1102/5293 4111/5296 6174/5339
f 6174/5339 4111/5296 1315/5298 3942/5340
f 4101/5204 6174/5339 3942/5340 1304/5205
f 1183/5341 4029/5342 6175/5343 4118/5344
f 4029/5342 1162/5332 4117/5335 6175/5343
f 6175/5343 4117/5335 1321/5337 3943/5345
f 4118/5344 6175/5343 3943/5345 1322/5346
f 1156/5075 4030/5347 6176/5348 4077/5076
f 4030/5347 1183/5341 4118/5344 6176/5348
f 6176/5348 4118/5344 1322/5346 3944/5349
f 4077/5076 6176/5348 3944/5349 1281/5077
f 1107/5068 4031/5350 6177/5351 4075/5069
f 4031/5350 1152/5186 4096/5189 6177/5351
f 6177/5351 4096/5189 1301/5194 3945/5352
f 4075/5069 6177/5351 3945/5352 1278/5070
f 1184/5353 4032/5354 6178/5355 4119/5356
f 4032/5354 1129/4917 4045/4920 6178/5355
f 6178/5355 4045/4920 1250/4925 3946/5357
f 4119/5356 6178/5355 3946/5357 1323/5358
f 1119/4912 4033/5359 6179/5360 4044/4913
f 4033/5359 1184/5353 4119/5356 6179/5360
f 6179/5360 4119/5356 1323/5358 3947/5361
f 4044/4913 6179/5360 3947/5361 1247/4914
f 1209/5362 4132/5363 6180/5364 4120/5365
f 4132/5363 1325/5366 4138/5367 6180/5364
f 6180/5364 4138/5367 1324/5368 4121/5369
f 4120/5365 6180/5364 4121/5369 1211/5370
f 1144/5006 4125/5371 6181/5372 4006/5236
f 4125/5371 1147/5017 3969/5024 6181/5372
f 6181/5372 3969/5024 1104/5023 4124/5373
f 4006/5236 6181/5372 4124/5373 1174/5230
f 1131/4930 4298/5374 6182/5375 4007/5239
f 4298/5374 1123/4879 4005/5231 6182/5375
f 6182/5375 4005/5231 1174/5230 4124/5373
f 4007/5239 6182/5375 4124/5373 1104/5023
f 1133/4935 4128/5376 6183/5377 3956/4936
f 4128/5376 1326/5378 4135/5379 6183/5377
f 6183/5377 4135/5379 1324/5368 4131/5380
f 3956/4936 6183/5377 4131/5380 1132/4926
f 1328/4633 4130/5381 6184/5382 4137/5383
f 4130/5381 1200/5384 3212/5385 6184/5382
f 6184/5382 3212/5385 1201/5386 4133/5387
f 4137/5383 6184/5382 4133/5387 1327/5388
f 1327/5388 4133/5387 6185/5389 4136/5390
f 1201/5386 4301/5391 6185/5389 4133/5387
f 1326/5378 4136/5390 6185/5389 4301/5391
f 1326/5378 4302/5392 6186/5393 4135/5379
f 1211/5370 4121/5369 6186/5393 4302/5392
f 1324/5368 4135/5379 6186/5393 4121/5369
f 1124/4856 4129/5394 6187/5395 3957/4941
f 4129/5394 1327/5388 4136/5390 6187/5395
f 6187/5395 4136/5390 1326/5378 4128/5376
f 3957/4941 6187/5395 4128/5376 1133/4935
f 1170/4635 4134/4634 6188/5396 3996/4853
f 4134/4634 1328/4633 4137/5383 6188/5396
f 6188/5396 4137/5383 1327/5388 4129/5394
f 3996/4853 6188/5396 4129/5394 1124/4856
f 1132/4926 4123/5397 6189/5398 3955/4927
f 4123/5397 1122/4870 3949/4880 6189/5398
f 6189/5398 3949/4880 1123/4879 4298/5374
f 3955/4927 6189/5398 4298/5374 1131/4930
f 1328/4633 4139/4632 6190/5399 4130/5381
f 4139/4632 1199/4551 3210/4554 6190/5399
f 6190/5399 3210/4554 734/4556 3211/5400
f 4130/5381 6190/5399 3211/5400 1200/5384
f 1172/3955 4152/5401 6191/5402 4001/5214
f 4152/5401 1329/5403 4162/5404 6191/5402
f 6191/5402 4162/5404 1334/5405 4157/5406
f 4001/5214 6191/5402 4157/5406 1139/4964
f 1173/5224 4142/5407 6192/5408 4004/5225
f 4142/5407 1185/2896 2972/3580 6192/5408
f 6192/5408 2972/3580 1221/3579 4140/5409
f 4004/5225 6192/5408 4140/5409 1116/5169
f 1116/5169 4140/5409 6193/5410 3992/5170
f 4140/5409 1221/3579 3117/3592 6193/5410
f 6193/5410 3117/3592 1194/3594 4141/4786
f 3992/5170 6193/5410 4141/4786 1106/4785
f 1178/5263 4144/5411 6194/5412 4147/5413
f 4144/5411 1333/5414 4204/5415 6194/5412
f 6194/5412 4204/5415 759/4526 3780/4529
f 4147/5413 6194/5412 3780/4529 1234/4532
f 871/3671 3163/3683 6195/5416 3589/3685
f 870/3681 4143/3951 6195/5416 3163/3683
f 1222/3686 3589/3685 6195/5416 4143/3951
f 759/4526 4148/5417 6196/5418 3324/4573
f 1086/4849 4150/5419 6196/5418 4148/5417
f 942/4575 3324/4573 6196/5418 4150/5419
f 1178/5263 4147/5413 6197/5420 4013/5264
f 4147/5413 1234/4532 3782/4534 6197/5420
f 6197/5420 3782/4534 1212/4538 4146/5421
f 4013/5264 6197/5420 4146/5421 1113/4628
f 1113/4628 4146/5421 6198/5422 3660/4629
f 4146/5421 1212/4538 3783/4540 6198/5422
f 6198/5422 3783/4540 1080/4544 3786/4552
f 3660/4629 6198/5422 3786/4552 1199/4551
f 1333/5414 4144/5411 6199/5423 4166/5424
f 4144/5411 1178/5263 4014/5270 6199/5423
f 6199/5423 4014/5270 1179/5269 4151/5425
f 4166/5424 6199/5423 4151/5425 1338/5426
f 942/4575 4150/5419 6200/5427 3325/4579
f 4150/5419 1086/4849 3806/4852 6200/5427
f 6200/5427 3806/4852 953/4614 3349/4612
f 3325/4579 6200/5427 3349/4612 762/4043
f 1139/4964 4157/5406 6201/5428 3961/4965
f 4157/5406 1334/5405 4209/5429 6201/5428
f 6201/5428 4209/5429 1343/5430 4167/5431
f 3961/4965 6201/5428 4167/5431 1138/4968
f 1329/5403 4153/5432 6202/5433 4162/5404
f 4153/5432 1330/5434 4163/5435 6202/5433
f 6202/5433 4163/5435 1335/5436 4158/5437
f 4162/5404 6202/5433 4158/5437 1334/5405
f 1330/5434 4154/5438 6203/5439 4163/5435
f 4154/5438 1331/5440 4164/5441 6203/5439
f 6203/5439 4164/5441 1336/5442 4159/5443
f 4163/5435 6203/5439 4159/5443 1335/5436
f 1331/5440 4155/5444 6204/5445 4164/5441
f 4155/5444 1332/5446 4165/5447 6204/5445
f 6204/5445 4165/5447 1337/5448 4160/5449
f 4164/5441 6204/5445 4160/5449 1336/5442
f 1332/5446 4156/5450 6205/5451 4165/5447
f 4156/5450 1333/5414 4166/5424 6205/5451
f 6205/5451 4166/5424 1338/5426 4161/5452
f 4165/5447 6205/5451 4161/5452 1337/5448
f 1156/5075 4175/5453 6206/5454 4030/5347
f 4175/5453 1344/5455 4185/5456 6206/5454
f 6206/5454 4185/5456 1349/5457 4180/5458
f 4030/5347 6206/5454 4180/5458 1183/5341
f 1339/5459 4170/5460 6207/5461 4194/5462
f 4170/5460 1099/5044 3972/5041 6207/5461
f 6207/5461 3972/5041 1150/5040 4168/5463
f 4194/5462 6207/5461 4168/5463 1348/5464
f 1348/5464 4168/5463 6208/5465 4189/5466
f 4168/5463 1150/5040 3973/5050 6208/5465
f 6208/5465 3973/5050 1151/5049 4169/5467
f 4189/5466 6208/5465 4169/5467 1353/5468
f 1183/5341 4180/5458 6209/5469 4029/5342
f 4180/5458 1349/5457 4195/5470 6209/5469
f 6209/5469 4195/5470 1182/5326 4027/5333
f 4029/5342 6209/5469 4027/5333 1162/5332
f 1344/5455 4176/5471 6210/5472 4185/5456
f 4176/5471 1345/5473 4186/5474 6210/5472
f 6210/5472 4186/5474 1350/5475 4181/5476
f 4185/5456 6210/5472 4181/5476 1349/5457
f 1345/5473 4177/5477 6211/5478 4186/5474
f 4177/5477 1346/5479 4187/5480 6211/5478
f 6211/5478 4187/5480 1351/5481 4182/5482
f 4186/5474 6211/5478 4182/5482 1350/5475
f 1346/5479 4178/5483 6212/5484 4187/5480
f 4178/5483 1347/5485 4188/5486 6212/5484
f 6212/5484 4188/5486 1352/5487 4183/5488
f 4187/5480 6212/5484 4183/5488 1351/5481
f 1347/5485 4179/5489 6213/5490 4188/5486
f 4179/5489 1348/5464 4189/5466 6213/5490
f 6213/5490 4189/5466 1353/5468 4184/5491
f 4188/5486 6213/5490 4184/5491 1352/5487
f 1138/4968 4167/5431 6214/5492 3977/5073
f 4167/5431 1343/5430 4190/5493 6214/5492
f 6214/5492 4190/5493 1344/5455 4175/5453
f 3977/5073 6214/5492 4175/5453 1156/5075
f 1343/5430 4174/5494 6215/5495 4190/5493
f 4174/5494 1342/5496 4191/5497 6215/5495
f 6215/5495 4191/5497 1345/5473 4176/5471
f 4190/5493 6215/5495 4176/5471 1344/5455
f 1342/5496 4173/5498 6216/5499 4191/5497
f 4173/5498 1341/5500 4192/5501 6216/5499
f 6216/5499 4192/5501 1346/5479 4177/5477
f 4191/5497 6216/5499 4177/5477 1345/5473
f 1341/5500 4172/5502 6217/5503 4192/5501
f 4172/5502 1340/5504 4193/5505 6217/5503
f 6217/5503 4193/5505 1347/5485 4178/5483
f 4192/5501 6217/5503 4178/5483 1346/5479
f 1340/5504 4171/5506 6218/5507 4193/5505
f 4171/5506 1339/5459 4194/5462 6218/5507
f 6218/5507 4194/5462 1348/5464 4179/5489
f 4193/5505 6218/5507 4179/5489 1347/5485
f 1155/4865 3983/5508 6219/5509 4076/4866
f 3983/5508 1355/5115 4237/5118 6219/5509
f 6219/5509 4237/5118 1354/5123 3898/5510
f 4076/4866 6219/5509 3898/5510 1280/4867
f 1182/5326 4195/5470 6220/5511 4026/5327
f 4195/5470 1349/5457 4181/5476 6220/5511
f 6220/5511 4181/5476 1350/5475 4196/5512
f 4026/5327 6220/5511 4196/5512 1272/5029
f 1272/5029 4196/5512 6221/5513 3970/5030
f 4196/5512 1350/5475 4182/5482 6221/5513
f 6221/5513 4182/5482 1351/5481 4197/5514
f 3970/5030 6221/5513 4197/5514 1271/5033
f 1271/5033 4197/5514 6222/5515 3999/5208
f 4197/5514 1351/5481 4183/5488 6222/5515
f 6222/5515 4183/5488 1352/5487 4198/5516
f 3999/5208 6222/5515 4198/5516 1171/5199
f 1171/5199 4198/5516 6223/5517 3998/5200
f 4198/5516 1352/5487 4184/5491 6223/5517
f 6223/5517 4184/5491 1353/5468 4199/5518
f 3998/5200 6223/5517 4199/5518 1103/5203
f 1103/5203 4199/5518 6224/5519 4028/5338
f 4199/5518 1353/5468 4169/5467 6224/5519
f 6224/5519 4169/5467 1151/5049 4020/5294
f 4028/5338 6224/5519 4020/5294 1102/5293
f 759/4526 4204/5415 6225/5520 4148/5417
f 4204/5415 1333/5414 4156/5450 6225/5520
f 6225/5520 4156/5450 1332/5446 4203/5521
f 4148/5417 6225/5520 4203/5521 1086/4849
f 1086/4849 4203/5521 6226/5522 4145/4850
f 4203/5521 1332/5446 4155/5444 6226/5522
f 6226/5522 4155/5444 1331/5440 4202/5523
f 4145/4850 6226/5522 4202/5523 774/4620
f 774/4620 4202/5523 6227/5524 3346/4621
f 4202/5523 1331/5440 4154/5438 6227/5524
f 6227/5524 4154/5438 1330/5434 4201/5525
f 3346/4621 6227/5524 4201/5525 952/4622
f 952/4622 4201/5525 6228/5526 3347/4626
f 4201/5525 1330/5434 4153/5432 6228/5526
f 6228/5526 4153/5432 1329/5403 4200/5527
f 3347/4626 6228/5526 4200/5527 722/3679
f 722/3679 4200/5527 6229/5528 3162/3680
f 4200/5527 1329/5403 4152/5401 6229/5528
f 6229/5528 4152/5401 1172/3955 4149/3954
f 3162/3680 6229/5528 4149/3954 870/3681
f 1343/5430 4209/5429 6230/5529 4174/5494
f 4209/5429 1334/5405 4158/5437 6230/5529
f 6230/5529 4158/5437 1335/5436 4208/5530
f 4174/5494 6230/5529 4208/5530 1342/5496
f 1342/5496 4208/5530 6231/5531 4173/5498
f 4208/5530 1335/5436 4159/5443 6231/5531
f 6231/5531 4159/5443 1336/5442 4207/5532
f 4173/5498 6231/5531 4207/5532 1341/5500
f 1341/5500 4207/5532 6232/5533 4172/5502
f 4207/5532 1336/5442 4160/5449 6232/5533
f 6232/5533 4160/5449 1337/5448 4206/5534
f 4172/5502 6232/5533 4206/5534 1340/5504
f 1340/5504 4206/5534 6233/5535 4171/5506
f 4206/5534 1337/5448 4161/5452 6233/5535
f 6233/5535 4161/5452 1338/5426 4205/5536
f 4171/5506 6233/5535 4205/5536 1339/5459
f 1339/5459 4205/5536 6234/5537 4170/5460
f 4205/5536 1338/5426 4151/5425 6234/5537
f 6234/5537 4151/5425 1179/5269 4015/5275
f 4170/5460 6234/5537 4015/5275 1099/5044
f 1158/5095 4212/5538 6235/5539 4010/5254
f 4212/5538 1193/3553 3112/3566 6235/5539
f 6235/5539 3112/3566 1187/2872 4211/5540
f 4010/5254 6235/5539 4211/5540 1176/5248
f 1176/5248 4211/5540 6236/5541 4009/5249
f 4211/5540 1187/2872 2974/2875 6236/5541
f 6236/5541 2974/2875 1186/2880 4210/5542
f 4009/5249 6236/5541 4210/5542 1175/5242
f 1175/5242 4210/5542 6237/5543 4008/5243
f 4210/5542 1186/2880 2973/2894 6237/5543
f 6237/5543 2973/2894 1185/2896 4142/5407
f 4008/5243 6237/5543 4142/5407 1173/5224
f 1157/5079 4223/5544 6238/5545 3978/5080
f 4223/5544 1188/3082 3165/3837 6238/5545
f 6238/5545 3165/3837 1225/3834 4222/5546
f 3978/5080 6238/5545 4222/5546 1135/5083
f 1135/5083 4222/5546 6239/5547 4003/5221
f 4222/5546 1225/3834 3626/3833 6239/5547
f 6239/5547 3626/3833 1195/3829 4221/5548
f 4003/5221 6239/5547 4221/5548 1112/5109
f 1112/5109 4221/5548 6240/5549 3982/5110
f 4221/5548 1195/3829 3185/3828 6240/5549
f 6240/5549 3185/3828 1196/3827 4220/5550
f 3982/5110 6240/5549 4220/5550 1159/5100
f 1159/5100 4220/5550 6241/5551 3981/5101
f 4220/5550 1196/3827 3191/3931 6241/5551
f 6241/5551 3191/3931 1198/3935 4219/5552
f 3981/5101 6241/5551 4219/5552 1118/5104
f 1118/5104 4219/5552 6242/5553 4018/5287
f 4219/5552 1198/3935 3190/3941 6242/5553
f 6242/5553 3190/3941 1197/3873 4218/5554
f 4018/5287 6242/5553 4218/5554 1109/5064
f 1109/5064 4218/5554 6243/5555 3976/5065
f 4218/5554 1197/3873 3207/3870 6243/5555
f 6243/5555 3207/3870 1227/3869 4217/5556
f 3976/5065 6243/5555 4217/5556 1107/5068
f 1107/5068 4217/5556 6244/5557 4031/5350
f 4217/5556 1227/3869 3636/3877 6244/5557
f 6244/5557 3636/3877 1224/3697 4216/5558
f 4031/5350 6244/5557 4216/5558 1152/5186
f 1152/5186 4216/5558 6245/5559 3995/5187
f 4216/5558 1224/3697 3591/3694 6245/5559
f 6245/5559 3591/3694 1223/3692 4215/5560
f 3995/5187 6245/5559 4215/5560 1169/5190
f 1169/5190 4215/5560 6246/5561 4017/5284
f 4215/5560 1223/3692 3167/3690 6246/5561
f 6246/5561 3167/3690 1191/3517 4214/5562
f 4017/5284 6246/5561 4214/5562 1180/5278
f 1180/5278 4214/5562 6247/5563 4016/5279
f 4214/5562 1191/3517 3103/3516 6247/5563
f 6247/5563 3103/3516 1192/3513 4213/5564
f 4016/5279 6247/5563 4213/5564 1149/5091
f 1149/5091 4213/5564 6248/5565 3980/5092
f 4213/5564 1192/3513 3554/3551 6248/5565
f 6248/5565 3554/3551 1193/3553 4212/5538
f 3980/5092 6248/5565 4212/5538 1158/5095
f 1163/5136 4224/5566 6249/5567 3986/5137
f 4224/5566 1157/5079 3979/5088 6249/5567
f 6249/5567 3979/5088 1115/4977 4225/5568
f 3986/5137 6249/5567 4225/5568 1126/4894
f 1126/4894 4225/5568 6250/5569 3951/4895
f 4225/5568 1115/4977 3962/4974 6250/5569
f 6250/5569 3962/4974 1140/4973 4226/5570
f 3951/4895 6250/5569 4226/5570 1125/4885
f 1125/4885 4226/5570 6251/5571 3950/4886
f 1140/4973 3963/4982 6251/5571 4226/5570
f 1105/4889 3950/4886 6251/5571 3963/4982
f 1101/5322 4250/5572 6252/5573 4233/5574
f 4250/5572 1360/5575 4300/5576 6252/5573
f 6252/5573 4300/5576 1231/4140 3841/4784
f 4233/5574 6252/5573 3841/4784 1236/4779
f 1236/4779 3840/4778 6253/5577 4233/5574
f 3840/4778 1228/4103 4244/5578 6253/5577
f 6253/5577 4244/5578 1359/5311 4023/5579
f 4233/5574 6253/5577 4023/5579 1101/5322
f 1154/5315 4232/5580 6254/5581 4025/5582
f 4232/5580 1229/4099 3689/4108 6254/5581
f 6254/5581 3689/4108 1218/3047 4245/5583
f 4025/5582 6254/5581 4245/5583 1357/4861
f 1155/4865 4231/5584 6255/5585 3983/5508
f 4231/5584 1219/3055 3446/3057 6255/5585
f 6255/5585 3446/3057 1220/3061 4246/5586
f 3983/5508 6255/5585 4246/5586 1355/5115
f 1108/5119 4230/5587 6256/5588 4019/5290
f 4230/5587 1226/3862 3186/3868 6256/5588
f 6256/5588 3186/3868 1190/3093 4229/5589
f 4019/5290 6256/5588 4229/5589 1111/4985
f 1111/4985 4229/5589 6257/5590 3964/4986
f 4229/5589 1190/3093 3015/3091 6257/5590
f 6257/5590 3015/3091 1189/3086 4228/5591
f 3964/4986 6257/5590 4228/5591 1141/4989
f 1141/4989 4228/5591 6258/5592 3987/5142
f 4228/5591 1189/3086 3014/3083 6258/5592
f 6258/5592 3014/3083 1188/3082 4227/5593
f 3987/5142 6258/5592 4227/5593 1163/5136
f 1163/5136 4227/5593 6259/5594 4224/5566
f 1188/3082 4223/5544 6259/5594 4227/5593
f 1157/5079 4224/5566 6259/5594 4223/5544
f 1154/5315 4025/5582 6260/5595 4115/5316
f 4025/5582 1357/4861 4240/4864 6260/5595
f 6260/5595 4240/4864 1356/4869 3891/5596
f 4115/5316 6260/5595 3891/5596 1318/5317
f 1101/5322 4023/5579 6261/5597 4114/5323
f 4023/5579 1359/5311 4243/5314 6261/5597
f 6261/5597 4243/5314 1358/5319 3938/5598
f 4114/5323 6261/5597 3938/5598 1319/5324
f 1359/5311 4244/5578 6262/5599 4242/5312
f 4244/5578 1228/4103 3687/4100 6262/5599
f 6262/5599 3687/4100 1229/4099 4232/5580
f 4242/5312 6262/5599 4232/5580 1154/5315
f 1357/4861 4245/5583 6263/5600 4239/4862
f 4245/5583 1218/3047 3444/3050 6263/5600
f 6263/5600 3444/3050 1219/3055 4231/5584
f 4239/4862 6263/5600 4231/5584 1155/4865
f 1355/5115 4246/5586 6264/5601 4236/5116
f 4246/5586 1220/3061 3634/3863 6264/5601
f 6264/5601 3634/3863 1226/3862 4230/5587
f 4236/5116 6264/5601 4230/5587 1108/5119
f 1130/5303 4252/5602 6265/5603 4024/5320
f 4252/5602 1362/5604 4258/5605 6265/5603
f 6265/5603 4258/5605 1360/5575 4250/5572
f 4024/5320 6265/5603 4250/5572 1101/5322
f 1367/5606 4249/5607 6266/5608 4263/5609
f 4249/5607 1215/4750 3364/4749 6266/5608
f 6266/5608 3364/4749 1202/4166 4254/5610
f 4263/5609 6266/5608 4254/5610 1364/5611
f 1364/5611 4254/5610 6267/5612 4261/5613
f 4254/5610 1202/4166 3245/4169 6267/5612
f 6267/5612 3245/4169 1203/4174 4247/5614
f 4261/5613 6267/5612 4247/5614 1363/5615
f 1363/5615 4247/5614 6268/5616 4259/5617
f 4247/5614 1203/4174 3246/4188 6268/5616
f 6268/5616 3246/4188 1204/4190 4234/5618
f 4259/5617 6268/5616 4234/5618 1361/5619
f 1362/5604 4253/5620 6269/5621 4258/5605
f 4253/5620 1363/5615 4259/5617 6269/5621
f 6269/5621 4259/5617 1361/5619 4251/5622
f 4258/5605 6269/5621 4251/5622 1360/5575
f 1181/5299 4248/5623 6270/5624 4021/5300
f 4248/5623 1365/5625 4260/5626 6270/5624
f 6270/5624 4260/5626 1362/5604 4252/5602
f 4021/5300 6270/5624 4252/5602 1130/5303
f 1365/5625 4255/5627 6271/5628 4260/5626
f 4255/5627 1364/5611 4261/5613 6271/5628
f 6271/5628 4261/5613 1363/5615 4253/5620
f 4260/5626 6271/5628 4253/5620 1362/5604
f 1164/5149 4256/5629 6272/5630 4022/5308
f 4256/5629 1366/5631 4262/5632 6272/5630
f 6272/5630 4262/5632 1365/5625 4248/5623
f 4022/5308 6272/5630 4248/5623 1181/5299
f 1366/5631 4257/5633 6273/5634 4262/5632
f 4257/5633 1367/5606 4263/5609 6273/5634
f 6273/5634 4263/5609 1364/5611 4255/5627
f 4262/5632 6273/5634 4255/5627 1365/5625
f 1368/5635 4271/5636 6274/5637 4267/5638
f 4271/5636 1213/4754 3834/4753 6274/5637
f 6274/5637 3834/4753 1093/4746 3833/4751
f 4267/5638 6274/5637 3833/4751 1215/4750
f 1128/4908 4266/5639 6275/5640 3953/4909
f 4266/5639 1371/5641 4276/5642 6275/5640
f 6275/5640 4276/5642 1372/5643 4274/5644
f 3953/4909 6275/5640 4274/5644 1119/4912
f 1119/4912 4274/5644 6276/5645 4033/5359
f 4274/5644 1372/5643 4278/5646 6276/5645
f 6276/5645 4278/5646 1373/5647 4264/5648
f 4033/5359 6276/5645 4264/5648 1184/5353
f 1184/5353 4264/5648 6277/5649 4032/5354
f 1373/5647 4280/5650 6277/5649 4264/5648
f 1129/4917 4032/5354 6277/5649 4280/5650
f 1369/5651 4270/5652 6278/5653 4265/5654
f 4270/5652 1368/5635 4267/5638 6278/5653
f 6278/5653 4267/5638 1215/4750 4249/5607
f 4265/5654 6278/5653 4249/5607 1367/5606
f 1372/5643 4276/5642 6279/5655 4268/5656
f 4276/5642 1371/5641 3331/5657 6279/5655
f 6279/5655 3331/5657 1368/5635 4270/5652
f 4268/5656 6279/5655 4270/5652 1369/5651
f 1370/5658 4272/5659 6280/5660 4269/5661
f 4272/5659 1369/5651 4265/5654 6280/5660
f 6280/5660 4265/5654 1367/5606 4257/5633
f 4269/5661 6280/5660 4257/5633 1366/5631
f 1165/5145 4273/5662 6281/5663 3988/5146
f 4273/5662 1370/5658 4269/5661 6281/5663
f 6281/5663 4269/5661 1366/5631 4256/5629
f 3988/5146 6281/5663 4256/5629 1164/5149
f 1371/5641 4277/5664 6282/5665 3331/5657
f 4277/5664 1237/4834 3856/4838 6282/5665
f 6282/5665 3856/4838 1213/4754 4271/5636
f 3331/5657 6282/5665 4271/5636 1368/5635
f 1373/5647 4278/5646 6283/5666 4275/5667
f 4278/5646 1372/5643 4268/5656 6283/5666
f 6283/5666 4268/5656 1369/5651 4272/5659
f 4275/5667 6283/5666 4272/5659 1370/5658
f 1161/5132 4279/5668 6284/5669 3989/5154
f 4279/5668 1373/5647 4275/5667 6284/5669
f 6284/5669 4275/5667 1370/5658 4273/5662
f 3989/5154 6284/5669 4273/5662 1165/5145
f 1129/4917 4280/5650 6285/5670 3954/4918
f 4280/5650 1373/5647 4279/5668 6285/5670
f 6285/5670 4279/5668 1161/5132 3985/5130
f 3954/4918 6285/5670 3985/5130 1117/4921
f 1143/4644 4283/4643 6286/5671 3965/4994
f 4283/4643 1217/4642 3368/4797 6286/5671
f 6286/5671 3368/4797 1216/4764 4282/5672
f 3965/4994 6286/5671 4282/5672 1142/4997
f 1142/4997 4282/5672 6287/5673 3984/5124
f 4282/5672 1216/4764 3379/4835 6287/5673
f 6287/5673 3379/4835 1237/4834 4281/5674
f 3984/5124 6287/5673 4281/5674 1160/5126
f 1160/5126 4281/5674 6288/5675 4000/5211
f 4281/5674 1237/4834 4277/5664 6288/5675
f 6288/5675 4277/5664 1371/5641 4266/5639
f 4000/5211 6288/5675 4266/5639 1128/4908
f 1214/4650 3351/4662 6289/5676 4284/5677
f 3351/4662 773/4640 3843/4637 6289/5676
f 6289/5676 3843/4637 1100/4636 3345/4790
f 4284/5677 6289/5676 3345/4790 1114/4789
f 1137/4796 3807/4795 6290/5678 3960/4959
f 3807/4795 1153/4794 3975/5061 6290/5678
f 6290/5678 3975/5061 1110/4954 3959/4951
f 3960/4959 6290/5678 3959/4951 1136/4950
f 1114/4789 3952/4901 6291/5679 4284/5677
f 3952/4901 1127/4900 4285/5680 6291/5679
f 6291/5679 4285/5680 1206/4427 3350/4646
f 4284/5677 6291/5679 3350/4646 1214/4650
f 1206/4427 4285/5680 6292/5681 3303/4428
f 4285/5680 1127/4900 3958/4945 6292/5681
f 6292/5681 3958/4945 1134/4944 4286/5682
f 3303/4428 6292/5681 4286/5682 1207/4429
f 1207/4429 4286/5682 6293/5683 3768/4471
f 4286/5682 1134/4944 3993/5178 6293/5683
f 6293/5683 3993/5178 1168/5177 4297/5684
f 3768/4471 6293/5683 4297/5684 1232/4473
f 1208/5685 4290/5686 6294/5687 3316/5688
f 4290/5686 1374/5689 4291/5690 6294/5687
f 6294/5687 4291/5690 1235/5691 4287/5692
f 3316/5688 6294/5687 4287/5692 1210/5693
f 1210/5693 4287/5692 6295/5694 3315/5695
f 4287/5692 1235/5691 4288/5696 6295/5694
f 6295/5694 4288/5696 1325/5366 4132/5363
f 3315/5695 6295/5694 4132/5363 1209/5362
f 1325/5366 4288/5696 6296/5697 4122/5698
f 4288/5696 1235/5691 4289/5699 6296/5697
f 6296/5697 4289/5699 1121/4874 3948/4871
f 4122/5698 6296/5697 3948/4871 1122/4870
f 1121/4874 4289/5699 6297/5700 3991/5166
f 4289/5699 1235/5691 4291/5690 6297/5700
f 6297/5700 4291/5690 1374/5689 4292/5701
f 3991/5166 6297/5700 4292/5701 1167/5157
f 1232/4473 4297/5684 6298/5702 3769/4476
f 1168/5177 3312/5703 6298/5702 4297/5684
f 1233/4477 3769/4476 6298/5702 3312/5703
f 1208/5685 4295/5704 6299/5705 4290/5686
f 1375/5706 4294/5707 6299/5705 4295/5704
f 1374/5689 4290/5686 6299/5705 4294/5707
f 1375/5706 4296/5708 6300/5709 4294/5707
f 4296/5708 1166/5161 3990/5158 6300/5709
f 6300/5709 3990/5158 1167/5157 4292/5701
f 4294/5707 6300/5709 4292/5701 1374/5689
f 1233/4477 4293/5710 6301/5711 3770/4480
f 4293/5710 1375/5706 4295/5704 6301/5711
f 6301/5711 4295/5704 1208/5685 3313/5712
f 3770/4480 6301/5711 3313/5712 938/4481
f 1233/4477 3312/5703 6302/5713 4293/5710
f 3312/5703 1168/5177 3994/5183 6302/5713
f 6302/5713 3994/5183 1166/5161 4296/5708
f 4293/5710 6302/5713 4296/5708 1375/5706
f 1122/4870 4123/5397 6303/5714 4122/5698
f 4123/5397 1132/4926 4131/5380 6303/5714
f 6303/5714 4131/5380 1324/5368 4138/5367
f 4122/5698 6303/5714 4138/5367 1325/5366
f 1144/5006 3966/5003 6304/5715 4125/5371
f 3966/5003 1145/5002 3967/5012 6304/5715
f 6304/5715 3967/5012 1146/5011 3968/5018
f 4125/5371 6304/5715 3968/5018 1147/5017
f 1231/4140 4300/5576 6305/5716 3696/4141
f 4300/5576 1360/5575 4251/5622 6305/5716
f 6305/5716 4251/5622 1361/5619 4299/5717
f 3696/4141 6305/5716 4299/5717 1230/4131
f 1230/4131 4299/5717 6306/5718 3694/4132
f 4299/5717 1361/5619 4234/5618 6306/5718
f 6306/5718 4234/5618 1204/4190 3247/4192
f 3694/4132 6306/5718 3247/4192 1205/4135
f 1211/5370 4302/5392 6307/5719 4126/5720
f 1326/5378 4301/5391 6307/5719 4302/5392
f 1201/5386 4126/5720 6307/5719 4301/5391
f 1079/4519 4127/4523 6308/5721 4395/4525
f 4127/4523 979/3966 4373/3977 6308/5721
f 6308/5721 4373/3977 13/1527 1698/2264
f 4395/4525 6308/5721 1698/2264 30/2263
f 1612/5722 4858/5723 6309/5724 4488/5725
f 4858/5723 1627/5726 4804/5727 6309/5724
f 6309/5724 4804/5727 1626/5728 4857/5729
f 4488/5725 6309/5724 4857/5729 1613/5730
f 1376/5731 4621/5732 6310/5733 4511/5734
f 4621/5732 1436/5735 4510/5736 6310/5733
f 6310/5733 4510/5736 1582/5737 4537/5738
f 4511/5734 6310/5733 4537/5738 1581/5739
f 1611/5740 4859/5741 6311/5742 4489/5743
f 4859/5741 1628/5744 4805/5745 6311/5742
f 6311/5742 4805/5745 1627/5726 4858/5723
f 4489/5743 6311/5742 4858/5723 1612/5722
f 1610/5746 4860/5747 6312/5748 4490/5749
f 4860/5747 1629/5750 4806/5751 6312/5748
f 6312/5748 4806/5751 1628/5744 4859/5741
f 4490/5749 6312/5748 4859/5741 1611/5740
f 1609/5752 4861/5753 6313/5754 4491/5755
f 4861/5753 1630/5756 4807/5757 6313/5754
f 6313/5754 4807/5757 1629/5750 4860/5747
f 4491/5755 6313/5754 4860/5747 1610/5746
f 1608/5758 4862/5759 6314/5760 4492/5761
f 4862/5759 1631/5762 4808/5763 6314/5760
f 6314/5760 4808/5763 1630/5756 4861/5753
f 4492/5761 6314/5760 4861/5753 1609/5752
f 1632/5764 4851/5765 6315/5766 4809/5767
f 4851/5765 1607/5768 4788/5769 6315/5766
f 6315/5766 4788/5769 1398/5770 4609/5771
f 4809/5767 6315/5766 4609/5771 1422/5772
f 1633/5773 4852/5774 6316/5775 4810/5776
f 4852/5774 1606/5777 4494/5778 6316/5775
f 6316/5775 4494/5778 1607/5768 4851/5765
f 4810/5776 6316/5775 4851/5765 1632/5764
f 1634/5779 4853/5780 6317/5781 4811/5782
f 4853/5780 1605/5783 4495/5784 6317/5781
f 6317/5781 4495/5784 1606/5777 4852/5774
f 4811/5782 6317/5781 4852/5774 1633/5773
f 1635/5785 4854/5786 6318/5787 4812/5788
f 4854/5786 1604/5789 4496/5790 6318/5787
f 6318/5787 4496/5790 1605/5783 4853/5780
f 4812/5788 6318/5787 4853/5780 1634/5779
f 1636/5791 4855/5792 6319/5793 4813/5794
f 4855/5792 1603/5795 4497/5796 6319/5793
f 6319/5793 4497/5796 1604/5789 4854/5786
f 4813/5794 6319/5793 4854/5786 1635/5785
f 1637/5797 4856/5798 6320/5799 4814/5800
f 4856/5798 1602/5801 4498/5802 6320/5799
f 6320/5799 4498/5802 1603/5795 4855/5792
f 4814/5800 6320/5799 4855/5792 1636/5791
f 1620/5803 4845/5804 6321/5805 4797/5806
f 4845/5804 1649/5807 4924/5808 6321/5805
f 6321/5805 4924/5808 1666/5809 4917/5810
f 4797/5806 6321/5805 4917/5810 1399/5811
f 1650/5812 4887/5813 6322/5814 4916/5815
f 4887/5813 1612/5722 4488/5725 6322/5814
f 6322/5814 4488/5725 1613/5730 4884/5816
f 4916/5815 6322/5814 4884/5816 1647/5817
f 1653/5818 4890/5819 6323/5820 4913/5821
f 4890/5819 1611/5740 4489/5743 6323/5820
f 6323/5820 4489/5743 1612/5722 4887/5813
f 4913/5821 6323/5820 4887/5813 1650/5812
f 1656/5822 4893/5823 6324/5824 4910/5825
f 4893/5823 1610/5746 4490/5749 6324/5824
f 6324/5824 4490/5749 1611/5740 4890/5819
f 4910/5825 6324/5824 4890/5819 1653/5818
f 1659/5826 4896/5827 6325/5828 4907/5829
f 4896/5827 1609/5752 4491/5755 6325/5828
f 6325/5828 4491/5755 1610/5746 4893/5823
f 4907/5829 6325/5828 4893/5823 1656/5822
f 1662/5830 4899/5831 6326/5832 4904/5833
f 4899/5831 1608/5758 4492/5761 6326/5832
f 6326/5832 4492/5761 1609/5752 4896/5827
f 4904/5833 6326/5832 4896/5827 1659/5826
f 1601/5834 4839/5835 6327/5836 4506/5837
f 4839/5835 1402/5838 4614/5839 6327/5836
f 6327/5836 4614/5839 1430/5840 4630/5841
f 4506/5837 6327/5836 4630/5841 1385/5842
f 1600/5843 4840/5844 6328/5845 4500/5846
f 4840/5844 1403/5847 4594/5848 6328/5845
f 6328/5845 4594/5848 1402/5838 4839/5835
f 4500/5846 6328/5845 4839/5835 1601/5834
f 1599/5849 4841/5850 6329/5851 4501/5852
f 4841/5850 1414/5853 4632/5854 6329/5851
f 6329/5851 4632/5854 1403/5847 4840/5844
f 4501/5852 6329/5851 4840/5844 1600/5843
f 1598/5855 4842/5856 6330/5857 4502/5858
f 4842/5856 1415/5859 4603/5860 6330/5857
f 6330/5857 4603/5860 1414/5853 4841/5850
f 4502/5858 6330/5857 4841/5850 1599/5849
f 1597/5861 4843/5862 6331/5863 4503/5864
f 4843/5862 1393/5865 4604/5866 6331/5863
f 6331/5863 4604/5866 1415/5859 4842/5856
f 4503/5864 6331/5863 4842/5856 1598/5855
f 1596/5867 4844/5868 6332/5869 4504/5870
f 4844/5868 1394/5871 4588/5872 6332/5869
f 6332/5869 4588/5872 1393/5865 4843/5862
f 4504/5870 6332/5869 4843/5862 1597/5861
f 1426/5873 4833/5874 6333/5875 4612/5876
f 4833/5874 1619/5877 4790/5878 6333/5875
f 6333/5875 4790/5878 1421/5879 4633/5880
f 4612/5876 6333/5875 4633/5880 1427/5881
f 1425/5882 4834/5883 6334/5884 4611/5885
f 4834/5883 1618/5886 4796/5887 6334/5884
f 6334/5884 4796/5887 1619/5877 4833/5874
f 4611/5885 6334/5884 4833/5874 1426/5873
f 1417/5888 4835/5889 6335/5890 4648/5891
f 4835/5889 1617/5892 4795/5893 6335/5890
f 6335/5890 4795/5893 1618/5886 4834/5883
f 4648/5891 6335/5890 4834/5883 1425/5882
f 1416/5894 4836/5895 6336/5896 4605/5897
f 4836/5895 1616/5898 4794/5899 6336/5896
f 6336/5896 4794/5899 1617/5892 4835/5889
f 4605/5897 6336/5896 4835/5889 1417/5888
f 1441/5900 4837/5901 6337/5902 4660/5903
f 4837/5901 1615/5904 4793/5905 6337/5902
f 6337/5902 4793/5905 1616/5898 4836/5895
f 4660/5903 6337/5902 4836/5895 1416/5894
f 1440/5906 4838/5907 6338/5908 4625/5909
f 4838/5907 1614/5910 4792/5911 6338/5908
f 6338/5908 4792/5911 1615/5904 4837/5901
f 4625/5909 6338/5908 4837/5901 1441/5900
f 1626/5728 4827/5912 6339/5913 4803/5914
f 4827/5912 1601/5834 4506/5837 6339/5913
f 6339/5913 4506/5837 1385/5842 4582/5915
f 4803/5914 6339/5913 4582/5915 1384/5916
f 1627/5726 4828/5917 6340/5918 4804/5727
f 4828/5917 1600/5843 4500/5846 6340/5918
f 6340/5918 4500/5846 1601/5834 4827/5912
f 4804/5727 6340/5918 4827/5912 1626/5728
f 1628/5744 4829/5919 6341/5920 4805/5745
f 4829/5919 1599/5849 4501/5852 6341/5920
f 6341/5920 4501/5852 1600/5843 4828/5917
f 4805/5745 6341/5920 4828/5917 1627/5726
f 1629/5750 4830/5921 6342/5922 4806/5751
f 4830/5921 1598/5855 4502/5858 6342/5922
f 6342/5922 4502/5858 1599/5849 4829/5919
f 4806/5751 6342/5922 4829/5919 1628/5744
f 1630/5756 4831/5923 6343/5924 4807/5757
f 4831/5923 1597/5861 4503/5864 6343/5924
f 6343/5924 4503/5864 1598/5855 4830/5921
f 4807/5757 6343/5924 4830/5921 1629/5750
f 1631/5762 4832/5925 6344/5926 4808/5763
f 4832/5925 1596/5867 4504/5870 6344/5926
f 6344/5926 4504/5870 1597/5861 4831/5923
f 4808/5763 6344/5926 4831/5923 1630/5756
f 1619/5877 4821/5927 6345/5928 4790/5878
f 4821/5927 1632/5764 4809/5767 6345/5928
f 6345/5928 4809/5767 1422/5772 4608/5929
f 4790/5878 6345/5928 4608/5929 1421/5879
f 1618/5886 4822/5930 6346/5931 4796/5887
f 4822/5930 1633/5773 4810/5776 6346/5931
f 6346/5931 4810/5776 1632/5764 4821/5927
f 4796/5887 6346/5931 4821/5927 1619/5877
f 1617/5892 4823/5932 6347/5933 4795/5893
f 4823/5932 1634/5779 4811/5782 6347/5933
f 6347/5933 4811/5782 1633/5773 4822/5930
f 4795/5893 6347/5933 4822/5930 1618/5886
f 1616/5898 4824/5934 6348/5935 4794/5899
f 4824/5934 1635/5785 4812/5788 6348/5935
f 6348/5935 4812/5788 1634/5779 4823/5932
f 4794/5899 6348/5935 4823/5932 1617/5892
f 1615/5904 4825/5936 6349/5937 4793/5905
f 4825/5936 1636/5791 4813/5794 6349/5937
f 6349/5937 4813/5794 1635/5785 4824/5934
f 4793/5905 6349/5937 4824/5934 1616/5898
f 1614/5910 4826/5938 6350/5939 4792/5911
f 4826/5938 1637/5797 4814/5800 6350/5939
f 6350/5939 4814/5800 1636/5791 4825/5936
f 4792/5911 6350/5939 4825/5936 1615/5904
f 1607/5768 4815/5940 6351/5941 4788/5769
f 4815/5940 1620/5803 4797/5806 6351/5941
f 6351/5941 4797/5806 1399/5811 4591/5942
f 4788/5769 6351/5941 4591/5942 1398/5770
f 1606/5777 4816/5943 6352/5944 4494/5778
f 4816/5943 1621/5945 4798/5946 6352/5944
f 6352/5944 4798/5946 1620/5803 4815/5940
f 4494/5778 6352/5944 4815/5940 1607/5768
f 1605/5783 4817/5947 6353/5948 4495/5784
f 4817/5947 1622/5949 4799/5950 6353/5948
f 6353/5948 4799/5950 1621/5945 4816/5943
f 4495/5784 6353/5948 4816/5943 1606/5777
f 1604/5789 4818/5951 6354/5952 4496/5790
f 4818/5951 1623/5953 4800/5954 6354/5952
f 6354/5952 4800/5954 1622/5949 4817/5947
f 4496/5790 6354/5952 4817/5947 1605/5783
f 1603/5795 4819/5955 6355/5956 4497/5796
f 4819/5955 1624/5957 4801/5958 6355/5956
f 6355/5956 4801/5958 1623/5953 4818/5951
f 4497/5796 6355/5956 4818/5951 1604/5789
f 1602/5801 4820/5959 6356/5960 4498/5802
f 4820/5959 1625/5961 4802/5962 6356/5960
f 6356/5960 4802/5962 1624/5957 4819/5955
f 4498/5802 6356/5960 4819/5955 1603/5795
f 1578/5963 4869/5964 6357/5965 4560/5966
f 4869/5964 1644/5967 4878/5968 6357/5965
f 6357/5965 4878/5968 1444/5969 4657/5970
f 4560/5966 6357/5965 4657/5970 1456/5971
f 1579/5972 4507/5973 6358/5974 4559/5975
f 4507/5973 1643/5976 4881/5977 6358/5974
f 6358/5974 4881/5977 1644/5967 4869/5964
f 4559/5975 6358/5974 4869/5964 1578/5963
f 1580/5978 4863/5979 6359/5980 4558/5981
f 4863/5979 1638/5982 4872/5983 6359/5980
f 6359/5980 4872/5983 1643/5976 4507/5973
f 4558/5981 6359/5980 4507/5973 1579/5972
f 1583/5984 4509/5985 6360/5986 4539/5987
f 4509/5985 1435/5988 4624/5989 6360/5986
f 6360/5986 4624/5989 1439/5990 4623/5991
f 4539/5987 6360/5986 4623/5991 1392/5992
f 1582/5737 4510/5736 6361/5993 4536/5994
f 4510/5736 1436/5735 4620/5995 6361/5993
f 6361/5993 4620/5995 1435/5988 4509/5985
f 4536/5994 6361/5993 4509/5985 1583/5984
f 1581/5739 4538/5996 6362/5997 4511/5734
f 4538/5996 1378/5998 4578/5999 6362/5997
f 6362/5997 4578/5999 1377/6000 4577/6001
f 4511/5734 6362/5997 4577/6001 1376/5731
f 1625/5961 4850/6002 6363/6003 4802/5962
f 4850/6002 1664/6004 4902/6005 6363/6003
f 6363/6003 4902/6005 1661/6006 4849/6007
f 4802/5962 6363/6003 4849/6007 1624/5957
f 1591/6008 4528/6009 6364/6010 4513/6011
f 4528/6009 1590/6012 4512/6013 6364/6010
f 6364/6010 4512/6013 1595/6014 4524/6015
f 4513/6011 6364/6010 4524/6015 1594/6016
f 1592/6017 4527/6018 6365/6019 4514/6020
f 4527/6018 1591/6008 4513/6011 6365/6019
f 6365/6019 4513/6011 1594/6016 4525/6021
f 4514/6020 6365/6019 4525/6021 1593/6022
f 1405/6023 4542/6024 6366/6025 4596/6026
f 4542/6024 1592/6017 4514/6020 6366/6025
f 6366/6025 4514/6020 1593/6022 4526/6027
f 4596/6026 6366/6025 4526/6027 1406/6028
f 1588/6029 4530/6030 6367/6031 4516/6032
f 4530/6030 1589/6033 4515/6034 6367/6031
f 6367/6031 4515/6034 1590/6012 4528/6009
f 4516/6032 6367/6031 4528/6009 1591/6008
f 1587/6035 4531/6036 6368/6037 4517/6038
f 4531/6036 1588/6029 4516/6032 6368/6037
f 6368/6037 4516/6032 1591/6008 4527/6018
f 4517/6038 6368/6037 4527/6018 1592/6017
f 1404/6039 4532/6040 6369/6041 4595/6042
f 4532/6040 1587/6035 4517/6038 6369/6041
f 6369/6041 4517/6038 1592/6017 4542/6024
f 4595/6042 6369/6041 4542/6024 1405/6023
f 1585/6043 4534/6044 6370/6045 4519/6046
f 4534/6044 1584/6047 4518/6048 6370/6045
f 6370/6045 4518/6048 1589/6033 4530/6030
f 4519/6046 6370/6045 4530/6030 1588/6029
f 1586/6049 4533/6050 6371/6051 4520/6052
f 4533/6050 1585/6043 4519/6046 6371/6051
f 6371/6051 4519/6046 1588/6029 4531/6036
f 4520/6052 6371/6051 4531/6036 1587/6035
f 1448/6053 4540/6054 6372/6055 4636/6056
f 4540/6054 1586/6049 4520/6052 6372/6055
f 6372/6055 4520/6052 1587/6035 4532/6040
f 4636/6056 6372/6055 4532/6040 1404/6039
f 1582/5737 4536/5994 6373/6057 4522/6058
f 4536/5994 1583/5984 4521/6059 6373/6057
f 6373/6057 4521/6059 1584/6047 4534/6044
f 4522/6058 6373/6057 4534/6044 1585/6043
f 1581/5739 4537/5738 6374/6060 4523/6061
f 4537/5738 1582/5737 4522/6058 6374/6060
f 6374/6060 4522/6058 1585/6043 4533/6050
f 4523/6061 6374/6060 4533/6050 1586/6049
f 1590/6012 4529/6062 6375/6063 4512/6013
f 4529/6062 1395/6064 4589/6065 6375/6063
f 6375/6063 4589/6065 1394/5871 4756/6066
f 4512/6013 6375/6063 4756/6066 1595/6014
f 1589/6033 4541/6067 6376/6068 4515/6034
f 4541/6067 1382/6069 4600/6070 6376/6068
f 6376/6068 4600/6070 1395/6064 4529/6062
f 4515/6034 6376/6068 4529/6062 1590/6012
f 1584/6047 4535/6071 6377/6072 4518/6048
f 4535/6071 1383/6073 4581/6074 6377/6072
f 6377/6072 4581/6074 1382/6069 4541/6067
f 4518/6048 6377/6072 4541/6067 1589/6033
f 1583/5984 4539/5987 6378/6075 4521/6059
f 4539/5987 1392/5992 4587/6076 6378/6075
f 6378/6075 4587/6076 1383/6073 4535/6071
f 4521/6059 6378/6075 4535/6071 1584/6047
f 1443/6077 4543/6078 6379/6079 4643/6080
f 4543/6078 1568/6081 4573/6082 6379/6079
f 6379/6079 4573/6082 1453/6083 4644/6084
f 4643/6080 6379/6079 4644/6084 1452/6085
f 1442/6086 4544/6087 6380/6088 4627/6089
f 4544/6087 1567/6090 4570/6091 6380/6088
f 6380/6088 4570/6091 1568/6081 4543/6078
f 4627/6089 6380/6088 4543/6078 1443/6077
f 1391/6092 4545/6093 6381/6094 4626/6095
f 4545/6093 1566/6096 4571/6097 6381/6094
f 6381/6094 4571/6097 1567/6090 4544/6087
f 4626/6095 6381/6094 4544/6087 1442/6086
f 1378/5998 4538/5996 6382/6098 4635/6099
f 4538/5996 1581/5739 4523/6061 6382/6098
f 6382/6098 4523/6061 1586/6049 4540/6054
f 4635/6099 6382/6098 4540/6054 1448/6053
f 1570/6100 4567/6101 6383/6102 4547/6103
f 4567/6101 1571/6104 4546/6105 6383/6102
f 6383/6102 4546/6105 1568/6081 4570/6091
f 4547/6103 6383/6102 4570/6091 1567/6090
f 1569/6106 4568/6107 6384/6108 4548/6109
f 4568/6107 1570/6100 4547/6103 6384/6108
f 6384/6108 4547/6103 1567/6090 4571/6097
f 4548/6109 6384/6108 4571/6097 1566/6096
f 1388/6110 4569/6111 6385/6112 4584/6113
f 4569/6111 1569/6106 4548/6109 6385/6112
f 6385/6112 4548/6109 1566/6096 4572/6114
f 4584/6113 6385/6112 4572/6114 1389/6115
f 1573/6116 4564/6117 6386/6118 4550/6119
f 4564/6117 1574/6120 4549/6121 6386/6118
f 6386/6118 4549/6121 1571/6104 4567/6101
f 4550/6119 6386/6118 4567/6101 1570/6100
f 1572/6122 4565/6123 6387/6124 4551/6125
f 4565/6123 1573/6116 4550/6119 6387/6124
f 6387/6124 4550/6119 1570/6100 4568/6107
f 4551/6125 6387/6124 4568/6107 1569/6106
f 1408/6126 4566/6127 6388/6128 4637/6129
f 4566/6127 1572/6122 4551/6125 6388/6128
f 6388/6128 4551/6125 1569/6106 4569/6111
f 4637/6129 6388/6128 4569/6111 1388/6110
f 1576/6130 4562/6131 6389/6132 4553/6133
f 4562/6131 1575/6134 4552/6135 6389/6132
f 6389/6132 4552/6135 1574/6120 4564/6117
f 4553/6133 6389/6132 4564/6117 1573/6116
f 1577/6136 4561/6137 6390/6138 4554/6139
f 4561/6137 1576/6130 4553/6133 6390/6138
f 6390/6138 4553/6133 1573/6116 4565/6123
f 4554/6139 6390/6138 4565/6123 1572/6122
f 1407/6140 4576/6141 6391/6142 4598/6143
f 4576/6141 1577/6136 4554/6139 6391/6142
f 6391/6142 4554/6139 1572/6122 4566/6127
f 4598/6143 6391/6142 4566/6127 1408/6126
f 1579/5972 4556/6144 6392/6145 4558/5981
f 4556/6144 1576/6130 4561/6137 6392/6145
f 6392/6145 4561/6137 1577/6136 4555/6146
f 4558/5981 6392/6145 4555/6146 1580/5978
f 1578/5963 4557/6147 6393/6148 4559/5975
f 4557/6147 1575/6134 4562/6131 6393/6148
f 6393/6148 4562/6131 1576/6130 4556/6144
f 4559/5975 6393/6148 4556/6144 1579/5972
f 1389/6115 4572/6114 6394/6149 4585/6150
f 4572/6114 1566/6096 4545/6093 6394/6149
f 6394/6149 4545/6093 1391/6092 4586/6151
f 4585/6150 6394/6149 4586/6151 1390/6152
f 1571/6104 4574/6153 6395/6154 4546/6105
f 4574/6153 1411/6155 4645/6156 6395/6154
f 6395/6154 4645/6156 1453/6083 4573/6082
f 4546/6105 6395/6154 4573/6082 1568/6081
f 1574/6120 4575/6157 6396/6158 4549/6121
f 4575/6157 1412/6159 4601/6160 6396/6158
f 6396/6158 4601/6160 1411/6155 4574/6153
f 4549/6121 6396/6158 4574/6153 1571/6104
f 1575/6134 4563/6161 6397/6162 4552/6135
f 4563/6161 1413/6163 4602/6164 6397/6162
f 6397/6162 4602/6164 1412/6159 4575/6157
f 4552/6135 6397/6162 4575/6157 1574/6120
f 1456/5971 4650/6165 6398/6166 4560/5966
f 4650/6165 1413/6163 4563/6161 6398/6166
f 6398/6166 4563/6161 1575/6134 4557/6147
f 4560/5966 6398/6166 4557/6147 1578/5963
f 1376/5731 4577/6001 6399/6167 4666/6168
f 4577/6001 1377/6000 4667/6169 6399/6167
f 6399/6167 4667/6169 1466/6170 4399/6171
f 4666/6168 6399/6167 4399/6171 1465/6172
f 1377/6000 4578/5999 6400/6173 4667/6169
f 4578/5999 1378/5998 4668/6174 6400/6173
f 6400/6173 4668/6174 1467/6175 4400/6176
f 4667/6169 6400/6173 4400/6176 1466/6170
f 1379/6177 4579/6178 6401/6179 4669/6180
f 4579/6178 1380/6181 4670/6182 6401/6179
f 6401/6179 4670/6182 1469/6183 4401/6184
f 4669/6180 6401/6179 4401/6184 1468/6185
f 1380/6181 4580/6186 6402/6187 4670/6182
f 4580/6186 1381/6188 4671/6189 6402/6187
f 6402/6187 4671/6189 1470/6190 4402/6191
f 4670/6182 6402/6187 4402/6191 1469/6183
f 1382/6069 4581/6074 6403/6192 4672/6193
f 4581/6074 1383/6073 4673/6194 6403/6192
f 6403/6192 4673/6194 1472/6195 4403/6196
f 4672/6193 6403/6192 4403/6196 1471/6197
f 1384/5916 4582/5915 6404/6198 4674/6199
f 4582/5915 1385/5842 4675/6200 6404/6198
f 6404/6198 4675/6200 1474/6201 4404/6202
f 4674/6199 6404/6198 4404/6202 1473/6203
f 1386/6204 4583/6205 6405/6206 4676/6207
f 4583/6205 1387/6208 4677/6209 6405/6206
f 6405/6206 4677/6209 1476/6210 4405/6211
f 4676/6207 6405/6206 4405/6211 1475/6212
f 1388/6110 4584/6113 6406/6213 4678/6214
f 4584/6113 1389/6115 4679/6215 6406/6213
f 6406/6213 4679/6215 1478/6216 4406/6217
f 4678/6214 6406/6213 4406/6217 1477/6218
f 1389/6115 4585/6150 6407/6219 4679/6215
f 4585/6150 1390/6152 4680/6220 6407/6219
f 6407/6219 4680/6220 1479/6221 4407/6222
f 4679/6215 6407/6219 4407/6222 1478/6216
f 1390/6152 4586/6151 6408/6223 4680/6220
f 4586/6151 1391/6092 4681/6224 6408/6223
f 6408/6223 4681/6224 1480/6225 4408/6226
f 4680/6220 6408/6223 4408/6226 1479/6221
f 1383/6073 4587/6076 6409/6227 4673/6194
f 4587/6076 1392/5992 4682/6228 6409/6227
f 6409/6227 4682/6228 1481/6229 4409/6230
f 4673/6194 6409/6227 4409/6230 1472/6195
f 1393/5865 4588/5872 6410/6231 4683/6232
f 4588/5872 1394/5871 4684/6233 6410/6231
f 6410/6231 4684/6233 1483/6234 4410/6235
f 4683/6232 6410/6231 4410/6235 1482/6236
f 1394/5871 4589/6065 6411/6237 4684/6233
f 4589/6065 1395/6064 4685/6238 6411/6237
f 6411/6237 4685/6238 1484/6239 4411/6240
f 4684/6233 6411/6237 4411/6240 1483/6234
f 1396/6241 4590/6242 6412/6243 4686/6244
f 4590/6242 1397/6245 4687/6246 6412/6243
f 6412/6243 4687/6246 1486/6247 4412/6248
f 4686/6244 6412/6243 4412/6248 1485/6249
f 1398/5770 4591/5942 6413/6250 4688/6251
f 4591/5942 1399/5811 4689/6252 6413/6250
f 6413/6250 4689/6252 1488/6253 4413/6254
f 4688/6251 6413/6250 4413/6254 1487/6255
f 1399/5811 4592/6256 6414/6257 4689/6252
f 4592/6256 1379/6177 4669/6180 6414/6257
f 6414/6257 4669/6180 1468/6185 4414/6258
f 4689/6252 6414/6257 4414/6258 1488/6253
f 1400/6259 4593/6260 6415/6261 4690/6262
f 4593/6260 1401/6263 4691/6264 6415/6261
f 6415/6261 4691/6264 1490/6265 4415/6266
f 4690/6262 6415/6261 4415/6266 1489/6267
f 1402/5838 4594/5848 6416/6268 4692/6269
f 4594/5848 1403/5847 4693/6270 6416/6268
f 6416/6268 4693/6270 1492/6271 4416/6272
f 4692/6269 6416/6268 4416/6272 1491/6273
f 1404/6039 4595/6042 6417/6274 4694/6275
f 4595/6042 1405/6023 4695/6276 6417/6274
f 6417/6274 4695/6276 1494/6277 4417/6278
f 4694/6275 6417/6274 4417/6278 1493/6279
f 1405/6023 4596/6026 6418/6280 4695/6276
f 4596/6026 1406/6028 4696/6281 6418/6280
f 6418/6280 4696/6281 1495/6282 4418/6283
f 4695/6276 6418/6280 4418/6283 1494/6277
f 1406/6028 4597/6284 6419/6285 4696/6281
f 4597/6284 1407/6140 4697/6286 6419/6285
f 6419/6285 4697/6286 1496/6287 4419/6288
f 4696/6281 6419/6285 4419/6288 1495/6282
f 1407/6140 4598/6143 6420/6289 4697/6286
f 4598/6143 1408/6126 4698/6290 6420/6289
f 6420/6289 4698/6290 1497/6291 4420/6292
f 4697/6286 6420/6289 4420/6292 1496/6287
f 1409/6293 4599/6294 6421/6295 4699/6296
f 4599/6294 1410/6297 4700/6298 6421/6295
f 6421/6295 4700/6298 1499/6299 4421/6300
f 4699/6296 6421/6295 4421/6300 1498/6301
f 1395/6064 4600/6070 6422/6302 4685/6238
f 4600/6070 1382/6069 4672/6193 6422/6302
f 6422/6302 4672/6193 1471/6197 4422/6303
f 4685/6238 6422/6302 4422/6303 1484/6239
f 1411/6155 4601/6160 6423/6304 4701/6305
f 4601/6160 1412/6159 4702/6306 6423/6304
f 6423/6304 4702/6306 1501/6307 4423/6308
f 4701/6305 6423/6304 4423/6308 1500/6309
f 1412/6159 4602/6164 6424/6310 4702/6306
f 4602/6164 1413/6163 4703/6311 6424/6310
f 6424/6310 4703/6311 1502/6312 4424/6313
f 4702/6306 6424/6310 4424/6313 1501/6307
f 1414/5853 4603/5860 6425/6314 4704/6315
f 4603/5860 1415/5859 4705/6316 6425/6314
f 6425/6314 4705/6316 1504/6317 4425/6318
f 4704/6315 6425/6314 4425/6318 1503/6319
f 1415/5859 4604/5866 6426/6320 4705/6316
f 4604/5866 1393/5865 4683/6232 6426/6320
f 6426/6320 4683/6232 1482/6236 4426/6321
f 4705/6316 6426/6320 4426/6321 1504/6317
f 1416/5894 4605/5897 6427/6322 4706/6323
f 4605/5897 1417/5888 4707/6324 6427/6322
f 6427/6322 4707/6324 1506/6325 4427/6326
f 4706/6323 6427/6322 4427/6326 1505/6327
f 1418/6328 4606/6329 6428/6330 4708/6331
f 4606/6329 1419/6332 4709/6333 6428/6330
f 6428/6330 4709/6333 1508/6334 4428/6335
f 4708/6331 6428/6330 4428/6335 1507/6336
f 1420/6337 4607/6338 6429/6339 4710/6340
f 4607/6338 1396/6241 4686/6244 6429/6339
f 6429/6339 4686/6244 1485/6249 4429/6341
f 4710/6340 6429/6339 4429/6341 1509/6342
f 1421/5879 4608/5929 6430/6343 4711/6344
f 4608/5929 1422/5772 4712/6345 6430/6343
f 6430/6343 4712/6345 1511/6346 4430/6347
f 4711/6344 6430/6343 4430/6347 1510/6348
f 1422/5772 4609/5771 6431/6349 4712/6345
f 4609/5771 1398/5770 4688/6251 6431/6349
f 6431/6349 4688/6251 1487/6255 4431/6350
f 4712/6345 6431/6349 4431/6350 1511/6346
f 1423/6351 4610/6352 6432/6353 4713/6354
f 4610/6352 1424/6355 4714/6356 6432/6353
f 6432/6353 4714/6356 1513/6357 4432/6358
f 4713/6354 6432/6353 4432/6358 1512/6359
f 1425/5882 4611/5885 6433/6360 4715/6361
f 4611/5885 1426/5873 4716/6362 6433/6360
f 6433/6360 4716/6362 1515/6363 4433/6364
f 4715/6361 6433/6360 4433/6364 1514/6365
f 1426/5873 4612/5876 6434/6366 4716/6362
f 4612/5876 1427/5881 4717/6367 6434/6366
f 6434/6366 4717/6367 1516/6368 4434/6369
f 4716/6362 6434/6366 4434/6369 1515/6363
f 1428/6370 4613/6371 6435/6372 4718/6373
f 4613/6371 1429/6374 4719/6375 6435/6372
f 6435/6372 4719/6375 1518/6376 4435/6377
f 4718/6373 6435/6372 4435/6377 1517/6378
f 1430/5840 4614/5839 6436/6379 4720/6380
f 4614/5839 1402/5838 4692/6269 6436/6379
f 6436/6379 4692/6269 1491/6273 4436/6381
f 4720/6380 6436/6379 4436/6381 1519/6382
f 1431/6383 4615/6384 6437/6385 4721/6386
f 4615/6384 1386/6204 4676/6207 6437/6385
f 6437/6385 4676/6207 1475/6212 4437/6387
f 4721/6386 6437/6385 4437/6387 1520/6388
f 1381/6188 4616/6389 6438/6390 4671/6189
f 4616/6389 1432/6391 4722/6392 6438/6390
f 6438/6390 4722/6392 1521/6393 4438/6394
f 4671/6189 6438/6390 4438/6394 1470/6190
f 1432/6391 4617/6395 6439/6396 4722/6392
f 4617/6395 1400/6259 4690/6262 6439/6396
f 6439/6396 4690/6262 1489/6267 4439/6397
f 4722/6392 6439/6396 4439/6397 1521/6393
f 1433/6398 4618/6399 6440/6400 4723/6401
f 4618/6399 1434/6402 4724/6403 6440/6400
f 6440/6400 4724/6403 1523/6404 4440/6405
f 4723/6401 6440/6400 4440/6405 1522/6406
f 1434/6402 4619/6407 6441/6408 4724/6403
f 4619/6407 1431/6383 4721/6386 6441/6408
f 6441/6408 4721/6386 1520/6388 4441/6409
f 4724/6403 6441/6408 4441/6409 1523/6404
f 1435/5988 4620/5995 6442/6410 4725/6411
f 4620/5995 1436/5735 4726/6412 6442/6410
f 6442/6410 4726/6412 1525/6413 4442/6414
f 4725/6411 6442/6410 4442/6414 1524/6415
f 1436/5735 4621/5732 6443/6416 4726/6412
f 4621/5732 1376/5731 4666/6168 6443/6416
f 6443/6416 4666/6168 1465/6172 4443/6417
f 4726/6412 6443/6416 4443/6417 1525/6413
f 1437/6418 4622/6419 6444/6420 4727/6421
f 4622/6419 1438/6422 4728/6423 6444/6420
f 6444/6420 4728/6423 1527/6424 4444/6425
f 4727/6421 6444/6420 4444/6425 1526/6426
f 1392/5992 4623/5991 6445/6427 4682/6228
f 4623/5991 1439/5990 4729/6428 6445/6427
f 6445/6427 4729/6428 1528/6429 4445/6430
f 4682/6228 6445/6427 4445/6430 1481/6229
f 1439/5990 4624/5989 6446/6431 4729/6428
f 4624/5989 1435/5988 4725/6411 6446/6431
f 6446/6431 4725/6411 1524/6415 4446/6432
f 4729/6428 6446/6431 4446/6432 1528/6429
f 1440/5906 4625/5909 6447/6433 4730/6434
f 4625/5909 1441/5900 4731/6435 6447/6433
f 6447/6433 4731/6435 1530/6436 4447/6437
f 4730/6434 6447/6433 4447/6437 1529/6438
f 1391/6092 4626/6095 6448/6439 4681/6224
f 4626/6095 1442/6086 4732/6440 6448/6439
f 6448/6439 4732/6440 1531/6441 4448/6442
f 4681/6224 6448/6439 4448/6442 1480/6225
f 1442/6086 4627/6089 6449/6443 4732/6440
f 4627/6089 1443/6077 4733/6444 6449/6443
f 6449/6443 4733/6444 1532/6445 4449/6446
f 4732/6440 6449/6443 4449/6446 1531/6441
f 1444/5969 4628/6447 6450/6448 4734/6449
f 4628/6447 1445/6450 4735/6451 6450/6448
f 6450/6448 4735/6451 1534/6452 4450/6453
f 4734/6449 6450/6448 4450/6453 1533/6454
f 1445/6450 4629/6455 6451/6456 4735/6451
f 4629/6455 1409/6293 4699/6296 6451/6456
f 6451/6456 4699/6296 1498/6301 4451/6457
f 4735/6451 6451/6456 4451/6457 1534/6452
f 1385/5842 4630/5841 6452/6458 4675/6200
f 4630/5841 1430/5840 4720/6380 6452/6458
f 6452/6458 4720/6380 1519/6382 4452/6459
f 4675/6200 6452/6458 4452/6459 1474/6201
f 1397/6245 4631/6460 6453/6461 4687/6246
f 4631/6460 1446/6462 4736/6463 6453/6461
f 6453/6461 4736/6463 1535/6464 4453/6465
f 4687/6246 6453/6461 4453/6465 1486/6247
f 1403/5847 4632/5854 6454/6466 4693/6270
f 4632/5854 1414/5853 4704/6315 6454/6466
f 6454/6466 4704/6315 1503/6319 4454/6467
f 4693/6270 6454/6466 4454/6467 1492/6271
f 1427/5881 4633/5880 6455/6468 4717/6367
f 4633/5880 1421/5879 4711/6344 6455/6468
f 6455/6468 4711/6344 1510/6348 4455/6469
f 4717/6367 6455/6468 4455/6469 1516/6368
f 1438/6422 4634/6470 6456/6471 4728/6423
f 4634/6470 1447/6472 4737/6473 6456/6471
f 6456/6471 4737/6473 1536/6474 4456/6475
f 4728/6423 6456/6471 4456/6475 1527/6424
f 1378/5998 4635/6099 6457/6476 4668/6174
f 4635/6099 1448/6053 4738/6477 6457/6476
f 6457/6476 4738/6477 1537/6478 4457/6479
f 4668/6174 6457/6476 4457/6479 1467/6175
f 1448/6053 4636/6056 6458/6480 4738/6477
f 4636/6056 1404/6039 4694/6275 6458/6480
f 6458/6480 4694/6275 1493/6279 4458/6481
f 4738/6477 6458/6480 4458/6481 1537/6478
f 1408/6126 4637/6129 6459/6482 4698/6290
f 4637/6129 1388/6110 4678/6214 6459/6482
f 6459/6482 4678/6214 1477/6218 4459/6483
f 4698/6290 6459/6482 4459/6483 1497/6291
f 1447/6472 4638/6484 6460/6485 4737/6473
f 4638/6484 1449/6486 4739/6487 6460/6485
f 6460/6485 4739/6487 1538/6488 4460/6489
f 4737/6473 6460/6485 4460/6489 1536/6474
f 1449/6486 4639/6490 6461/6491 4739/6487
f 4639/6490 1450/6492 4740/6493 6461/6491
f 6461/6491 4740/6493 1539/6494 4461/6495
f 4739/6487 6461/6491 4461/6495 1538/6488
f 1450/6492 4640/6496 6462/6497 4740/6493
f 4640/6496 1423/6351 4713/6354 6462/6497
f 6462/6497 4713/6354 1512/6359 4462/6498
f 4740/6493 6462/6497 4462/6498 1539/6494
f 1446/6462 4641/6499 6463/6500 4736/6463
f 4641/6499 1451/6501 4741/6502 6463/6500
f 6463/6500 4741/6502 1540/6503 4463/6504
f 4736/6463 6463/6500 4463/6504 1535/6464
f 1451/6501 4642/6505 6464/6506 4741/6502
f 4642/6505 1437/6418 4727/6421 6464/6506
f 6464/6506 4727/6421 1526/6426 4464/6507
f 4741/6502 6464/6506 4464/6507 1540/6503
f 1443/6077 4643/6080 6465/6508 4733/6444
f 4643/6080 1452/6085 4742/6509 6465/6508
f 6465/6508 4742/6509 1541/6510 4465/6511
f 4733/6444 6465/6508 4465/6511 1532/6445
f 1452/6085 4644/6084 6466/6512 4742/6509
f 4644/6084 1453/6083 4743/6513 6466/6512
f 6466/6512 4743/6513 1542/6514 4466/6515
f 4742/6509 6466/6512 4466/6515 1541/6510
f 1453/6083 4645/6156 6467/6516 4743/6513
f 4645/6156 1411/6155 4701/6305 6467/6516
f 6467/6516 4701/6305 1500/6309 4467/6517
f 4743/6513 6467/6516 4467/6517 1542/6514
f 1424/6355 4646/6518 6468/6519 4714/6356
f 4646/6518 1454/6520 4744/6521 6468/6519
f 6468/6519 4744/6521 1543/6522 4468/6523
f 4714/6356 6468/6519 4468/6523 1513/6357
f 1454/6520 4647/6524 6469/6525 4744/6521
f 4647/6524 1440/5906 4730/6434 6469/6525
f 6469/6525 4730/6434 1529/6438 4469/6526
f 4744/6521 6469/6525 4469/6526 1543/6522
f 1417/5888 4648/5891 6470/6527 4707/6324
f 4648/5891 1425/5882 4715/6361 6470/6527
f 6470/6527 4715/6361 1514/6365 4470/6528
f 4707/6324 6470/6527 4470/6528 1506/6325
f 1401/6263 4930/6529 6471/6530 4691/6264
f 1669/6531 4649/6532 6471/6530 4930/6529
f 1455/6533 4745/6534 6471/6530 4649/6532
f 1544/6535 4471/6536 6471/6530 4745/6534
f 1490/6265 4691/6264 6471/6530 4471/6536
f 1413/6163 4650/6165 6472/6537 4703/6311
f 4650/6165 1456/5971 4746/6538 6472/6537
f 6472/6537 4746/6538 1545/6539 4472/6540
f 4703/6311 6472/6537 4472/6540 1502/6312
f 1457/6541 4651/6542 6473/6543 4747/6544
f 4651/6542 1458/6545 4748/6546 6473/6543
f 6473/6543 4748/6546 1547/6547 4473/6548
f 4747/6544 6473/6543 4473/6548 1546/6549
f 1458/6545 4652/6550 6474/6551 4748/6546
f 4652/6550 1433/6398 4723/6401 6474/6551
f 6474/6551 4723/6401 1522/6406 4474/6552
f 4748/6546 6474/6551 4474/6552 1547/6547
f 1459/6553 4653/6554 6475/6555 4749/6556
f 4653/6554 1460/6557 4750/6558 6475/6555
f 6475/6555 4750/6558 1549/6559 4475/6560
f 4749/6556 6475/6555 4475/6560 1548/6561
f 1460/6557 4654/6562 6476/6563 4750/6558
f 4654/6562 1457/6541 4747/6544 6476/6563
f 6476/6563 4747/6544 1546/6549 4476/6564
f 4750/6558 6476/6563 4476/6564 1549/6559
f 1410/6297 4655/6565 6477/6566 4700/6298
f 4655/6565 1461/6567 4751/6568 6477/6566
f 6477/6566 4751/6568 1550/6569 4477/6570
f 4700/6298 6477/6566 4477/6570 1499/6299
f 1461/6567 4656/6571 6478/6572 4751/6568
f 4656/6571 1462/6573 4752/6574 6478/6572
f 6478/6572 4752/6574 1551/6575 4478/6576
f 4751/6568 6478/6572 4478/6576 1550/6569
f 1456/5971 4657/5970 6479/6577 4746/6538
f 4657/5970 1444/5969 4734/6449 6479/6577
f 6479/6577 4734/6449 1533/6454 4479/6578
f 4746/6538 6479/6577 4479/6578 1545/6539
f 1462/6573 4658/6579 6480/6580 4752/6574
f 4658/6579 1463/6581 4753/6582 6480/6580
f 6480/6580 4753/6582 1552/6583 4480/6584
f 4752/6574 6480/6580 4480/6584 1551/6575
f 1463/6581 4659/6585 6481/6586 4753/6582
f 4659/6585 1420/6337 4710/6340 6481/6586
f 6481/6586 4710/6340 1509/6342 4481/6587
f 4753/6582 6481/6586 4481/6587 1552/6583
f 1441/5900 4660/5903 6482/6588 4731/6435
f 4660/5903 1416/5894 4706/6323 6482/6588
f 6482/6588 4706/6323 1505/6327 4482/6589
f 4731/6435 6482/6588 4482/6589 1530/6436
f 1387/6208 4661/6590 6483/6591 4677/6209
f 4661/6590 1464/6592 4754/6593 6483/6591
f 6483/6591 4754/6593 1553/6594 4483/6595
f 4677/6209 6483/6591 4483/6595 1476/6210
f 1464/6592 4662/6596 6484/6597 4754/6593
f 4662/6596 1384/5916 4674/6199 6484/6597
f 6484/6597 4674/6199 1473/6203 4484/6598
f 4754/6593 6484/6597 4484/6598 1553/6594
f 1455/6533 4663/6599 6485/6600 4745/6534
f 4663/6599 1428/6370 4718/6373 6485/6600
f 6485/6600 4718/6373 1517/6378 4485/6601
f 4745/6534 6485/6600 4485/6601 1544/6535
f 1429/6374 4664/6602 6486/6603 4719/6375
f 4664/6602 1418/6328 4708/6331 6486/6603
f 6486/6603 4708/6331 1507/6336 4486/6604
f 4719/6375 6486/6603 4486/6604 1518/6376
f 1419/6332 4665/6605 6487/6606 4709/6333
f 4665/6605 1459/6553 4749/6556 6487/6606
f 6487/6606 4749/6556 1548/6561 4487/6607
f 4709/6333 6487/6606 4487/6607 1508/6334
f 1420/6337 4761/6608 6488/6609 4607/6338
f 4761/6608 1562/6610 4776/6611 6488/6609
f 6488/6609 4776/6611 1563/6612 4773/6613
f 4607/6338 6488/6609 4773/6613 1396/6241
f 1406/6028 4526/6027 6489/6614 4755/6615
f 4526/6027 1593/6022 4875/6616 6489/6614
f 6489/6614 4875/6616 1638/5982 4863/5979
f 4755/6615 6489/6614 4863/5979 1580/5978
f 1580/5978 4555/6146 6490/6617 4755/6615
f 4555/6146 1577/6136 4576/6141 6490/6617
f 6490/6617 4576/6141 1407/6140 4597/6284
f 4755/6615 6490/6617 4597/6284 1406/6028
f 1462/6573 4759/6618 6491/6619 4764/6620
f 4759/6618 1625/5961 4820/5959 6491/6619
f 6491/6619 4820/5959 1602/5801 4499/6621
f 4764/6620 6491/6619 4499/6621 1554/6622
f 1554/6622 4784/6623 6492/6624 4764/6620
f 4784/6623 1557/6625 4767/6626 6492/6624
f 6492/6624 4767/6626 1463/6581 4658/6579
f 4764/6620 6492/6624 4658/6579 1462/6573
f 1559/6627 4760/6628 6493/6629 4781/6630
f 4760/6628 1424/6355 4610/6352 6493/6629
f 6493/6629 4610/6352 1423/6351 4770/6631
f 4781/6630 6493/6629 4770/6631 1560/6632
f 1560/6632 4770/6631 6494/6633 4778/6634
f 4770/6631 1423/6351 4640/6496 6494/6633
f 6494/6633 4640/6496 1450/6492 4762/6635
f 4778/6634 6494/6633 4762/6635 1565/6636
f 1379/6177 4757/6637 6495/6638 4579/6178
f 4757/6637 1668/6639 4963/6640 6495/6638
f 6495/6638 4963/6640 1671/6641 4931/6642
f 4579/6178 6495/6638 4931/6642 1380/6181
f 1396/6241 4773/6613 6496/6643 4590/6242
f 4773/6613 1563/6612 4785/6644 6496/6643
f 6496/6643 4785/6644 1437/6418 4763/6645
f 4590/6242 6496/6643 4763/6645 1397/6245
f 1397/6245 4763/6645 6497/6646 4631/6460
f 4763/6645 1437/6418 4642/6505 6497/6646
f 6497/6646 4642/6505 1451/6501 4641/6499
f 4631/6460 6497/6646 4641/6499 1446/6462
f 1562/6610 4772/6647 6498/6648 4776/6611
f 4772/6647 1561/6649 4777/6650 6498/6648
f 6498/6648 4777/6650 1564/6651 4774/6652
f 4776/6611 6498/6648 4774/6652 1563/6612
f 1561/6649 4771/6653 6499/6654 4777/6650
f 4771/6653 1560/6632 4778/6634 6499/6654
f 6499/6654 4778/6634 1565/6636 4775/6655
f 4777/6650 6499/6654 4775/6655 1564/6651
f 1463/6581 4767/6626 6500/6656 4659/6585
f 4767/6626 1557/6625 4779/6657 6500/6656
f 6500/6656 4779/6657 1562/6610 4761/6608
f 4659/6585 6500/6656 4761/6608 1420/6337
f 1557/6625 4768/6658 6501/6659 4779/6657
f 4768/6658 1558/6660 4780/6661 6501/6659
f 6501/6659 4780/6661 1561/6649 4772/6647
f 4779/6657 6501/6659 4772/6647 1562/6610
f 1558/6660 4769/6662 6502/6663 4780/6661
f 4769/6662 1559/6627 4781/6630 6502/6663
f 6502/6663 4781/6630 1560/6632 4771/6653
f 4780/6661 6502/6663 4771/6653 1561/6649
f 1454/6520 4646/6518 6503/6664 4758/6665
f 4646/6518 1424/6355 4760/6628 6503/6664
f 6503/6664 4760/6628 1559/6627 4782/6666
f 4758/6665 6503/6664 4782/6666 1556/6667
f 1556/6667 4782/6666 6504/6668 4766/6669
f 4782/6666 1559/6627 4769/6662 6504/6668
f 6504/6668 4769/6662 1558/6660 4783/6670
f 4766/6669 6504/6668 4783/6670 1555/6671
f 1555/6671 4783/6670 6505/6672 4765/6673
f 4783/6670 1558/6660 4768/6658 6505/6672
f 6505/6672 4768/6658 1557/6625 4784/6623
f 4765/6673 6505/6672 4784/6623 1554/6622
f 1613/5730 4857/5729 6506/6674 4508/6675
f 4857/5729 1626/5728 4803/5914 6506/6674
f 6506/6674 4803/5914 1384/5916 4662/6596
f 4508/6675 6506/6674 4662/6596 1464/6592
f 1437/6418 4785/6644 6507/6676 4622/6419
f 4785/6644 1563/6612 4774/6652 6507/6676
f 6507/6676 4774/6652 1564/6651 4786/6677
f 4622/6419 6507/6676 4786/6677 1438/6422
f 1438/6422 4786/6677 6508/6678 4634/6470
f 4786/6677 1564/6651 4775/6655 6508/6678
f 6508/6678 4775/6655 1565/6636 4787/6679
f 4634/6470 6508/6678 4787/6679 1447/6472
f 1447/6472 4787/6679 6509/6680 4638/6484
f 4787/6679 1565/6636 4762/6635 6509/6680
f 6509/6680 4762/6635 1450/6492 4639/6490
f 4638/6484 6509/6680 4639/6490 1449/6486
f 1554/6622 4499/6621 6510/6681 4765/6673
f 4499/6621 1602/5801 4856/5798 6510/6681
f 6510/6681 4856/5798 1637/5797 4789/6682
f 4765/6673 6510/6681 4789/6682 1555/6671
f 1555/6671 4789/6682 6511/6683 4766/6669
f 4789/6682 1637/5797 4826/5938 6511/6683
f 6511/6683 4826/5938 1614/5910 4791/6684
f 4766/6669 6511/6683 4791/6684 1556/6667
f 1556/6667 4791/6684 6512/6685 4758/6665
f 4791/6684 1614/5910 4838/5907 6512/6685
f 6512/6685 4838/5907 1440/5906 4647/6524
f 4758/6665 6512/6685 4647/6524 1454/6520
f 1643/5976 4872/5983 6513/6686 4868/6687
f 4872/5983 1638/5982 4864/6688 6513/6686
f 6513/6686 4864/6688 1639/6689 4873/6690
f 4868/6687 6513/6686 4873/6690 1642/6691
f 1642/6691 4873/6690 6514/6692 4867/6693
f 4873/6690 1639/6689 4865/6694 6514/6692
f 6514/6692 4865/6694 1640/6695 4874/6696
f 4867/6693 6514/6692 4874/6696 1641/6697
f 1641/6697 4874/6696 6515/6698 4866/6699
f 4874/6696 1640/6695 4505/6700 6515/6698
f 6515/6698 4505/6700 1596/5867 4832/5925
f 4866/6699 6515/6698 4832/5925 1631/5762
f 1638/5982 4875/6616 6516/6701 4864/6688
f 4875/6616 1593/6022 4525/6021 6516/6701
f 6516/6701 4525/6021 1594/6016 4876/6702
f 4864/6688 6516/6701 4876/6702 1639/6689
f 1639/6689 4876/6702 6517/6703 4865/6694
f 4876/6702 1594/6016 4524/6015 6517/6703
f 6517/6703 4524/6015 1595/6014 4877/6704
f 4865/6694 6517/6703 4877/6704 1640/6695
f 1640/6695 4877/6704 6518/6705 4505/6700
f 4877/6704 1595/6014 4756/6066 6518/6705
f 6518/6705 4756/6066 1394/5871 4844/5868
f 4505/6700 6518/6705 4844/5868 1596/5867
f 1444/5969 4878/5968 6519/6706 4628/6447
f 4878/5968 1644/5967 4870/6707 6519/6706
f 6519/6706 4870/6707 1645/6708 4879/6709
f 4628/6447 6519/6706 4879/6709 1445/6450
f 1445/6450 4879/6709 6520/6710 4629/6455
f 4879/6709 1645/6708 4871/6711 6520/6710
f 6520/6710 4871/6711 1646/6712 4880/6713
f 4629/6455 6520/6710 4880/6713 1409/6293
f 1409/6293 4880/6713 6521/6714 4927/6715
f 4880/6713 1646/6712 4493/6716 6521/6714
f 6521/6714 4493/6716 1608/5758 4899/5831
f 4927/6715 6521/6714 4899/5831 1662/5830
f 1644/5967 4881/5977 6522/6717 4870/6707
f 4881/5977 1643/5976 4868/6687 6522/6717
f 6522/6717 4868/6687 1642/6691 4882/6718
f 4870/6707 6522/6717 4882/6718 1645/6708
f 1645/6708 4882/6718 6523/6719 4871/6711
f 4882/6718 1642/6691 4867/6693 6523/6719
f 6523/6719 4867/6693 1641/6697 4883/6720
f 4871/6711 6523/6719 4883/6720 1646/6712
f 1646/6712 4883/6720 6524/6721 4493/6716
f 4883/6720 1641/6697 4866/6699 6524/6721
f 6524/6721 4866/6699 1631/5762 4862/5759
f 4493/6716 6524/6721 4862/5759 1608/5758
f 1664/6004 4901/6722 6525/6723 4902/6005
f 4901/6722 1663/6724 4903/6725 6525/6723
f 6525/6723 4903/6725 1660/6726 4898/6727
f 4902/6005 6525/6723 4898/6727 1661/6006
f 1663/6724 4900/6728 6526/6729 4903/6725
f 4900/6728 1662/5830 4904/5833 6526/6729
f 6526/6729 4904/5833 1659/5826 4897/6730
f 4903/6725 6526/6729 4897/6730 1660/6726
f 1624/5957 4849/6007 6527/6731 4801/5958
f 4849/6007 1661/6006 4905/6732 6527/6731
f 6527/6731 4905/6732 1658/6733 4848/6734
f 4801/5958 6527/6731 4848/6734 1623/5953
f 1661/6006 4898/6727 6528/6735 4905/6732
f 4898/6727 1660/6726 4906/6736 6528/6735
f 6528/6735 4906/6736 1657/6737 4895/6738
f 4905/6732 6528/6735 4895/6738 1658/6733
f 1660/6726 4897/6730 6529/6739 4906/6736
f 4897/6730 1659/5826 4907/5829 6529/6739
f 6529/6739 4907/5829 1656/5822 4894/6740
f 4906/6736 6529/6739 4894/6740 1657/6737
f 1623/5953 4848/6734 6530/6741 4800/5954
f 4848/6734 1658/6733 4908/6742 6530/6741
f 6530/6741 4908/6742 1655/6743 4847/6744
f 4800/5954 6530/6741 4847/6744 1622/5949
f 1658/6733 4895/6738 6531/6745 4908/6742
f 4895/6738 1657/6737 4909/6746 6531/6745
f 6531/6745 4909/6746 1654/6747 4892/6748
f 4908/6742 6531/6745 4892/6748 1655/6743
f 1657/6737 4894/6740 6532/6749 4909/6746
f 4894/6740 1656/5822 4910/5825 6532/6749
f 6532/6749 4910/5825 1653/5818 4891/6750
f 4909/6746 6532/6749 4891/6750 1654/6747
f 1622/5949 4847/6744 6533/6751 4799/5950
f 4847/6744 1655/6743 4911/6752 6533/6751
f 6533/6751 4911/6752 1652/6753 4846/6754
f 4799/5950 6533/6751 4846/6754 1621/5945
f 1655/6743 4892/6748 6534/6755 4911/6752
f 4892/6748 1654/6747 4912/6756 6534/6755
f 6534/6755 4912/6756 1651/6757 4889/6758
f 4911/6752 6534/6755 4889/6758 1652/6753
f 1654/6747 4891/6750 6535/6759 4912/6756
f 4891/6750 1653/5818 4913/5821 6535/6759
f 6535/6759 4913/5821 1650/5812 4888/6760
f 4912/6756 6535/6759 4888/6760 1651/6757
f 1621/5945 4846/6754 6536/6761 4798/5946
f 4846/6754 1652/6753 4914/6762 6536/6761
f 6536/6761 4914/6762 1649/5807 4845/5804
f 4798/5946 6536/6761 4845/5804 1620/5803
f 1652/6753 4889/6758 6537/6763 4914/6762
f 4889/6758 1651/6757 4915/6764 6537/6763
f 6537/6763 4915/6764 1648/6765 4886/6766
f 4914/6762 6537/6763 4886/6766 1649/5807
f 1651/6757 4888/6760 6538/6767 4915/6764
f 4888/6760 1650/5812 4916/5815 6538/6767
f 6538/6767 4916/5815 1647/5817 4885/6768
f 4915/6764 6538/6767 4885/6768 1648/6765
f 1401/6263 4946/6769 6539/6770 4930/6529
f 4946/6769 1678/6771 4950/6772 6539/6770
f 6539/6770 4950/6772 1681/6773 4936/6774
f 4930/6529 6539/6770 4936/6774 1669/6531
f 1399/5811 4917/5810 6540/6775 4592/6256
f 4917/5810 1666/5809 4926/6776 6540/6775
f 6540/6775 4926/6776 1668/6639 4757/6637
f 4592/6256 6540/6775 4757/6637 1379/6177
f 1387/6208 4918/6777 6541/6778 4661/6590
f 4918/6777 1647/5817 4884/5816 6541/6778
f 6541/6778 4884/5816 1613/5730 4508/6675
f 4661/6590 6541/6778 4508/6675 1464/6592
f 1666/5809 4924/5808 6542/6779 4920/6780
f 4924/5808 1649/5807 4886/6766 6542/6779
f 6542/6779 4886/6766 1648/6765 4923/6781
f 4920/6780 6542/6779 4923/6781 1665/6782
f 1665/6782 4923/6781 6543/6783 4919/6784
f 4923/6781 1648/6765 4885/6768 6543/6783
f 6543/6783 4885/6768 1647/5817 4918/6777
f 4919/6784 6543/6783 4918/6777 1387/6208
f 1668/6639 4926/6776 6544/6785 4922/6786
f 4926/6776 1666/5809 4920/6780 6544/6785
f 6544/6785 4920/6780 1665/6782 4925/6787
f 4922/6786 6544/6785 4925/6787 1667/6788
f 1667/6788 4925/6787 6545/6789 4921/6790
f 4925/6787 1665/6782 4919/6784 6545/6789
f 6545/6789 4919/6784 1387/6208 4583/6205
f 4921/6790 6545/6789 4583/6205 1386/6204
f 1662/5830 4900/6728 6546/6791 4927/6715
f 4900/6728 1663/6724 4928/6792 6546/6791
f 6546/6791 4928/6792 1410/6297 4599/6294
f 4927/6715 6546/6791 4599/6294 1409/6293
f 1410/6297 4928/6792 6547/6793 4655/6565
f 4928/6792 1663/6724 4901/6722 6547/6793
f 6547/6793 4901/6722 1664/6004 4929/6794
f 4655/6565 6547/6793 4929/6794 1461/6567
f 1461/6567 4929/6794 6548/6795 4656/6571
f 4929/6794 1664/6004 4850/6002 6548/6795
f 6548/6795 4850/6002 1625/5961 4759/6618
f 4656/6571 6548/6795 4759/6618 1462/6573
f 1670/6796 4938/6797 6549/6798 4959/6799
f 4938/6797 1431/6383 4619/6407 6549/6798
f 6549/6798 4619/6407 1434/6402 4932/6800
f 4959/6799 6549/6798 4932/6800 1673/6801
f 1673/6801 4932/6800 6550/6802 4957/6803
f 4932/6800 1434/6402 4618/6399 6550/6802
f 6550/6802 4618/6399 1433/6398 4942/6804
f 4957/6803 6550/6802 4942/6804 1674/6805
f 1674/6805 4942/6804 6551/6806 4955/6807
f 4942/6804 1433/6398 4652/6550 6551/6806
f 6551/6806 4652/6550 1458/6545 4934/6808
f 4955/6807 6551/6806 4934/6808 1677/6809
f 1677/6809 4934/6808 6552/6810 4953/6811
f 4934/6808 1458/6545 4651/6542 6552/6810
f 6552/6810 4651/6542 1457/6541 4935/6812
f 4953/6811 6552/6810 4935/6812 1679/6813
f 1679/6813 4935/6812 6553/6814 4951/6815
f 4935/6812 1457/6541 4654/6562 6553/6814
f 6553/6814 4654/6562 1460/6557 4948/6816
f 4951/6815 6553/6814 4948/6816 1680/6817
f 1669/6531 4936/6774 6554/6818 4649/6532
f 1681/6773 4964/6819 6554/6818 4936/6774
f 1683/6820 4937/6821 6554/6818 4964/6819
f 1428/6370 4663/6599 6554/6818 4937/6821
f 1455/6533 4649/6532 6554/6818 4663/6599
f 1428/6370 4937/6821 6555/6822 4613/6371
f 4937/6821 1683/6820 4966/6823 6555/6822
f 6555/6822 4966/6823 1418/6328 4664/6602
f 4613/6371 6555/6822 4664/6602 1429/6374
f 1678/6771 4947/6824 6556/6825 4950/6772
f 4947/6824 1679/6813 4951/6815 6556/6825
f 6556/6825 4951/6815 1680/6817 4949/6826
f 4950/6772 6556/6825 4949/6826 1681/6773
f 1400/6259 4944/6827 6557/6828 4593/6260
f 4944/6827 1676/6829 4952/6830 6557/6828
f 6557/6828 4952/6830 1678/6771 4946/6769
f 4593/6260 6557/6828 4946/6769 1401/6263
f 1676/6829 4945/6831 6558/6832 4952/6830
f 4945/6831 1677/6809 4953/6811 6558/6832
f 6558/6832 4953/6811 1679/6813 4947/6824
f 4952/6830 6558/6832 4947/6824 1678/6771
f 1432/6391 4933/6833 6559/6834 4617/6395
f 4933/6833 1675/6835 4954/6836 6559/6834
f 6559/6834 4954/6836 1676/6829 4944/6827
f 4617/6395 6559/6834 4944/6827 1400/6259
f 1675/6835 4943/6837 6560/6838 4954/6836
f 4943/6837 1674/6805 4955/6807 6560/6838
f 6560/6838 4955/6807 1677/6809 4945/6831
f 4954/6836 6560/6838 4945/6831 1676/6829
f 1381/6188 4940/6839 6561/6840 4616/6389
f 4940/6839 1672/6841 4956/6842 6561/6840
f 6561/6840 4956/6842 1675/6835 4933/6833
f 4616/6389 6561/6840 4933/6833 1432/6391
f 1672/6841 4941/6843 6562/6844 4956/6842
f 4941/6843 1673/6801 4957/6803 6562/6844
f 6562/6844 4957/6803 1674/6805 4943/6837
f 4956/6842 6562/6844 4943/6837 1675/6835
f 1380/6181 4931/6642 6563/6845 4580/6186
f 4931/6642 1671/6641 4958/6846 6563/6845
f 6563/6845 4958/6846 1672/6841 4940/6839
f 4580/6186 6563/6845 4940/6839 1381/6188
f 1671/6641 4939/6847 6564/6848 4958/6846
f 4939/6847 1670/6796 4959/6799 6564/6848
f 6564/6848 4959/6799 1673/6801 4941/6843
f 4958/6846 6564/6848 4941/6843 1672/6841
f 1671/6641 4963/6640 6565/6849 4939/6847
f 4963/6640 1668/6639 4922/6786 6565/6849
f 6565/6849 4922/6786 1667/6788 4962/6850
f 4939/6847 6565/6849 4962/6850 1670/6796
f 1670/6796 4962/6850 6566/6851 4938/6797
f 4962/6850 1667/6788 4921/6790 6566/6851
f 6566/6851 4921/6790 1386/6204 4615/6384
f 4938/6797 6566/6851 4615/6384 1431/6383
f 1683/6820 4964/6819 6567/6852 4961/6853
f 4964/6819 1681/6773 4949/6826 6567/6852
f 6567/6852 4949/6826 1680/6817 4965/6854
f 4961/6853 6567/6852 4965/6854 1682/6855
f 1682/6855 4965/6854 6568/6856 4960/6857
f 4965/6854 1680/6817 4948/6816 6568/6856
f 6568/6856 4948/6816 1460/6557 4653/6554
f 4960/6857 6568/6856 4653/6554 1459/6553
f 1418/6328 4966/6823 6569/6858 4606/6329
f 4966/6823 1683/6820 4961/6853 6569/6858
f 6569/6858 4961/6853 1682/6855 4967/6859
f 4606/6329 6569/6858 4967/6859 1419/6332
f 1419/6332 4967/6859 6570/6860 4665/6605
f 1682/6855 4960/6857 6570/6860 4967/6859
f 1459/6553 4665/6605 6570/6860 4960/6857
f 6571/6861 6572/6862 1239/4878 3861/4877
f 6572/6862 6573/6863 3862/4883 1239/4878
f 6573/6863 6574/6864 1240/4884 3862/4883
f 6574/6864 6575/6865 3920/5234 1240/4884
f 6575/6865 6576/6866 1308/5235 3920/5234
f 6576/6866 6577/6867 3921/5238 1308/5235
f 6577/6867 6578/6868 1266/5008 3921/5238
f 6578/6868 6579/6869 3880/5009 1266/5008
f 6579/6869 6580/6870 1267/5010 3880/5009
f 6580/6870 6581/6871 3881/5015 1267/5010
f 6581/6871 6582/6872 1268/5016 3881/5015
f 6582/6872 6583/6873 3882/5021 1268/5016
f 6583/6873 6584/6874 1269/5022 3882/5021
f 6584/6874 6585/6875 3883/5027 1269/5022
f 6585/6875 6586/6876 1270/5028 3883/5027
f 6586/6876 6587/6877 3922/5241 1270/5028
f 6587/6877 6588/6878 1251/4932 3922/5241
f 6588/6878 6589/6879 3868/4933 1251/4932
f 6589/6879 6590/6880 1252/4934 3868/4933
f 6590/6880 6591/6881 3869/4939 1252/4934
f 6591/6881 6592/6882 1253/4940 3869/4939
f 6592/6882 6593/6883 3870/4943 1253/4940
f 6593/6883 6594/6884 1241/4858 3870/4943
f 6594/6884 6595/6885 3911/4859 1241/4858
f 6595/6885 6596/6886 1302/4860 3911/4859
f 6596/6886 6597/6887 3912/5197 1302/4860
f 6597/6887 6598/6888 1303/5198 3912/5197
f 6598/6888 6599/6889 3928/5267 1303/5198
f 6599/6889 6600/6890 1312/5268 3928/5267
f 6600/6890 6601/6891 3929/5273 1312/5268
f 6601/6891 6602/6892 1313/5274 3929/5273
f 6602/6892 6603/6893 3930/5277 1313/5274
f 6603/6893 6604/6894 1273/5046 3930/5277
f 6604/6894 6605/6895 3886/5047 1273/5046
f 6605/6895 6606/6896 1274/5048 3886/5047
f 6606/6896 6607/6897 3887/5053 1274/5048
f 6607/6897 6608/6898 1275/5054 3887/5053
f 6608/6898 6609/6899 3935/5297 1275/5054
f 6609/6899 6610/6900 1315/5298 3935/5297
f 6610/6900 6611/6901 3942/5340 1315/5298
f 6611/6901 6612/6902 1304/5205 3942/5340
f 6612/6902 6613/6903 3913/5206 1304/5205
f 6613/6903 6614/6904 1305/5207 3913/5206
f 6614/6904 6615/6905 3914/5210 1305/5207
f 6615/6905 6616/6906 1120/5035 3914/5210
f 6616/6906 6617/6907 3884/5036 1120/5035
f 6617/6907 6618/6908 1148/5037 3884/5036
f 6618/6908 6619/6909 3940/5330 1148/5037
f 6619/6909 6620/6910 1320/5331 3940/5330
f 6620/6910 6621/6911 3941/5336 1320/5331
f 6621/6911 6622/6912 1321/5337 3941/5336
f 6622/6912 6623/6913 3943/5345 1321/5337
f 6623/6913 6624/6914 1322/5346 3943/5345
f 6624/6914 6625/6915 3944/5349 1322/5346
f 6625/6915 6626/6916 1281/5077 3944/5349
f 6626/6916 6627/6917 3892/5078 1281/5077
f 6627/6917 6628/6918 1258/4970 3892/5078
f 6628/6918 6629/6919 3874/4971 1258/4970
f 6629/6919 6630/6920 1259/4972 3874/4971
f 6630/6920 6631/6921 3916/5217 1259/4972
f 6631/6921 6632/6922 1306/5218 3916/5217
f 6632/6922 6633/6923 3926/5259 1306/5218
f 6633/6923 6634/6924 1311/5260 3926/5259
f 6634/6924 6635/6925 3927/5262 1311/5260
f 6635/6925 6636/6926 1297/5174 3927/5262
f 6636/6926 6637/6927 3907/5175 1297/5174
f 6637/6927 6638/6928 1298/5176 3907/5175
f 6638/6928 6639/6929 3919/5228 1298/5176
f 6639/6929 6640/6930 1307/5229 3919/5228
f 6640/6930 6641/6931 3923/5246 1307/5229
f 6641/6931 6642/6932 1309/5247 3923/5246
f 6642/6932 6643/6933 3924/5252 1309/5247
f 6643/6933 6644/6934 1310/5253 3924/5252
f 6644/6934 6645/6935 3925/5256 1310/5253
f 6645/6935 6646/6936 1284/5097 3925/5256
f 6646/6936 6647/6937 3895/5098 1284/5097
f 6647/6937 6648/6938 1285/5099 3895/5098
f 6648/6938 6649/6939 3931/5282 1285/5099
f 6649/6939 6650/6940 1314/5283 3931/5282
f 6650/6940 6651/6941 3932/5286 1314/5283
f 6651/6941 6652/6942 1300/5192 3932/5286
f 6652/6942 6653/6943 3910/5193 1300/5192
f 6653/6943 6654/6944 1301/5194 3910/5193
f 6654/6944 6655/6945 3945/5352 1301/5194
f 6655/6945 6656/6946 1278/5070 3945/5352
f 6656/6946 6657/6947 3890/5071 1278/5070
f 6657/6947 6658/6948 1279/5072 3890/5071
f 6658/6948 6659/6949 3933/5289 1279/5072
f 6659/6949 6660/6950 1286/5106 3933/5289
f 6660/6950 6661/6951 3896/5107 1286/5106
f 6661/6951 6662/6952 1287/5108 3896/5107
f 6662/6952 6663/6953 3897/5113 1287/5108
f 6663/6953 6664/6954 1288/5114 3897/5113
f 6664/6954 6665/6955 3918/5223 1288/5114
f 6665/6955 6666/6956 1282/5085 3918/5223
f 6666/6956 6667/6957 3893/5086 1282/5085
f 6667/6957 6668/6958 1283/5087 3893/5086
f 6668/6958 6669/6959 3894/5090 1283/5087
f 6669/6959 6670/6960 1260/4979 3894/5090
f 6670/6960 6671/6961 3875/4980 1260/4979
f 6671/6961 6672/6962 1261/4981 3875/4980
f 6672/6962 6673/6963 3876/4984 1261/4981
f 6673/6963 6674/6964 1242/4891 3876/4984
f 6674/6964 6675/6965 3863/4892 1242/4891
f 6675/6965 6676/6966 1243/4893 3863/4892
f 6676/6966 6677/6967 3864/4898 1243/4893
f 6677/6967 6678/6968 1244/4899 3864/4898
f 6678/6968 6679/6969 3901/5140 1244/4899
f 6679/6969 6680/6970 1292/5141 3901/5140
f 6680/6970 6681/6971 3902/5144 1292/5141
f 6681/6971 6682/6972 1262/4991 3902/5144
f 6682/6972 6683/6973 3877/4992 1262/4991
f 6683/6973 6684/6974 1263/4993 3877/4992
f 6684/6974 6685/6975 3934/5292 1263/4993
f 6685/6975 6686/6976 1289/5121 3934/5292
f 6686/6976 6687/6977 4235/5122 1289/5121
f 6687/6977 6688/6978 1354/5123 4235/5122
f 6688/6978 6689/6979 3898/5510 1354/5123
f 6689/6979 6690/6980 1280/4867 3898/5510
f 6690/6980 6691/6981 4238/4868 1280/4867
f 6691/6981 6692/6982 1356/4869 4238/4868
f 6692/6982 6693/6983 3891/5596 1356/4869
f 6693/6983 6694/6984 1318/5317 3891/5596
f 6694/6984 6695/6985 4241/5318 1318/5317
f 6695/6985 6696/6986 1358/5319 4241/5318
f 6696/6986 6697/6987 3938/5598 1358/5319
f 6697/6987 6698/6988 1319/5324 3938/5598
f 6698/6988 6699/6989 3939/5325 1319/5324
f 6699/6989 6700/6990 1316/5305 3939/5325
f 6700/6990 6701/6991 3936/5306 1316/5305
f 6701/6991 6702/6992 1317/5307 3936/5306
f 6702/6992 6703/6993 3937/5310 1317/5307
f 6703/6993 6704/6994 1293/5151 3937/5310
f 6704/6994 6705/6995 3903/5152 1293/5151
f 6705/6995 6706/6996 1294/5153 3903/5152
f 6706/6996 6707/6997 3904/5156 1294/5153
f 6707/6997 6708/6998 1291/5134 3904/5156
f 6708/6998 6709/6999 3900/5135 1291/5134
f 6709/6999 6710/7000 1249/4923 3900/5135
f 6710/7000 6711/7001 3867/4924 1249/4923
f 6711/7001 6712/7002 1250/4925 3867/4924
f 6712/7002 6713/7003 3946/5357 1250/4925
f 6713/7003 6714/7004 1323/5358 3946/5357
f 6714/7004 6715/7005 3947/5361 1323/5358
f 6715/7005 6716/7006 1247/4914 3947/5361
f 6716/7006 6717/7007 3866/4915 1247/4914
f 6717/7007 6718/7008 1248/4916 3866/4915
f 6718/7008 6719/7009 3915/5213 1248/4916
f 6719/7009 6720/7010 1290/5128 3915/5213
f 6720/7010 6721/7011 3899/5129 1290/5128
f 6721/7011 6722/7012 1264/4999 3899/5129
f 6722/7012 6723/7013 3879/5000 1264/4999
f 6723/7013 6724/7014 1265/5001 3879/5000
f 6724/7014 6725/7015 3917/5220 1265/5001
f 6725/7015 6726/7016 1276/5058 3917/5220
f 6726/7016 6727/7017 3888/5059 1276/5058
f 6727/7017 6728/7018 1277/5060 3888/5059
f 6728/7018 6729/7019 3889/5063 1277/5060
f 6729/7019 6730/7020 1255/4956 3889/5063
f 6730/7020 6731/7021 3872/4957 1255/4956
f 6731/7021 6732/7022 1256/4958 3872/4957
f 6732/7022 6733/7023 3873/4962 1256/4958
f 6733/7023 6734/7024 1257/4963 3873/4962
f 6734/7024 6735/7025 3885/5039 1257/4963
f 6735/7025 6736/7026 1245/4905 3885/5039
f 6736/7026 6737/7027 3865/4906 1245/4905
f 6737/7027 6738/7028 1246/4907 3865/4906
f 6738/7028 6739/7029 3871/4948 1246/4907
f 6739/7029 6740/7030 1254/4949 3871/4948
f 6740/7030 6741/7031 3908/5181 1254/4949
f 6741/7031 6742/7032 1299/5182 3908/5181
f 6742/7032 6743/7033 3909/5185 1299/5182
f 6743/7033 6744/7034 1295/5163 3909/5185
f 6744/7034 6745/7035 3905/5164 1295/5163
f 6745/7035 6746/7036 1296/5165 3905/5164
f 6746/7036 6747/7037 3906/5168 1296/5165
f 6747/7037 6748/7038 1238/4876 3906/5168
f 6748/7038 6571/6861 3861/4877 1238/4876
f 6926/7039 6749/7040 6571/6861 6748/7038
f 6925/7041 6926/7039 6748/7038 6747/7037
f 6924/7042 6925/7041 6747/7037 6746/7036
f 6923/7043 6924/7042 6746/7036 6745/7035
f 6922/7044 6923/7043 6745/7035 6744/7034
f 6921/7045 6922/7044 6744/7034 6743/7033
f 6920/7046 6921/7045 6743/7033 6742/7032
f 6919/7047 6920/7046 6742/7032 6741/7031
f 6918/7048 6919/7047 6741/7031 6740/7030
f 6917/7049 6918/7048 6740/7030 6739/7029
f 6916/7050 6917/7049 6739/7029 6738/7028
f 6915/7051 6916/7050 6738/7028 6737/7027
f 6914/7052 6915/7051 6737/7027 6736/7026
f 6913/7053 6914/7052 6736/7026 6735/7025
f 6912/7054 6913/7053 6735/7025 6734/7024
f 6911/7055 6912/7054 6734/7024 6733/7023
f 6910/7056 6911/7055 6733/7023 6732/7022
f 6909/7057 6910/7056 6732/7022 6731/7021
f 6908/7058 6909/7057 6731/7021 6730/7020
f 6907/7059 6908/7058 6730/7020 6729/7019
f 6906/7060 6907/7059 6729/7019 6728/7018
f 6905/7061 6906/7060 6728/7018 6727/7017
f 6904/7062 6905/7061 6727/7017 6726/7016
f 6903/7063 6904/7062 6726/7016 6725/7015
f 6902/7064 6903/7063 6725/7015 6724/7014
f 6901/7065 6902/7064 6724/7014 6723/7013
f 6900/7066 6901/7065 6723/7013 6722/7012
f 6899/7067 6900/7066 6722/7012 6721/7011
f 6898/7068 6899/7067 6721/7011 6720/7010
f 6897/7069 6898/7068 6720/7010 6719/7009
f 6896/7070 6897/7069 6719/7009 6718/7008
f 6895/7071 6896/7070 6718/7008 6717/7007
f 6894/7072 6895/7071 6717/7007 6716/7006
f 6893/7073 6894/7072 6716/7006 6715/7005
f 6892/7074 6893/7073 6715/7005 6714/7004
f 6891/7075 6892/7074 6714/7004 6713/7003
f 6890/7076 6891/7075 6713/7003 6712/7002
f 6889/7077 6890/7076 6712/7002 6711/7001
f 6888/7078 6889/7077 6711/7001 6710/7000
f 6887/7079 6888/7078 6710/7000 6709/6999
f 6886/7080 6887/7079 6709/6999 6708/6998
f 6885/7081 6886/7080 6708/6998 6707/6997
f 6884/7082 6885/7081 6707/6997 6706/6996
f 6883/7083 6884/7082 6706/6996 6705/6995
f 6882/7084 6883/7083 6705/6995 6704/6994
f 6881/7085 6882/7084 6704/6994 6703/6993
f 6880/7086 6881/7085 6703/6993 6702/6992
f 6879/7087 6880/7086 6702/6992 6701/6991
f 6878/7088 6879/7087 6701/6991 6700/6990
f 6877/7089 6878/7088 6700/6990 6699/6989
f 6876/7090 6877/7089 6699/6989 6698/6988
f 6875/7091 6876/7090 6698/6988 6697/6987
f 6874/7092 6875/7091 6697/6987 6696/6986
f 6873/7093 6874/7092 6696/6986 6695/6985
f 6872/7094 6873/7093 6695/6985 6694/6984
f 6871/7095 6872/7094 6694/6984 6693/6983
f 6870/7096 6871/7095 6693/6983 6692/6982
f 6869/7097 6870/7096 6692/6982 6691/6981
f 6868/7098 6869/7097 6691/6981 6690/6980
f 6867/7099 6868/7098 6690/6980 6689/6979
f 6866/7100 6867/7099 6689/6979 6688/6978
f 6865/7101 6866/7100 6688/6978 6687/6977
f 6864/7102 6865/7101 6687/6977 6686/6976
f 6863/7103 6864/7102 6686/6976 6685/6975
f 6862/7104 6863/7103 6685/6975 6684/6974
f 6861/7105 6862/7104 6684/6974 6683/6973
f 6860/7106 6861/7105 6683/6973 6682/6972
f 6859/7107 6860/7106 6682/6972 6681/6971
f 6858/7108 6859/7107 6681/6971 6680/6970
f 6857/7109 6858/7108 6680/6970 6679/6969
f 6856/7110 6857/7109 6679/6969 6678/6968
f 6855/7111 6856/7110 6678/6968 6677/6967
f 6854/7112 6855/7111 6677/6967 6676/6966
f 6853/7113 6854/7112 6676/6966 6675/6965
f 6852/7114 6853/7113 6675/6965 6674/6964
f 6851/7115 6852/7114 6674/6964 6673/6963
f 6850/7116 6851/7115 6673/6963 6672/6962
f 6849/7117 6850/7116 6672/6962 6671/6961
f 6848/7118 6849/7117 6671/6961 6670/6960
f 6847/7119 6848/7118 6670/6960 6669/6959
f 6846/7120 6847/7119 6669/6959 6668/6958
f 6845/7121 6846/7120 6668/6958 6667/6957
f 6844/7122 6845/7121 6667/6957 6666/6956
f 6843/7123 6844/7122 6666/6956 6665/6955
f 6842/7124 6843/7123 6665/6955 6664/6954
f 6841/7125 6842/7124 6664/6954 6663/6953
f 6840/7126 6841/7125 6663/6953 6662/6952
f 6839/7127 6840/7126 6662/6952 6661/6951
f 6838/7128 6839/7127 6661/6951 6660/6950
f 6837/7129 6838/7128 6660/6950 6659/6949
f 6836/7130 6837/7129 6659/6949 6658/6948
f 6835/7131 6836/7130 6658/6948 6657/6947
f 6834/7132 6835/7131 6657/6947 6656/6946
f 6833/7133 6834/7132 6656/6946 6655/6945
f 6832/7134 6833/7133 6655/6945 6654/6944
f 6831/7135 6832/7134 6654/6944 6653/6943
f 6830/7136 6831/7135 6653/6943 6652/6942
f 6829/7137 6830/7136 6652/6942 6651/6941
f 6828/7138 6829/7137 6651/6941 6650/6940
f 6827/7139 6828/7138 6650/6940 6649/6939
f 6826/7140 6827/7139 6649/6939 6648/6938
f 6825/7141 6826/7140 6648/6938 6647/6937
f 6824/7142 6825/7141 6647/6937 6646/6936
f 6823/7143 6824/7142 6646/6936 6645/6935
f 6822/7144 6823/7143 6645/6935 6644/6934
f 6821/7145 6822/7144 6644/6934 6643/6933
f 6820/7146 6821/7145 6643/6933 6642/6932
f 6819/7147 6820/7146 6642/6932 6641/6931
f 6818/7148 6819/7147 6641/6931 6640/6930
f 6817/7149 6818/7148 6640/6930 6639/6929
f 6816/7150 6817/7149 6639/6929 6638/6928
f 6815/7151 6816/7150 6638/6928 6637/6927
f 6814/7152 6815/7151 6637/6927 6636/6926
f 6813/7153 6814/7152 6636/6926 6635/6925
f 6812/7154 6813/7153 6635/6925 6634/6924
f 6811/7155 6812/7154 6634/6924 6633/6923
f 6810/7156 6811/7155 6633/6923 6632/6922
f 6809/7157 6810/7156 6632/6922 6631/6921
f 6808/7158 6809/7157 6631/6921 6630/6920
f 6807/7159 6808/7158 6630/6920 6629/6919
f 6806/7160 6807/7159 6629/6919 6628/6918
f 6805/7161 6806/7160 6628/6918 6627/6917
f 6804/7162 6805/7161 6627/6917 6626/6916
f 6803/7163 6804/7162 6626/6916 6625/6915
f 6802/7164 6803/7163 6625/6915 6624/6914
f 6801/7165 6802/7164 6624/6914 6623/6913
f 6800/7166 6801/7165 6623/6913 6622/6912
f 6799/7167 6800/7166 6622/6912 6621/6911
f 6798/7168 6799/7167 6621/6911 6620/6910
f 6797/7169 6798/7168 6620/6910 6619/6909
f 6796/7170 6797/7169 6619/6909 6618/6908
f 6795/7171 6796/7170 6618/6908 6617/6907
f 6794/7172 6795/7171 6617/6907 6616/6906
f 6793/7173 6794/7172 6616/6906 6615/6905
f 6792/7174 6793/7173 6615/6905 6614/6904
f 6791/7175 6792/7174 6614/6904 6613/6903
f 6790/7176 6791/7175 6613/6903 6612/6902
f 6789/7177 6790/7176 6612/6902 6611/6901
f 6788/7178 6789/7177 6611/6901 6610/6900
f 6787/7179 6788/7178 6610/6900 6609/6899
f 6786/7180 6787/7179 6609/6899 6608/6898
f 6785/7181 6786/7180 6608/6898 6607/6897
f 6784/7182 6785/7181 6607/6897 6606/6896
f 6783/7183 6784/7182 6606/6896 6605/6895
f 6782/7184 6783/7183 6605/6895 6604/6894
f 6781/7185 6782/7184 6604/6894 6603/6893
f 6780/7186 6781/7185 6603/6893 6602/6892
f 6779/7187 6780/7186 6602/6892 6601/6891
f 6778/7188 6779/7187 6601/6891 6600/6890
f 6777/7189 6778/7188 6600/6890 6599/6889
f 6776/7190 6777/7189 6599/6889 6598/6888
f 6775/7191 6776/7190 6598/6888 6597/6887
f 6774/7192 6775/7191 6597/6887 6596/6886
f 6773/7193 6774/7192 6596/6886 6595/6885
f 6772/7194 6773/7193 6595/6885 6594/6884
f 6771/7195 6772/7194 6594/6884 6593/6883
f 6770/7196 6771/7195 6593/6883 6592/6882
f 6769/7197 6770/7196 6592/6882 6591/6881
f 6768/7198 6769/7197 6591/6881 6590/6880
f 6767/7199 6768/7198 6590/6880 6589/6879
f 6766/7200 6767/7199 6589/6879 6588/6878
f 6765/7201 6766/7200 6588/6878 6587/6877
f 6764/7202 6765/7201 6587/6877 6586/6876
f 6763/7203 6764/7202 6586/6876 6585/6875
f 6762/7204 6763/7203 6585/6875 6584/6874
f 6761/7205 6762/7204 6584/6874 6583/6873
f 6760/7206 6761/7205 6583/6873 6582/6872
f 6759/7207 6760/7206 6582/6872 6581/6871
f 6758/7208 6759/7207 6581/6871 6580/6870
f 6757/7209 6758/7208 6580/6870 6579/6869
f 6756/7210 6757/7209 6579/6869 6578/6868
f 6755/7211 6756/7210 6578/6868 6577/6867
f 6754/7212 6755/7211 6577/6867 6576/6866
f 6753/7213 6754/7212 6576/6866 6575/6865
f 6752/7214 6753/7213 6575/6865 6574/6864
f 6751/7215 6752/7214 6574/6864 6573/6863
f 6750/7216 6751/7215 6573/6863 6572/6862
f 6749/7040 6750/7216 6572/6862 6571/6861
f 4399/6171 1466/6170 6750/7216 6749/7040
f 1466/6170 4400/6176 6751/7215 6750/7216
f 4400/6176 1467/6175 6752/7214 6751/7215
f 1467/6175 4457/6479 6753/7213 6752/7214
f 4457/6479 1537/6478 6754/7212 6753/7213
f 1537/6478 4458/6481 6755/7211 6754/7212
f 4458/6481 1493/6279 6756/7210 6755/7211
f 1493/6279 4417/6278 6757/7209 6756/7210
f 4417/6278 1494/6277 6758/7208 6757/7209
f 1494/6277 4418/6283 6759/7207 6758/7208
f 4418/6283 1495/6282 6760/7206 6759/7207
f 1495/6282 4419/6288 6761/7205 6760/7206
f 4419/6288 1496/6287 6762/7204 6761/7205
f 1496/6287 4420/6292 6763/7203 6762/7204
f 4420/6292 1497/6291 6764/7202 6763/7203
f 1497/6291 4459/6483 6765/7201 6764/7202
f 4459/6483 1477/6218 6766/7200 6765/7201
f 1477/6218 4406/6217 6767/7199 6766/7200
f 4406/6217 1478/6216 6768/7198 6767/7199
f 1478/6216 4407/6222 6769/7197 6768/7198
f 4407/6222 1479/6221 6770/7196 6769/7197
f 1479/6221 4408/6226 6771/7195 6770/7196
f 4408/6226 1480/6225 6772/7194 6771/7195
f 1480/6225 4448/6442 6773/7193 6772/7194
f 4448/6442 1531/6441 6774/7192 6773/7193
f 1531/6441 4449/6446 6775/7191 6774/7192
f 4449/6446 1532/6445 6776/7190 6775/7191
f 1532/6445 4465/6511 6777/7189 6776/7190
f 4465/6511 1541/6510 6778/7188 6777/7189
f 1541/6510 4466/6515 6779/7187 6778/7188
f 4466/6515 1542/6514 6780/7186 6779/7187
f 1542/6514 4467/6517 6781/7185 6780/7186
f 4467/6517 1500/6309 6782/7184 6781/7185
f 1500/6309 4423/6308 6783/7183 6782/7184
f 4423/6308 1501/6307 6784/7182 6783/7183
f 1501/6307 4424/6313 6785/7181 6784/7182
f 4424/6313 1502/6312 6786/7180 6785/7181
f 1502/6312 4472/6540 6787/7179 6786/7180
f 4472/6540 1545/6539 6788/7178 6787/7179
f 1545/6539 4479/6578 6789/7177 6788/7178
f 4479/6578 1533/6454 6790/7176 6789/7177
f 1533/6454 4450/6453 6791/7175 6790/7176
f 4450/6453 1534/6452 6792/7174 6791/7175
f 1534/6452 4451/6457 6793/7173 6792/7174
f 4451/6457 1498/6301 6794/7172 6793/7173
f 1498/6301 4421/6300 6795/7171 6794/7172
f 4421/6300 1499/6299 6796/7170 6795/7171
f 1499/6299 4477/6570 6797/7169 6796/7170
f 4477/6570 1550/6569 6798/7168 6797/7169
f 1550/6569 4478/6576 6799/7167 6798/7168
f 4478/6576 1551/6575 6800/7166 6799/7167
f 1551/6575 4480/6584 6801/7165 6800/7166
f 4480/6584 1552/6583 6802/7164 6801/7165
f 1552/6583 4481/6587 6803/7163 6802/7164
f 4481/6587 1509/6342 6804/7162 6803/7163
f 1509/6342 4429/6341 6805/7161 6804/7162
f 4429/6341 1485/6249 6806/7160 6805/7161
f 1485/6249 4412/6248 6807/7159 6806/7160
f 4412/6248 1486/6247 6808/7158 6807/7159
f 1486/6247 4453/6465 6809/7157 6808/7158
f 4453/6465 1535/6464 6810/7156 6809/7157
f 1535/6464 4463/6504 6811/7155 6810/7156
f 4463/6504 1540/6503 6812/7154 6811/7155
f 1540/6503 4464/6507 6813/7153 6812/7154
f 4464/6507 1526/6426 6814/7152 6813/7153
f 1526/6426 4444/6425 6815/7151 6814/7152
f 4444/6425 1527/6424 6816/7150 6815/7151
f 1527/6424 4456/6475 6817/7149 6816/7150
f 4456/6475 1536/6474 6818/7148 6817/7149
f 1536/6474 4460/6489 6819/7147 6818/7148
f 4460/6489 1538/6488 6820/7146 6819/7147
f 1538/6488 4461/6495 6821/7145 6820/7146
f 4461/6495 1539/6494 6822/7144 6821/7145
f 1539/6494 4462/6498 6823/7143 6822/7144
f 4462/6498 1512/6359 6824/7142 6823/7143
f 1512/6359 4432/6358 6825/7141 6824/7142
f 4432/6358 1513/6357 6826/7140 6825/7141
f 1513/6357 4468/6523 6827/7139 6826/7140
f 4468/6523 1543/6522 6828/7138 6827/7139
f 1543/6522 4469/6526 6829/7137 6828/7138
f 4469/6526 1529/6438 6830/7136 6829/7137
f 1529/6438 4447/6437 6831/7135 6830/7136
f 4447/6437 1530/6436 6832/7134 6831/7135
f 1530/6436 4482/6589 6833/7133 6832/7134
f 4482/6589 1505/6327 6834/7132 6833/7133
f 1505/6327 4427/6326 6835/7131 6834/7132
f 4427/6326 1506/6325 6836/7130 6835/7131
f 1506/6325 4470/6528 6837/7129 6836/7130
f 4470/6528 1514/6365 6838/7128 6837/7129
f 1514/6365 4433/6364 6839/7127 6838/7128
f 4433/6364 1515/6363 6840/7126 6839/7127
f 1515/6363 4434/6369 6841/7125 6840/7126
f 4434/6369 1516/6368 6842/7124 6841/7125
f 1516/6368 4455/6469 6843/7123 6842/7124
f 4455/6469 1510/6348 6844/7122 6843/7123
f 1510/6348 4430/6347 6845/7121 6844/7122
f 4430/6347 1511/6346 6846/7120 6845/7121
f 1511/6346 4431/6350 6847/7119 6846/7120
f 4431/6350 1487/6255 6848/7118 6847/7119
f 1487/6255 4413/6254 6849/7117 6848/7118
f 4413/6254 1488/6253 6850/7116 6849/7117
f 1488/6253 4414/6258 6851/7115 6850/7116
f 4414/6258 1468/6185 6852/7114 6851/7115
f 1468/6185 4401/6184 6853/7113 6852/7114
f 4401/6184 1469/6183 6854/7112 6853/7113
f 1469/6183 4402/6191 6855/7111 6854/7112
f 4402/6191 1470/6190 6856/7110 6855/7111
f 1470/6190 4438/6394 6857/7109 6856/7110
f 4438/6394 1521/6393 6858/7108 6857/7109
f 1521/6393 4439/6397 6859/7107 6858/7108
f 4439/6397 1489/6267 6860/7106 6859/7107
f 1489/6267 4415/6266 6861/7105 6860/7106
f 4415/6266 1490/6265 6862/7104 6861/7105
f 1490/6265 4471/6536 6863/7103 6862/7104
f 4471/6536 1544/6535 6864/7102 6863/7103
f 1544/6535 4485/6601 6865/7101 6864/7102
f 4485/6601 1517/6378 6866/7100 6865/7101
f 1517/6378 4435/6377 6867/7099 6866/7100
f 4435/6377 1518/6376 6868/7098 6867/7099
f 1518/6376 4486/6604 6869/7097 6868/7098
f 4486/6604 1507/6336 6870/7096 6869/7097
f 1507/6336 4428/6335 6871/7095 6870/7096
f 4428/6335 1508/6334 6872/7094 6871/7095
f 1508/6334 4487/6607 6873/7093 6872/7094
f 4487/6607 1548/6561 6874/7092 6873/7093
f 1548/6561 4475/6560 6875/7091 6874/7092
f 4475/6560 1549/6559 6876/7090 6875/7091
f 1549/6559 4476/6564 6877/7089 6876/7090
f 4476/6564 1546/6549 6878/7088 6877/7089
f 1546/6549 4473/6548 6879/7087 6878/7088
f 4473/6548 1547/6547 6880/7086 6879/7087
f 1547/6547 4474/6552 6881/7085 6880/7086
f 4474/6552 1522/6406 6882/7084 6881/7085
f 1522/6406 4440/6405 6883/7083 6882/7084
f 4440/6405 1523/6404 6884/7082 6883/7083
f 1523/6404 4441/6409 6885/7081 6884/7082
f 4441/6409 1520/6388 6886/7080 6885/7081
f 1520/6388 4437/6387 6887/7079 6886/7080
f 4437/6387 1475/6212 6888/7078 6887/7079
f 1475/6212 4405/6211 6889/7077 6888/7078
f 4405/6211 1476/6210 6890/7076 6889/7077
f 1476/6210 4483/6595 6891/7075 6890/7076
f 4483/6595 1553/6594 6892/7074 6891/7075
f 1553/6594 4484/6598 6893/7073 6892/7074
f 4484/6598 1473/6203 6894/7072 6893/7073
f 1473/6203 4404/6202 6895/7071 6894/7072
f 4404/6202 1474/6201 6896/7070 6895/7071
f 1474/6201 4452/6459 6897/7069 6896/7070
f 4452/6459 1519/6382 6898/7068 6897/7069
f 1519/6382 4436/6381 6899/7067 6898/7068
f 4436/6381 1491/6273 6900/7066 6899/7067
f 1491/6273 4416/6272 6901/7065 6900/7066
f 4416/6272 1492/6271 6902/7064 6901/7065
f 1492/6271 4454/6467 6903/7063 6902/7064
f 4454/6467 1503/6319 6904/7062 6903/7063
f 1503/6319 4425/6318 6905/7061 6904/7062
f 4425/6318 1504/6317 6906/7060 6905/7061
f 1504/6317 4426/6321 6907/7059 6906/7060
f 4426/6321 1482/6236 6908/7058 6907/7059
f 1482/6236 4410/6235 6909/7057 6908/7058
f 4410/6235 1483/6234 6910/7056 6909/7057
f 1483/6234 4411/6240 6911/7055 6910/7056
f 4411/6240 1484/6239 6912/7054 6911/7055
f 1484/6239 4422/6303 6913/7053 6912/7054
f 4422/6303 1471/6197 6914/7052 6913/7053
f 1471/6197 4403/6196 6915/7051 6914/7052
f 4403/6196 1472/6195 6916/7050 6915/7051
f 1472/6195 4409/6230 6917/7049 6916/7050
f 4409/6230 1481/6229 6918/7048 6917/7049
f 1481/6229 4445/6430 6919/7047 6918/7048
f 4445/6430 1528/6429 6920/7046 6919/7047
f 1528/6429 4446/6432 6921/7045 6920/7046
f 4446/6432 1524/6415 6922/7044 6921/7045
f 1524/6415 4442/6414 6923/7043 6922/7044
f 4442/6414 1525/6413 6924/7042 6923/7043
f 1525/6413 4443/6417 6925/7041 6924/7042
f 4443/6417 1465/6172 6926/7039 6925/7041
f 1465/6172 4399/6171 6749/7040 6926/7039
f 7163/7217 7694/7218 7804/7219 7324/7220
f 7694/7218 7178/7221 7640/7222 7804/7219
f 7804/7219 7640/7222 7177/7223 7693/7224
f 7324/7220 7804/7219 7693/7224 7164/7225
f 6927/7226 7457/7227 7805/7228 7347/7229
f 7457/7227 6987/7230 7346/7231 7805/7228
f 7805/7228 7346/7231 7133/7232 7373/7233
f 7347/7229 7805/7228 7373/7233 7132/7234
f 7162/7235 7695/7236 7806/7237 7325/7238
f 7695/7236 7179/7239 7641/7240 7806/7237
f 7806/7237 7641/7240 7178/7221 7694/7218
f 7325/7238 7806/7237 7694/7218 7163/7217
f 7161/7241 7696/7242 7807/7243 7326/7244
f 7696/7242 7180/7245 7642/7246 7807/7243
f 7807/7243 7642/7246 7179/7239 7695/7236
f 7326/7244 7807/7243 7695/7236 7162/7235
f 7160/7247 7697/7248 7808/7249 7327/7250
f 7697/7248 7181/7251 7643/7252 7808/7249
f 7808/7249 7643/7252 7180/7245 7696/7242
f 7327/7250 7808/7249 7696/7242 7161/7241
f 7159/7253 7698/7254 7809/7255 7328/7256
f 7698/7254 7182/7257 7644/7258 7809/7255
f 7809/7255 7644/7258 7181/7251 7697/7248
f 7328/7256 7809/7255 7697/7248 7160/7247
f 7183/7259 7687/7260 7810/7261 7645/7262
f 7687/7260 7158/7263 7624/7264 7810/7261
f 7810/7261 7624/7264 6949/7265 7445/7266
f 7645/7262 7810/7261 7445/7266 6973/7267
f 7184/7268 7688/7269 7811/7270 7646/7271
f 7688/7269 7157/7272 7330/7273 7811/7270
f 7811/7270 7330/7273 7158/7263 7687/7260
f 7646/7271 7811/7270 7687/7260 7183/7259
f 7185/7274 7689/7275 7812/7276 7647/7277
f 7689/7275 7156/7278 7331/7279 7812/7276
f 7812/7276 7331/7279 7157/7272 7688/7269
f 7647/7277 7812/7276 7688/7269 7184/7268
f 7186/7280 7690/7281 7813/7282 7648/7283
f 7690/7281 7155/7284 7332/7285 7813/7282
f 7813/7282 7332/7285 7156/7278 7689/7275
f 7648/7283 7813/7282 7689/7275 7185/7274
f 7187/7286 7691/7287 7814/7288 7649/7289
f 7691/7287 7154/7290 7333/7291 7814/7288
f 7814/7288 7333/7291 7155/7284 7690/7281
f 7649/7289 7814/7288 7690/7281 7186/7280
f 7188/7292 7692/7293 7815/7294 7650/7295
f 7692/7293 7153/7296 7334/7297 7815/7294
f 7815/7294 7334/7297 7154/7290 7691/7287
f 7650/7295 7815/7294 7691/7287 7187/7286
f 7171/7298 7681/7299 7816/7300 7633/7301
f 7681/7299 7200/7302 7760/7303 7816/7300
f 7816/7300 7760/7303 7217/7304 7753/7305
f 7633/7301 7816/7300 7753/7305 6950/7306
f 7201/7307 7723/7308 7817/7309 7752/7310
f 7723/7308 7163/7217 7324/7220 7817/7309
f 7817/7309 7324/7220 7164/7225 7720/7311
f 7752/7310 7817/7309 7720/7311 7198/7312
f 7204/7313 7726/7314 7818/7315 7749/7316
f 7726/7314 7162/7235 7325/7238 7818/7315
f 7818/7315 7325/7238 7163/7217 7723/7308
f 7749/7316 7818/7315 7723/7308 7201/7307
f 7207/7317 7729/7318 7819/7319 7746/7320
f 7729/7318 7161/7241 7326/7244 7819/7319
f 7819/7319 7326/7244 7162/7235 7726/7314
f 7746/7320 7819/7319 7726/7314 7204/7313
f 7210/7321 7732/7322 7820/7323 7743/7324
f 7732/7322 7160/7247 7327/7250 7820/7323
f 7820/7323 7327/7250 7161/7241 7729/7318
f 7743/7324 7820/7323 7729/7318 7207/7317
f 7213/7325 7735/7326 7821/7327 7740/7328
f 7735/7326 7159/7253 7328/7256 7821/7327
f 7821/7327 7328/7256 7160/7247 7732/7322
f 7740/7328 7821/7327 7732/7322 7210/7321
f 7152/7329 7675/7330 7822/7331 7342/7332
f 7675/7330 6953/7333 7450/7334 7822/7331
f 7822/7331 7450/7334 6981/7335 7466/7336
f 7342/7332 7822/7331 7466/7336 6936/7337
f 7151/7338 7676/7339 7823/7340 7336/7341
f 7676/7339 6954/7342 7430/7343 7823/7340
f 7823/7340 7430/7343 6953/7333 7675/7330
f 7336/7341 7823/7340 7675/7330 7152/7329
f 7150/7344 7677/7345 7824/7346 7337/7347
f 7677/7345 6965/7348 7468/7349 7824/7346
f 7824/7346 7468/7349 6954/7342 7676/7339
f 7337/7347 7824/7346 7676/7339 7151/7338
f 7149/7350 7678/7351 7825/7352 7338/7353
f 7678/7351 6966/7354 7439/7355 7825/7352
f 7825/7352 7439/7355 6965/7348 7677/7345
f 7338/7353 7825/7352 7677/7345 7150/7344
f 7148/7356 7679/7357 7826/7358 7339/7359
f 7679/7357 6944/7360 7440/7361 7826/7358
f 7826/7358 7440/7361 6966/7354 7678/7351
f 7339/7359 7826/7358 7678/7351 7149/7350
f 7147/7362 7680/7363 7827/7364 7340/7365
f 7680/7363 6945/7366 7424/7367 7827/7364
f 7827/7364 7424/7367 6944/7360 7679/7357
f 7340/7365 7827/7364 7679/7357 7148/7356
f 6977/7368 7669/7369 7828/7370 7448/7371
f 7669/7369 7170/7372 7626/7373 7828/7370
f 7828/7370 7626/7373 6972/7374 7469/7375
f 7448/7371 7828/7370 7469/7375 6978/7376
f 6976/7377 7670/7378 7829/7379 7447/7380
f 7670/7378 7169/7381 7632/7382 7829/7379
f 7829/7379 7632/7382 7170/7372 7669/7369
f 7447/7380 7829/7379 7669/7369 6977/7368
f 6968/7383 7671/7384 7830/7385 7484/7386
f 7671/7384 7168/7387 7631/7388 7830/7385
f 7830/7385 7631/7388 7169/7381 7670/7378
f 7484/7386 7830/7385 7670/7378 6976/7377
f 6967/7389 7672/7390 7831/7391 7441/7392
f 7672/7390 7167/7393 7630/7394 7831/7391
f 7831/7391 7630/7394 7168/7387 7671/7384
f 7441/7392 7831/7391 7671/7384 6968/7383
f 6992/7395 7673/7396 7832/7397 7496/7398
f 7673/7396 7166/7399 7629/7400 7832/7397
f 7832/7397 7629/7400 7167/7393 7672/7390
f 7496/7398 7832/7397 7672/7390 6967/7389
f 6991/7401 7674/7402 7833/7403 7461/7404
f 7674/7402 7165/7405 7628/7406 7833/7403
f 7833/7403 7628/7406 7166/7399 7673/7396
f 7461/7404 7833/7403 7673/7396 6992/7395
f 7177/7223 7663/7407 7834/7408 7639/7409
f 7663/7407 7152/7329 7342/7332 7834/7408
f 7834/7408 7342/7332 6936/7337 7418/7410
f 7639/7409 7834/7408 7418/7410 6935/7411
f 7178/7221 7664/7412 7835/7413 7640/7222
f 7664/7412 7151/7338 7336/7341 7835/7413
f 7835/7413 7336/7341 7152/7329 7663/7407
f 7640/7222 7835/7413 7663/7407 7177/7223
f 7179/7239 7665/7414 7836/7415 7641/7240
f 7665/7414 7150/7344 7337/7347 7836/7415
f 7836/7415 7337/7347 7151/7338 7664/7412
f 7641/7240 7836/7415 7664/7412 7178/7221
f 7180/7245 7666/7416 7837/7417 7642/7246
f 7666/7416 7149/7350 7338/7353 7837/7417
f 7837/7417 7338/7353 7150/7344 7665/7414
f 7642/7246 7837/7417 7665/7414 7179/7239
f 7181/7251 7667/7418 7838/7419 7643/7252
f 7667/7418 7148/7356 7339/7359 7838/7419
f 7838/7419 7339/7359 7149/7350 7666/7416
f 7643/7252 7838/7419 7666/7416 7180/7245
f 7182/7257 7668/7420 7839/7421 7644/7258
f 7668/7420 7147/7362 7340/7365 7839/7421
f 7839/7421 7340/7365 7148/7356 7667/7418
f 7644/7258 7839/7421 7667/7418 7181/7251
f 7170/7372 7657/7422 7840/7423 7626/7373
f 7657/7422 7183/7259 7645/7262 7840/7423
f 7840/7423 7645/7262 6973/7267 7444/7424
f 7626/7373 7840/7423 7444/7424 6972/7374
f 7169/7381 7658/7425 7841/7426 7632/7382
f 7658/7425 7184/7268 7646/7271 7841/7426
f 7841/7426 7646/7271 7183/7259 7657/7422
f 7632/7382 7841/7426 7657/7422 7170/7372
f 7168/7387 7659/7427 7842/7428 7631/7388
f 7659/7427 7185/7274 7647/7277 7842/7428
f 7842/7428 7647/7277 7184/7268 7658/7425
f 7631/7388 7842/7428 7658/7425 7169/7381
f 7167/7393 7660/7429 7843/7430 7630/7394
f 7660/7429 7186/7280 7648/7283 7843/7430
f 7843/7430 7648/7283 7185/7274 7659/7427
f 7630/7394 7843/7430 7659/7427 7168/7387
f 7166/7399 7661/7431 7844/7432 7629/7400
f 7661/7431 7187/7286 7649/7289 7844/7432
f 7844/7432 7649/7289 7186/7280 7660/7429
f 7629/7400 7844/7432 7660/7429 7167/7393
f 7165/7405 7662/7433 7845/7434 7628/7406
f 7662/7433 7188/7292 7650/7295 7845/7434
f 7845/7434 7650/7295 7187/7286 7661/7431
f 7628/7406 7845/7434 7661/7431 7166/7399
f 7158/7263 7651/7435 7846/7436 7624/7264
f 7651/7435 7171/7298 7633/7301 7846/7436
f 7846/7436 7633/7301 6950/7306 7427/7437
f 7624/7264 7846/7436 7427/7437 6949/7265
f 7157/7272 7652/7438 7847/7439 7330/7273
f 7652/7438 7172/7440 7634/7441 7847/7439
f 7847/7439 7634/7441 7171/7298 7651/7435
f 7330/7273 7847/7439 7651/7435 7158/7263
f 7156/7278 7653/7442 7848/7443 7331/7279
f 7653/7442 7173/7444 7635/7445 7848/7443
f 7848/7443 7635/7445 7172/7440 7652/7438
f 7331/7279 7848/7443 7652/7438 7157/7272
f 7155/7284 7654/7446 7849/7447 7332/7285
f 7654/7446 7174/7448 7636/7449 7849/7447
f 7849/7447 7636/7449 7173/7444 7653/7442
f 7332/7285 7849/7447 7653/7442 7156/7278
f 7154/7290 7655/7450 7850/7451 7333/7291
f 7655/7450 7175/7452 7637/7453 7850/7451
f 7850/7451 7637/7453 7174/7448 7654/7446
f 7333/7291 7850/7451 7654/7446 7155/7284
f 7153/7296 7656/7454 7851/7455 7334/7297
f 7656/7454 7176/7456 7638/7457 7851/7455
f 7851/7455 7638/7457 7175/7452 7655/7450
f 7334/7297 7851/7455 7655/7450 7154/7290
f 7129/7458 7705/7459 7852/7460 7396/7461
f 7705/7459 7195/7462 7714/7463 7852/7460
f 7852/7460 7714/7463 6995/7464 7493/7465
f 7396/7461 7852/7460 7493/7465 7007/7466
f 7130/7467 7343/7468 7853/7469 7395/7470
f 7343/7468 7194/7471 7717/7472 7853/7469
f 7853/7469 7717/7472 7195/7462 7705/7459
f 7395/7470 7853/7469 7705/7459 7129/7458
f 7131/7473 7699/7474 7854/7475 7394/7476
f 7699/7474 7189/7477 7708/7478 7854/7475
f 7854/7475 7708/7478 7194/7471 7343/7468
f 7394/7476 7854/7475 7343/7468 7130/7467
f 7134/7479 7345/7480 7855/7481 7375/7482
f 7345/7480 6986/7483 7460/7484 7855/7481
f 7855/7481 7460/7484 6990/7485 7459/7486
f 7375/7482 7855/7481 7459/7486 6943/7487
f 7133/7232 7346/7231 7856/7488 7372/7489
f 7346/7231 6987/7230 7456/7490 7856/7488
f 7856/7488 7456/7490 6986/7483 7345/7480
f 7372/7489 7856/7488 7345/7480 7134/7479
f 7132/7234 7374/7491 7857/7492 7347/7229
f 7374/7491 6929/7493 7414/7494 7857/7492
f 7857/7492 7414/7494 6928/7495 7413/7496
f 7347/7229 7857/7492 7413/7496 6927/7226
f 7176/7456 7686/7497 7858/7498 7638/7457
f 7686/7497 7215/7499 7738/7500 7858/7498
f 7858/7498 7738/7500 7212/7501 7685/7502
f 7638/7457 7858/7498 7685/7502 7175/7452
f 7142/7503 7364/7504 7859/7505 7349/7506
f 7364/7504 7141/7507 7348/7508 7859/7505
f 7859/7505 7348/7508 7146/7509 7360/7510
f 7349/7506 7859/7505 7360/7510 7145/7511
f 7143/7512 7363/7513 7860/7514 7350/7515
f 7363/7513 7142/7503 7349/7506 7860/7514
f 7860/7514 7349/7506 7145/7511 7361/7516
f 7350/7515 7860/7514 7361/7516 7144/7517
f 6956/7518 7378/7519 7861/7520 7432/7521
f 7378/7519 7143/7512 7350/7515 7861/7520
f 7861/7520 7350/7515 7144/7517 7362/7522
f 7432/7521 7861/7520 7362/7522 6957/7523
f 7139/7524 7366/7525 7862/7526 7352/7527
f 7366/7525 7140/7528 7351/7529 7862/7526
f 7862/7526 7351/7529 7141/7507 7364/7504
f 7352/7527 7862/7526 7364/7504 7142/7503
f 7138/7530 7367/7531 7863/7532 7353/7533
f 7367/7531 7139/7524 7352/7527 7863/7532
f 7863/7532 7352/7527 7142/7503 7363/7513
f 7353/7533 7863/7532 7363/7513 7143/7512
f 6955/7534 7368/7535 7864/7536 7431/7537
f 7368/7535 7138/7530 7353/7533 7864/7536
f 7864/7536 7353/7533 7143/7512 7378/7519
f 7431/7537 7864/7536 7378/7519 6956/7518
f 7136/7538 7370/7539 7865/7540 7355/7541
f 7370/7539 7135/7542 7354/7543 7865/7540
f 7865/7540 7354/7543 7140/7528 7366/7525
f 7355/7541 7865/7540 7366/7525 7139/7524
f 7137/7544 7369/7545 7866/7546 7356/7547
f 7369/7545 7136/7538 7355/7541 7866/7546
f 7866/7546 7355/7541 7139/7524 7367/7531
f 7356/7547 7866/7546 7367/7531 7138/7530
f 6999/7548 7376/7549 7867/7550 7472/7551
f 7376/7549 7137/7544 7356/7547 7867/7550
f 7867/7550 7356/7547 7138/7530 7368/7535
f 7472/7551 7867/7550 7368/7535 6955/7534
f 7133/7232 7372/7489 7868/7552 7358/7553
f 7372/7489 7134/7479 7357/7554 7868/7552
f 7868/7552 7357/7554 7135/7542 7370/7539
f 7358/7553 7868/7552 7370/7539 7136/7538
f 7132/7234 7373/7233 7869/7555 7359/7556
f 7373/7233 7133/7232 7358/7553 7869/7555
f 7869/7555 7358/7553 7136/7538 7369/7545
f 7359/7556 7869/7555 7369/7545 7137/7544
f 7141/7507 7365/7557 7870/7558 7348/7508
f 7365/7557 6946/7559 7425/7560 7870/7558
f 7870/7558 7425/7560 6945/7366 7592/7561
f 7348/7508 7870/7558 7592/7561 7146/7509
f 7140/7528 7377/7562 7871/7563 7351/7529
f 7377/7562 6933/7564 7436/7565 7871/7563
f 7871/7563 7436/7565 6946/7559 7365/7557
f 7351/7529 7871/7563 7365/7557 7141/7507
f 7135/7542 7371/7566 7872/7567 7354/7543
f 7371/7566 6934/7568 7417/7569 7872/7567
f 7872/7567 7417/7569 6933/7564 7377/7562
f 7354/7543 7872/7567 7377/7562 7140/7528
f 7134/7479 7375/7482 7873/7570 7357/7554
f 7375/7482 6943/7487 7423/7571 7873/7570
f 7873/7570 7423/7571 6934/7568 7371/7566
f 7357/7554 7873/7570 7371/7566 7135/7542
f 6994/7572 7379/7573 7874/7574 7479/7575
f 7379/7573 7119/7576 7409/7577 7874/7574
f 7874/7574 7409/7577 7004/7578 7480/7579
f 7479/7575 7874/7574 7480/7579 7003/7580
f 6993/7581 7380/7582 7875/7583 7463/7584
f 7380/7582 7118/7585 7406/7586 7875/7583
f 7875/7583 7406/7586 7119/7576 7379/7573
f 7463/7584 7875/7583 7379/7573 6994/7572
f 6942/7587 7381/7588 7876/7589 7462/7590
f 7381/7588 7117/7591 7407/7592 7876/7589
f 7876/7589 7407/7592 7118/7585 7380/7582
f 7462/7590 7876/7589 7380/7582 6993/7581
f 6929/7493 7374/7491 7877/7593 7471/7594
f 7374/7491 7132/7234 7359/7556 7877/7593
f 7877/7593 7359/7556 7137/7544 7376/7549
f 7471/7594 7877/7593 7376/7549 6999/7548
f 7121/7595 7403/7596 7878/7597 7383/7598
f 7403/7596 7122/7599 7382/7600 7878/7597
f 7878/7597 7382/7600 7119/7576 7406/7586
f 7383/7598 7878/7597 7406/7586 7118/7585
f 7120/7601 7404/7602 7879/7603 7384/7604
f 7404/7602 7121/7595 7383/7598 7879/7603
f 7879/7603 7383/7598 7118/7585 7407/7592
f 7384/7604 7879/7603 7407/7592 7117/7591
f 6939/7605 7405/7606 7880/7607 7420/7608
f 7405/7606 7120/7601 7384/7604 7880/7607
f 7880/7607 7384/7604 7117/7591 7408/7609
f 7420/7608 7880/7607 7408/7609 6940/7610
f 7124/7611 7400/7612 7881/7613 7386/7614
f 7400/7612 7125/7615 7385/7616 7881/7613
f 7881/7613 7385/7616 7122/7599 7403/7596
f 7386/7614 7881/7613 7403/7596 7121/7595
f 7123/7617 7401/7618 7882/7619 7387/7620
f 7401/7618 7124/7611 7386/7614 7882/7619
f 7882/7619 7386/7614 7121/7595 7404/7602
f 7387/7620 7882/7619 7404/7602 7120/7601
f 6959/7621 7402/7622 7883/7623 7473/7624
f 7402/7622 7123/7617 7387/7620 7883/7623
f 7883/7623 7387/7620 7120/7601 7405/7606
f 7473/7624 7883/7623 7405/7606 6939/7605
f 7127/7625 7398/7626 7884/7627 7389/7628
f 7398/7626 7126/7629 7388/7630 7884/7627
f 7884/7627 7388/7630 7125/7615 7400/7612
f 7389/7628 7884/7627 7400/7612 7124/7611
f 7128/7631 7397/7632 7885/7633 7390/7634
f 7397/7632 7127/7625 7389/7628 7885/7633
f 7885/7633 7389/7628 7124/7611 7401/7618
f 7390/7634 7885/7633 7401/7618 7123/7617
f 6958/7635 7412/7636 7886/7637 7434/7638
f 7412/7636 7128/7631 7390/7634 7886/7637
f 7886/7637 7390/7634 7123/7617 7402/7622
f 7434/7638 7886/7637 7402/7622 6959/7621
f 7130/7467 7392/7639 7887/7640 7394/7476
f 7392/7639 7127/7625 7397/7632 7887/7640
f 7887/7640 7397/7632 7128/7631 7391/7641
f 7394/7476 7887/7640 7391/7641 7131/7473
f 7129/7458 7393/7642 7888/7643 7395/7470
f 7393/7642 7126/7629 7398/7626 7888/7643
f 7888/7643 7398/7626 7127/7625 7392/7639
f 7395/7470 7888/7643 7392/7639 7130/7467
f 6940/7610 7408/7609 7889/7644 7421/7645
f 7408/7609 7117/7591 7381/7588 7889/7644
f 7889/7644 7381/7588 6942/7587 7422/7646
f 7421/7645 7889/7644 7422/7646 6941/7647
f 7122/7599 7410/7648 7890/7649 7382/7600
f 7410/7648 6962/7650 7481/7651 7890/7649
f 7890/7649 7481/7651 7004/7578 7409/7577
f 7382/7600 7890/7649 7409/7577 7119/7576
f 7125/7615 7411/7652 7891/7653 7385/7616
f 7411/7652 6963/7654 7437/7655 7891/7653
f 7891/7653 7437/7655 6962/7650 7410/7648
f 7385/7616 7891/7653 7410/7648 7122/7599
f 7126/7629 7399/7656 7892/7657 7388/7630
f 7399/7656 6964/7658 7438/7659 7892/7657
f 7892/7657 7438/7659 6963/7654 7411/7652
f 7388/7630 7892/7657 7411/7652 7125/7615
f 7007/7466 7486/7660 7893/7661 7396/7461
f 7486/7660 6964/7658 7399/7656 7893/7661
f 7893/7661 7399/7656 7126/7629 7393/7642
f 7396/7461 7893/7661 7393/7642 7129/7458
f 6927/7226 7413/7496 7894/7662 7502/7663
f 7413/7496 6928/7495 7503/7664 7894/7662
f 7894/7662 7503/7664 7017/7665 7235/7666
f 7502/7663 7894/7662 7235/7666 7016/7667
f 6928/7495 7414/7494 7895/7668 7503/7664
f 7414/7494 6929/7493 7504/7669 7895/7668
f 7895/7668 7504/7669 7018/7670 7236/7671
f 7503/7664 7895/7668 7236/7671 7017/7665
f 6930/7672 7415/7673 7896/7674 7505/7675
f 7415/7673 6931/7676 7506/7677 7896/7674
f 7896/7674 7506/7677 7020/7678 7237/7679
f 7505/7675 7896/7674 7237/7679 7019/7680
f 6931/7676 7416/7681 7897/7682 7506/7677
f 7416/7681 6932/7683 7507/7684 7897/7682
f 7897/7682 7507/7684 7021/7685 7238/7686
f 7506/7677 7897/7682 7238/7686 7020/7678
f 6933/7564 7417/7569 7898/7687 7508/7688
f 7417/7569 6934/7568 7509/7689 7898/7687
f 7898/7687 7509/7689 7023/7690 7239/7691
f 7508/7688 7898/7687 7239/7691 7022/7692
f 6935/7411 7418/7410 7899/7693 7510/7694
f 7418/7410 6936/7337 7511/7695 7899/7693
f 7899/7693 7511/7695 7025/7696 7240/7697
f 7510/7694 7899/7693 7240/7697 7024/7698
f 6937/7699 7419/7700 7900/7701 7512/7702
f 7419/7700 6938/7703 7513/7704 7900/7701
f 7900/7701 7513/7704 7027/7705 7241/7706
f 7512/7702 7900/7701 7241/7706 7026/7707
f 6939/7605 7420/7608 7901/7708 7514/7709
f 7420/7608 6940/7610 7515/7710 7901/7708
f 7901/7708 7515/7710 7029/7711 7242/7712
f 7514/7709 7901/7708 7242/7712 7028/7713
f 6940/7610 7421/7645 7902/7714 7515/7710
f 7421/7645 6941/7647 7516/7715 7902/7714
f 7902/7714 7516/7715 7030/7716 7243/7717
f 7515/7710 7902/7714 7243/7717 7029/7711
f 6941/7647 7422/7646 7903/7718 7516/7715
f 7422/7646 6942/7587 7517/7719 7903/7718
f 7903/7718 7517/7719 7031/7720 7244/7721
f 7516/7715 7903/7718 7244/7721 7030/7716
f 6934/7568 7423/7571 7904/7722 7509/7689
f 7423/7571 6943/7487 7518/7723 7904/7722
f 7904/7722 7518/7723 7032/7724 7245/7725
f 7509/7689 7904/7722 7245/7725 7023/7690
f 6944/7360 7424/7367 7905/7726 7519/7727
f 7424/7367 6945/7366 7520/7728 7905/7726
f 7905/7726 7520/7728 7034/7729 7246/7730
f 7519/7727 7905/7726 7246/7730 7033/7731
f 6945/7366 7425/7560 7906/7732 7520/7728
f 7425/7560 6946/7559 7521/7733 7906/7732
f 7906/7732 7521/7733 7035/7734 7247/7735
f 7520/7728 7906/7732 7247/7735 7034/7729
f 6947/7736 7426/7737 7907/7738 7522/7739
f 7426/7737 6948/7740 7523/7741 7907/7738
f 7907/7738 7523/7741 7037/7742 7248/7743
f 7522/7739 7907/7738 7248/7743 7036/7744
f 6949/7265 7427/7437 7908/7745 7524/7746
f 7427/7437 6950/7306 7525/7747 7908/7745
f 7908/7745 7525/7747 7039/7748 7249/7749
f 7524/7746 7908/7745 7249/7749 7038/7750
f 6950/7306 7428/7751 7909/7752 7525/7747
f 7428/7751 6930/7672 7505/7675 7909/7752
f 7909/7752 7505/7675 7019/7680 7250/7753
f 7525/7747 7909/7752 7250/7753 7039/7748
f 6951/7754 7429/7755 7910/7756 7526/7757
f 7429/7755 6952/7758 7527/7759 7910/7756
f 7910/7756 7527/7759 7041/7760 7251/7761
f 7526/7757 7910/7756 7251/7761 7040/7762
f 6953/7333 7430/7343 7911/7763 7528/7764
f 7430/7343 6954/7342 7529/7765 7911/7763
f 7911/7763 7529/7765 7043/7766 7252/7767
f 7528/7764 7911/7763 7252/7767 7042/7768
f 6955/7534 7431/7537 7912/7769 7530/7770
f 7431/7537 6956/7518 7531/7771 7912/7769
f 7912/7769 7531/7771 7045/7772 7253/7773
f 7530/7770 7912/7769 7253/7773 7044/7774
f 6956/7518 7432/7521 7913/7775 7531/7771
f 7432/7521 6957/7523 7532/7776 7913/7775
f 7913/7775 7532/7776 7046/7777 7254/7778
f 7531/7771 7913/7775 7254/7778 7045/7772
f 6957/7523 7433/7779 7914/7780 7532/7776
f 7433/7779 6958/7635 7533/7781 7914/7780
f 7914/7780 7533/7781 7047/7782 7255/7783
f 7532/7776 7914/7780 7255/7783 7046/7777
f 6958/7635 7434/7638 7915/7784 7533/7781
f 7434/7638 6959/7621 7534/7785 7915/7784
f 7915/7784 7534/7785 7048/7786 7256/7787
f 7533/7781 7915/7784 7256/7787 7047/7782
f 6960/7788 7435/7789 7916/7790 7535/7791
f 7435/7789 6961/7792 7536/7793 7916/7790
f 7916/7790 7536/7793 7050/7794 7257/7795
f 7535/7791 7916/7790 7257/7795 7049/7796
f 6946/7559 7436/7565 7917/7797 7521/7733
f 7436/7565 6933/7564 7508/7688 7917/7797
f 7917/7797 7508/7688 7022/7692 7258/7798
f 7521/7733 7917/7797 7258/7798 7035/7734
f 6962/7650 7437/7655 7918/7799 7537/7800
f 7437/7655 6963/7654 7538/7801 7918/7799
f 7918/7799 7538/7801 7052/7802 7259/7803
f 7537/7800 7918/7799 7259/7803 7051/7804
f 6963/7654 7438/7659 7919/7805 7538/7801
f 7438/7659 6964/7658 7539/7806 7919/7805
f 7919/7805 7539/7806 7053/7807 7260/7808
f 7538/7801 7919/7805 7260/7808 7052/7802
f 6965/7348 7439/7355 7920/7809 7540/7810
f 7439/7355 6966/7354 7541/7811 7920/7809
f 7920/7809 7541/7811 7055/7812 7261/7813
f 7540/7810 7920/7809 7261/7813 7054/7814
f 6966/7354 7440/7361 7921/7815 7541/7811
f 7440/7361 6944/7360 7519/7727 7921/7815
f 7921/7815 7519/7727 7033/7731 7262/7816
f 7541/7811 7921/7815 7262/7816 7055/7812
f 6967/7389 7441/7392 7922/7817 7542/7818
f 7441/7392 6968/7383 7543/7819 7922/7817
f 7922/7817 7543/7819 7057/7820 7263/7821
f 7542/7818 7922/7817 7263/7821 7056/7822
f 6969/7823 7442/7824 7923/7825 7544/7826
f 7442/7824 6970/7827 7545/7828 7923/7825
f 7923/7825 7545/7828 7059/7829 7264/7830
f 7544/7826 7923/7825 7264/7830 7058/7831
f 6971/7832 7443/7833 7924/7834 7546/7835
f 7443/7833 6947/7736 7522/7739 7924/7834
f 7924/7834 7522/7739 7036/7744 7265/7836
f 7546/7835 7924/7834 7265/7836 7060/7837
f 6972/7374 7444/7424 7925/7838 7547/7839
f 7444/7424 6973/7267 7548/7840 7925/7838
f 7925/7838 7548/7840 7062/7841 7266/7842
f 7547/7839 7925/7838 7266/7842 7061/7843
f 6973/7267 7445/7266 7926/7844 7548/7840
f 7445/7266 6949/7265 7524/7746 7926/7844
f 7926/7844 7524/7746 7038/7750 7267/7845
f 7548/7840 7926/7844 7267/7845 7062/7841
f 6974/7846 7446/7847 7927/7848 7549/7849
f 7446/7847 6975/7850 7550/7851 7927/7848
f 7927/7848 7550/7851 7064/7852 7268/7853
f 7549/7849 7927/7848 7268/7853 7063/7854
f 6976/7377 7447/7380 7928/7855 7551/7856
f 7447/7380 6977/7368 7552/7857 7928/7855
f 7928/7855 7552/7857 7066/7858 7269/7859
f 7551/7856 7928/7855 7269/7859 7065/7860
f 6977/7368 7448/7371 7929/7861 7552/7857
f 7448/7371 6978/7376 7553/7862 7929/7861
f 7929/7861 7553/7862 7067/7863 7270/7864
f 7552/7857 7929/7861 7270/7864 7066/7858
f 6979/7865 7449/7866 7930/7867 7554/7868
f 7449/7866 6980/7869 7555/7870 7930/7867
f 7930/7867 7555/7870 7069/7871 7271/7872
f 7554/7868 7930/7867 7271/7872 7068/7873
f 6981/7335 7450/7334 7931/7874 7556/7875
f 7450/7334 6953/7333 7528/7764 7931/7874
f 7931/7874 7528/7764 7042/7768 7272/7876
f 7556/7875 7931/7874 7272/7876 7070/7877
f 6982/7878 7451/7879 7932/7880 7557/7881
f 7451/7879 6937/7699 7512/7702 7932/7880
f 7932/7880 7512/7702 7026/7707 7273/7882
f 7557/7881 7932/7880 7273/7882 7071/7883
f 6932/7683 7452/7884 7933/7885 7507/7684
f 7452/7884 6983/7886 7558/7887 7933/7885
f 7933/7885 7558/7887 7072/7888 7274/7889
f 7507/7684 7933/7885 7274/7889 7021/7685
f 6983/7886 7453/7890 7934/7891 7558/7887
f 7453/7890 6951/7754 7526/7757 7934/7891
f 7934/7891 7526/7757 7040/7762 7275/7892
f 7558/7887 7934/7891 7275/7892 7072/7888
f 6984/7893 7454/7894 7935/7895 7559/7896
f 7454/7894 6985/7897 7560/7898 7935/7895
f 7935/7895 7560/7898 7074/7899 7276/7900
f 7559/7896 7935/7895 7276/7900 7073/7901
f 6985/7897 7455/7902 7936/7903 7560/7898
f 7455/7902 6982/7878 7557/7881 7936/7903
f 7936/7903 7557/7881 7071/7883 7277/7904
f 7560/7898 7936/7903 7277/7904 7074/7899
f 6986/7483 7456/7490 7937/7905 7561/7906
f 7456/7490 6987/7230 7562/7907 7937/7905
f 7937/7905 7562/7907 7076/7908 7278/7909
f 7561/7906 7937/7905 7278/7909 7075/7910
f 6987/7230 7457/7227 7938/7911 7562/7907
f 7457/7227 6927/7226 7502/7663 7938/7911
f 7938/7911 7502/7663 7016/7667 7279/7912
f 7562/7907 7938/7911 7279/7912 7076/7908
f 6988/7913 7458/7914 7939/7915 7563/7916
f 7458/7914 6989/7917 7564/7918 7939/7915
f 7939/7915 7564/7918 7078/7919 7280/7920
f 7563/7916 7939/7915 7280/7920 7077/7921
f 6943/7487 7459/7486 7940/7922 7518/7723
f 7459/7486 6990/7485 7565/7923 7940/7922
f 7940/7922 7565/7923 7079/7924 7281/7925
f 7518/7723 7940/7922 7281/7925 7032/7724
f 6990/7485 7460/7484 7941/7926 7565/7923
f 7460/7484 6986/7483 7561/7906 7941/7926
f 7941/7926 7561/7906 7075/7910 7282/7927
f 7565/7923 7941/7926 7282/7927 7079/7924
f 6991/7401 7461/7404 7942/7928 7566/7929
f 7461/7404 6992/7395 7567/7930 7942/7928
f 7942/7928 7567/7930 7081/7931 7283/7932
f 7566/7929 7942/7928 7283/7932 7080/7933
f 6942/7587 7462/7590 7943/7934 7517/7719
f 7462/7590 6993/7581 7568/7935 7943/7934
f 7943/7934 7568/7935 7082/7936 7284/7937
f 7517/7719 7943/7934 7284/7937 7031/7720
f 6993/7581 7463/7584 7944/7938 7568/7935
f 7463/7584 6994/7572 7569/7939 7944/7938
f 7944/7938 7569/7939 7083/7940 7285/7941
f 7568/7935 7944/7938 7285/7941 7082/7936
f 6995/7464 7464/7942 7945/7943 7570/7944
f 7464/7942 6996/7945 7571/7946 7945/7943
f 7945/7943 7571/7946 7085/7947 7286/7948
f 7570/7944 7945/7943 7286/7948 7084/7949
f 6996/7945 7465/7950 7946/7951 7571/7946
f 7465/7950 6960/7788 7535/7791 7946/7951
f 7946/7951 7535/7791 7049/7796 7287/7952
f 7571/7946 7946/7951 7287/7952 7085/7947
f 6936/7337 7466/7336 7947/7953 7511/7695
f 7466/7336 6981/7335 7556/7875 7947/7953
f 7947/7953 7556/7875 7070/7877 7288/7954
f 7511/7695 7947/7953 7288/7954 7025/7696
f 6948/7740 7467/7955 7948/7956 7523/7741
f 7467/7955 6997/7957 7572/7958 7948/7956
f 7948/7956 7572/7958 7086/7959 7289/7960
f 7523/7741 7948/7956 7289/7960 7037/7742
f 6954/7342 7468/7349 7949/7961 7529/7765
f 7468/7349 6965/7348 7540/7810 7949/7961
f 7949/7961 7540/7810 7054/7814 7290/7962
f 7529/7765 7949/7961 7290/7962 7043/7766
f 6978/7376 7469/7375 7950/7963 7553/7862
f 7469/7375 6972/7374 7547/7839 7950/7963
f 7950/7963 7547/7839 7061/7843 7291/7964
f 7553/7862 7950/7963 7291/7964 7067/7863
f 6989/7917 7470/7965 7951/7966 7564/7918
f 7470/7965 6998/7967 7573/7968 7951/7966
f 7951/7966 7573/7968 7087/7969 7292/7970
f 7564/7918 7951/7966 7292/7970 7078/7919
f 6929/7493 7471/7594 7952/7971 7504/7669
f 7471/7594 6999/7548 7574/7972 7952/7971
f 7952/7971 7574/7972 7088/7973 7293/7974
f 7504/7669 7952/7971 7293/7974 7018/7670
f 6999/7548 7472/7551 7953/7975 7574/7972
f 7472/7551 6955/7534 7530/7770 7953/7975
f 7953/7975 7530/7770 7044/7774 7294/7976
f 7574/7972 7953/7975 7294/7976 7088/7973
f 6959/7621 7473/7624 7954/7977 7534/7785
f 7473/7624 6939/7605 7514/7709 7954/7977
f 7954/7977 7514/7709 7028/7713 7295/7978
f 7534/7785 7954/7977 7295/7978 7048/7786
f 6998/7967 7474/7979 7955/7980 7573/7968
f 7474/7979 7000/7981 7575/7982 7955/7980
f 7955/7980 7575/7982 7089/7983 7296/7984
f 7573/7968 7955/7980 7296/7984 7087/7969
f 7000/7981 7475/7985 7956/7986 7575/7982
f 7475/7985 7001/7987 7576/7988 7956/7986
f 7956/7986 7576/7988 7090/7989 7297/7990
f 7575/7982 7956/7986 7297/7990 7089/7983
f 7001/7987 7476/7991 7957/7992 7576/7988
f 7476/7991 6974/7846 7549/7849 7957/7992
f 7957/7992 7549/7849 7063/7854 7298/7993
f 7576/7988 7957/7992 7298/7993 7090/7989
f 6997/7957 7477/7994 7958/7995 7572/7958
f 7477/7994 7002/7996 7577/7997 7958/7995
f 7958/7995 7577/7997 7091/7998 7299/7999
f 7572/7958 7958/7995 7299/7999 7086/7959
f 7002/7996 7478/8000 7959/8001 7577/7997
f 7478/8000 6988/7913 7563/7916 7959/8001
f 7959/8001 7563/7916 7077/7921 7300/8002
f 7577/7997 7959/8001 7300/8002 7091/7998
f 6994/7572 7479/7575 7960/8003 7569/7939
f 7479/7575 7003/7580 7578/8004 7960/8003
f 7960/8003 7578/8004 7092/8005 7301/8006
f 7569/7939 7960/8003 7301/8006 7083/7940
f 7003/7580 7480/7579 7961/8007 7578/8004
f 7480/7579 7004/7578 7579/8008 7961/8007
f 7961/8007 7579/8008 7093/8009 7302/8010
f 7578/8004 7961/8007 7302/8010 7092/8005
f 7004/7578 7481/7651 7962/8011 7579/8008
f 7481/7651 6962/7650 7537/7800 7962/8011
f 7962/8011 7537/7800 7051/7804 7303/8012
f 7579/8008 7962/8011 7303/8012 7093/8009
f 6975/7850 7482/8013 7963/8014 7550/7851
f 7482/8013 7005/8015 7580/8016 7963/8014
f 7963/8014 7580/8016 7094/8017 7304/8018
f 7550/7851 7963/8014 7304/8018 7064/7852
f 7005/8015 7483/8019 7964/8020 7580/8016
f 7483/8019 6991/7401 7566/7929 7964/8020
f 7964/8020 7566/7929 7080/7933 7305/8021
f 7580/8016 7964/8020 7305/8021 7094/8017
f 6968/7383 7484/7386 7965/8022 7543/7819
f 7484/7386 6976/7377 7551/7856 7965/8022
f 7965/8022 7551/7856 7065/7860 7306/8023
f 7543/7819 7965/8022 7306/8023 7057/7820
f 6952/7758 7766/8024 7966/8025 7527/7759
f 7220/8026 7485/8027 7966/8025 7766/8024
f 7006/8028 7581/8029 7966/8025 7485/8027
f 7095/8030 7307/8031 7966/8025 7581/8029
f 7041/7760 7527/7759 7966/8025 7307/8031
f 6964/7658 7486/7660 7967/8032 7539/7806
f 7486/7660 7007/7466 7582/8033 7967/8032
f 7967/8032 7582/8033 7096/8034 7308/8035
f 7539/7806 7967/8032 7308/8035 7053/7807
f 7008/8036 7487/8037 7968/8038 7583/8039
f 7487/8037 7009/8040 7584/8041 7968/8038
f 7968/8038 7584/8041 7098/8042 7309/8043
f 7583/8039 7968/8038 7309/8043 7097/8044
f 7009/8040 7488/8045 7969/8046 7584/8041
f 7488/8045 6984/7893 7559/7896 7969/8046
f 7969/8046 7559/7896 7073/7901 7310/8047
f 7584/8041 7969/8046 7310/8047 7098/8042
f 7010/8048 7489/8049 7970/8050 7585/8051
f 7489/8049 7011/8052 7586/8053 7970/8050
f 7970/8050 7586/8053 7100/8054 7311/8055
f 7585/8051 7970/8050 7311/8055 7099/8056
f 7011/8052 7490/8057 7971/8058 7586/8053
f 7490/8057 7008/8036 7583/8039 7971/8058
f 7971/8058 7583/8039 7097/8044 7312/8059
f 7586/8053 7971/8058 7312/8059 7100/8054
f 6961/7792 7491/8060 7972/8061 7536/7793
f 7491/8060 7012/8062 7587/8063 7972/8061
f 7972/8061 7587/8063 7101/8064 7313/8065
f 7536/7793 7972/8061 7313/8065 7050/7794
f 7012/8062 7492/8066 7973/8067 7587/8063
f 7492/8066 7013/8068 7588/8069 7973/8067
f 7973/8067 7588/8069 7102/8070 7314/8071
f 7587/8063 7973/8067 7314/8071 7101/8064
f 7007/7466 7493/7465 7974/8072 7582/8033
f 7493/7465 6995/7464 7570/7944 7974/8072
f 7974/8072 7570/7944 7084/7949 7315/8073
f 7582/8033 7974/8072 7315/8073 7096/8034
f 7013/8068 7494/8074 7975/8075 7588/8069
f 7494/8074 7014/8076 7589/8077 7975/8075
f 7975/8075 7589/8077 7103/8078 7316/8079
f 7588/8069 7975/8075 7316/8079 7102/8070
f 7014/8076 7495/8080 7976/8081 7589/8077
f 7495/8080 6971/7832 7546/7835 7976/8081
f 7976/8081 7546/7835 7060/7837 7317/8082
f 7589/8077 7976/8081 7317/8082 7103/8078
f 6992/7395 7496/7398 7977/8083 7567/7930
f 7496/7398 6967/7389 7542/7818 7977/8083
f 7977/8083 7542/7818 7056/7822 7318/8084
f 7567/7930 7977/8083 7318/8084 7081/7931
f 6938/7703 7497/8085 7978/8086 7513/7704
f 7497/8085 7015/8087 7590/8088 7978/8086
f 7978/8086 7590/8088 7104/8089 7319/8090
f 7513/7704 7978/8086 7319/8090 7027/7705
f 7015/8087 7498/8091 7979/8092 7590/8088
f 7498/8091 6935/7411 7510/7694 7979/8092
f 7979/8092 7510/7694 7024/7698 7320/8093
f 7590/8088 7979/8092 7320/8093 7104/8089
f 7006/8028 7499/8094 7980/8095 7581/8029
f 7499/8094 6979/7865 7554/7868 7980/8095
f 7980/8095 7554/7868 7068/7873 7321/8096
f 7581/8029 7980/8095 7321/8096 7095/8030
f 6980/7869 7500/8097 7981/8098 7555/7870
f 7500/8097 6969/7823 7544/7826 7981/8098
f 7981/8098 7544/7826 7058/7831 7322/8099
f 7555/7870 7981/8098 7322/8099 7069/7871
f 6970/7827 7501/8100 7982/8101 7545/7828
f 7501/8100 7010/8048 7585/8051 7982/8101
f 7982/8101 7585/8051 7099/8056 7323/8102
f 7545/7828 7982/8101 7323/8102 7059/7829
f 6971/7832 7597/8103 7983/8104 7443/7833
f 7597/8103 7113/8105 7612/8106 7983/8104
f 7983/8104 7612/8106 7114/8107 7609/8108
f 7443/7833 7983/8104 7609/8108 6947/7736
f 6957/7523 7362/7522 7984/8109 7591/8110
f 7362/7522 7144/7517 7711/8111 7984/8109
f 7984/8109 7711/8111 7189/7477 7699/7474
f 7591/8110 7984/8109 7699/7474 7131/7473
f 7131/7473 7391/7641 7985/8112 7591/8110
f 7391/7641 7128/7631 7412/7636 7985/8112
f 7985/8112 7412/7636 6958/7635 7433/7779
f 7591/8110 7985/8112 7433/7779 6957/7523
f 7013/8068 7595/8113 7986/8114 7600/8115
f 7595/8113 7176/7456 7656/7454 7986/8114
f 7986/8114 7656/7454 7153/7296 7335/8116
f 7600/8115 7986/8114 7335/8116 7105/8117
f 7105/8117 7620/8118 7987/8119 7600/8115
f 7620/8118 7108/8120 7603/8121 7987/8119
f 7987/8119 7603/8121 7014/8076 7494/8074
f 7600/8115 7987/8119 7494/8074 7013/8068
f 7110/8122 7596/8123 7988/8124 7617/8125
f 7596/8123 6975/7850 7446/7847 7988/8124
f 7988/8124 7446/7847 6974/7846 7606/8126
f 7617/8125 7988/8124 7606/8126 7111/8127
f 7111/8127 7606/8126 7989/8128 7614/8129
f 7606/8126 6974/7846 7476/7991 7989/8128
f 7989/8128 7476/7991 7001/7987 7598/8130
f 7614/8129 7989/8128 7598/8130 7116/8131
f 6930/7672 7593/8132 7990/8133 7415/7673
f 7593/8132 7219/8134 7799/8135 7990/8133
f 7990/8133 7799/8135 7222/8136 7767/8137
f 7415/7673 7990/8133 7767/8137 6931/7676
f 6947/7736 7609/8108 7991/8138 7426/7737
f 7609/8108 7114/8107 7621/8139 7991/8138
f 7991/8138 7621/8139 6988/7913 7599/8140
f 7426/7737 7991/8138 7599/8140 6948/7740
f 6948/7740 7599/8140 7992/8141 7467/7955
f 7599/8140 6988/7913 7478/8000 7992/8141
f 7992/8141 7478/8000 7002/7996 7477/7994
f 7467/7955 7992/8141 7477/7994 6997/7957
f 7113/8105 7608/8142 7993/8143 7612/8106
f 7608/8142 7112/8144 7613/8145 7993/8143
f 7993/8143 7613/8145 7115/8146 7610/8147
f 7612/8106 7993/8143 7610/8147 7114/8107
f 7112/8144 7607/8148 7994/8149 7613/8145
f 7607/8148 7111/8127 7614/8129 7994/8149
f 7994/8149 7614/8129 7116/8131 7611/8150
f 7613/8145 7994/8149 7611/8150 7115/8146
f 7014/8076 7603/8121 7995/8151 7495/8080
f 7603/8121 7108/8120 7615/8152 7995/8151
f 7995/8151 7615/8152 7113/8105 7597/8103
f 7495/8080 7995/8151 7597/8103 6971/7832
f 7108/8120 7604/8153 7996/8154 7615/8152
f 7604/8153 7109/8155 7616/8156 7996/8154
f 7996/8154 7616/8156 7112/8144 7608/8142
f 7615/8152 7996/8154 7608/8142 7113/8105
f 7109/8155 7605/8157 7997/8158 7616/8156
f 7605/8157 7110/8122 7617/8125 7997/8158
f 7997/8158 7617/8125 7111/8127 7607/8148
f 7616/8156 7997/8158 7607/8148 7112/8144
f 7005/8015 7482/8013 7998/8159 7594/8160
f 7482/8013 6975/7850 7596/8123 7998/8159
f 7998/8159 7596/8123 7110/8122 7618/8161
f 7594/8160 7998/8159 7618/8161 7107/8162
f 7107/8162 7618/8161 7999/8163 7602/8164
f 7618/8161 7110/8122 7605/8157 7999/8163
f 7999/8163 7605/8157 7109/8155 7619/8165
f 7602/8164 7999/8163 7619/8165 7106/8166
f 7106/8166 7619/8165 8000/8167 7601/8168
f 7619/8165 7109/8155 7604/8153 8000/8167
f 8000/8167 7604/8153 7108/8120 7620/8118
f 7601/8168 8000/8167 7620/8118 7105/8117
f 7164/7225 7693/7224 8001/8169 7344/8170
f 7693/7224 7177/7223 7639/7409 8001/8169
f 8001/8169 7639/7409 6935/7411 7498/8091
f 7344/8170 8001/8169 7498/8091 7015/8087
f 6988/7913 7621/8139 8002/8171 7458/7914
f 7621/8139 7114/8107 7610/8147 8002/8171
f 8002/8171 7610/8147 7115/8146 7622/8172
f 7458/7914 8002/8171 7622/8172 6989/7917
f 6989/7917 7622/8172 8003/8173 7470/7965
f 7622/8172 7115/8146 7611/8150 8003/8173
f 8003/8173 7611/8150 7116/8131 7623/8174
f 7470/7965 8003/8173 7623/8174 6998/7967
f 6998/7967 7623/8174 8004/8175 7474/7979
f 7623/8174 7116/8131 7598/8130 8004/8175
f 8004/8175 7598/8130 7001/7987 7475/7985
f 7474/7979 8004/8175 7475/7985 7000/7981
f 7105/8117 7335/8116 8005/8176 7601/8168
f 7335/8116 7153/7296 7692/7293 8005/8176
f 8005/8176 7692/7293 7188/7292 7625/8177
f 7601/8168 8005/8176 7625/8177 7106/8166
f 7106/8166 7625/8177 8006/8178 7602/8164
f 7625/8177 7188/7292 7662/7433 8006/8178
f 8006/8178 7662/7433 7165/7405 7627/8179
f 7602/8164 8006/8178 7627/8179 7107/8162
f 7107/8162 7627/8179 8007/8180 7594/8160
f 7627/8179 7165/7405 7674/7402 8007/8180
f 8007/8180 7674/7402 6991/7401 7483/8019
f 7594/8160 8007/8180 7483/8019 7005/8015
f 7194/7471 7708/7478 8008/8181 7704/8182
f 7708/7478 7189/7477 7700/8183 8008/8181
f 8008/8181 7700/8183 7190/8184 7709/8185
f 7704/8182 8008/8181 7709/8185 7193/8186
f 7193/8186 7709/8185 8009/8187 7703/8188
f 7709/8185 7190/8184 7701/8189 8009/8187
f 8009/8187 7701/8189 7191/8190 7710/8191
f 7703/8188 8009/8187 7710/8191 7192/8192
f 7192/8192 7710/8191 8010/8193 7702/8194
f 7710/8191 7191/8190 7341/8195 8010/8193
f 8010/8193 7341/8195 7147/7362 7668/7420
f 7702/8194 8010/8193 7668/7420 7182/7257
f 7189/7477 7711/8111 8011/8196 7700/8183
f 7711/8111 7144/7517 7361/7516 8011/8196
f 8011/8196 7361/7516 7145/7511 7712/8197
f 7700/8183 8011/8196 7712/8197 7190/8184
f 7190/8184 7712/8197 8012/8198 7701/8189
f 7712/8197 7145/7511 7360/7510 8012/8198
f 8012/8198 7360/7510 7146/7509 7713/8199
f 7701/8189 8012/8198 7713/8199 7191/8190
f 7191/8190 7713/8199 8013/8200 7341/8195
f 7713/8199 7146/7509 7592/7561 8013/8200
f 8013/8200 7592/7561 6945/7366 7680/7363
f 7341/8195 8013/8200 7680/7363 7147/7362
f 6995/7464 7714/7463 8014/8201 7464/7942
f 7714/7463 7195/7462 7706/8202 8014/8201
f 8014/8201 7706/8202 7196/8203 7715/8204
f 7464/7942 8014/8201 7715/8204 6996/7945
f 6996/7945 7715/8204 8015/8205 7465/7950
f 7715/8204 7196/8203 7707/8206 8015/8205
f 8015/8205 7707/8206 7197/8207 7716/8208
f 7465/7950 8015/8205 7716/8208 6960/7788
f 6960/7788 7716/8208 8016/8209 7763/8210
f 7716/8208 7197/8207 7329/8211 8016/8209
f 8016/8209 7329/8211 7159/7253 7735/7326
f 7763/8210 8016/8209 7735/7326 7213/7325
f 7195/7462 7717/7472 8017/8212 7706/8202
f 7717/7472 7194/7471 7704/8182 8017/8212
f 8017/8212 7704/8182 7193/8186 7718/8213
f 7706/8202 8017/8212 7718/8213 7196/8203
f 7196/8203 7718/8213 8018/8214 7707/8206
f 7718/8213 7193/8186 7703/8188 8018/8214
f 8018/8214 7703/8188 7192/8192 7719/8215
f 7707/8206 8018/8214 7719/8215 7197/8207
f 7197/8207 7719/8215 8019/8216 7329/8211
f 7719/8215 7192/8192 7702/8194 8019/8216
f 8019/8216 7702/8194 7182/7257 7698/7254
f 7329/8211 8019/8216 7698/7254 7159/7253
f 7215/7499 7737/8217 8020/8218 7738/7500
f 7737/8217 7214/8219 7739/8220 8020/8218
f 8020/8218 7739/8220 7211/8221 7734/8222
f 7738/7500 8020/8218 7734/8222 7212/7501
f 7214/8219 7736/8223 8021/8224 7739/8220
f 7736/8223 7213/7325 7740/7328 8021/8224
f 8021/8224 7740/7328 7210/7321 7733/8225
f 7739/8220 8021/8224 7733/8225 7211/8221
f 7175/7452 7685/7502 8022/8226 7637/7453
f 7685/7502 7212/7501 7741/8227 8022/8226
f 8022/8226 7741/8227 7209/8228 7684/8229
f 7637/7453 8022/8226 7684/8229 7174/7448
f 7212/7501 7734/8222 8023/8230 7741/8227
f 7734/8222 7211/8221 7742/8231 8023/8230
f 8023/8230 7742/8231 7208/8232 7731/8233
f 7741/8227 8023/8230 7731/8233 7209/8228
f 7211/8221 7733/8225 8024/8234 7742/8231
f 7733/8225 7210/7321 7743/7324 8024/8234
f 8024/8234 7743/7324 7207/7317 7730/8235
f 7742/8231 8024/8234 7730/8235 7208/8232
f 7174/7448 7684/8229 8025/8236 7636/7449
f 7684/8229 7209/8228 7744/8237 8025/8236
f 8025/8236 7744/8237 7206/8238 7683/8239
f 7636/7449 8025/8236 7683/8239 7173/7444
f 7209/8228 7731/8233 8026/8240 7744/8237
f 7731/8233 7208/8232 7745/8241 8026/8240
f 8026/8240 7745/8241 7205/8242 7728/8243
f 7744/8237 8026/8240 7728/8243 7206/8238
f 7208/8232 7730/8235 8027/8244 7745/8241
f 7730/8235 7207/7317 7746/7320 8027/8244
f 8027/8244 7746/7320 7204/7313 7727/8245
f 7745/8241 8027/8244 7727/8245 7205/8242
f 7173/7444 7683/8239 8028/8246 7635/7445
f 7683/8239 7206/8238 7747/8247 8028/8246
f 8028/8246 7747/8247 7203/8248 7682/8249
f 7635/7445 8028/8246 7682/8249 7172/7440
f 7206/8238 7728/8243 8029/8250 7747/8247
f 7728/8243 7205/8242 7748/8251 8029/8250
f 8029/8250 7748/8251 7202/8252 7725/8253
f 7747/8247 8029/8250 7725/8253 7203/8248
f 7205/8242 7727/8245 8030/8254 7748/8251
f 7727/8245 7204/7313 7749/7316 8030/8254
f 8030/8254 7749/7316 7201/7307 7724/8255
f 7748/8251 8030/8254 7724/8255 7202/8252
f 7172/7440 7682/8249 8031/8256 7634/7441
f 7682/8249 7203/8248 7750/8257 8031/8256
f 8031/8256 7750/8257 7200/7302 7681/7299
f 7634/7441 8031/8256 7681/7299 7171/7298
f 7203/8248 7725/8253 8032/8258 7750/8257
f 7725/8253 7202/8252 7751/8259 8032/8258
f 8032/8258 7751/8259 7199/8260 7722/8261
f 7750/8257 8032/8258 7722/8261 7200/7302
f 7202/8252 7724/8255 8033/8262 7751/8259
f 7724/8255 7201/7307 7752/7310 8033/8262
f 8033/8262 7752/7310 7198/7312 7721/8263
f 7751/8259 8033/8262 7721/8263 7199/8260
f 6952/7758 7782/8264 8034/8265 7766/8024
f 7782/8264 7229/8266 7786/8267 8034/8265
f 8034/8265 7786/8267 7232/8268 7772/8269
f 7766/8024 8034/8265 7772/8269 7220/8026
f 6950/7306 7753/7305 8035/8270 7428/7751
f 7753/7305 7217/7304 7762/8271 8035/8270
f 8035/8270 7762/8271 7219/8134 7593/8132
f 7428/7751 8035/8270 7593/8132 6930/7672
f 6938/7703 7754/8272 8036/8273 7497/8085
f 7754/8272 7198/7312 7720/7311 8036/8273
f 8036/8273 7720/7311 7164/7225 7344/8170
f 7497/8085 8036/8273 7344/8170 7015/8087
f 7217/7304 7760/7303 8037/8274 7756/8275
f 7760/7303 7200/7302 7722/8261 8037/8274
f 8037/8274 7722/8261 7199/8260 7759/8276
f 7756/8275 8037/8274 7759/8276 7216/8277
f 7216/8277 7759/8276 8038/8278 7755/8279
f 7759/8276 7199/8260 7721/8263 8038/8278
f 8038/8278 7721/8263 7198/7312 7754/8272
f 7755/8279 8038/8278 7754/8272 6938/7703
f 7219/8134 7762/8271 8039/8280 7758/8281
f 7762/8271 7217/7304 7756/8275 8039/8280
f 8039/8280 7756/8275 7216/8277 7761/8282
f 7758/8281 8039/8280 7761/8282 7218/8283
f 7218/8283 7761/8282 8040/8284 7757/8285
f 7761/8282 7216/8277 7755/8279 8040/8284
f 8040/8284 7755/8279 6938/7703 7419/7700
f 7757/8285 8040/8284 7419/7700 6937/7699
f 7213/7325 7736/8223 8041/8286 7763/8210
f 7736/8223 7214/8219 7764/8287 8041/8286
f 8041/8286 7764/8287 6961/7792 7435/7789
f 7763/8210 8041/8286 7435/7789 6960/7788
f 6961/7792 7764/8287 8042/8288 7491/8060
f 7764/8287 7214/8219 7737/8217 8042/8288
f 8042/8288 7737/8217 7215/7499 7765/8289
f 7491/8060 8042/8288 7765/8289 7012/8062
f 7012/8062 7765/8289 8043/8290 7492/8066
f 7765/8289 7215/7499 7686/7497 8043/8290
f 8043/8290 7686/7497 7176/7456 7595/8113
f 7492/8066 8043/8290 7595/8113 7013/8068
f 7221/8291 7774/8292 8044/8293 7795/8294
f 7774/8292 6982/7878 7455/7902 8044/8293
f 8044/8293 7455/7902 6985/7897 7768/8295
f 7795/8294 8044/8293 7768/8295 7224/8296
f 7224/8296 7768/8295 8045/8297 7793/8298
f 7768/8295 6985/7897 7454/7894 8045/8297
f 8045/8297 7454/7894 6984/7893 7778/8299
f 7793/8298 8045/8297 7778/8299 7225/8300
f 7225/8300 7778/8299 8046/8301 7791/8302
f 7778/8299 6984/7893 7488/8045 8046/8301
f 8046/8301 7488/8045 7009/8040 7770/8303
f 7791/8302 8046/8301 7770/8303 7228/8304
f 7228/8304 7770/8303 8047/8305 7789/8306
f 7770/8303 7009/8040 7487/8037 8047/8305
f 8047/8305 7487/8037 7008/8036 7771/8307
f 7789/8306 8047/8305 7771/8307 7230/8308
f 7230/8308 7771/8307 8048/8309 7787/8310
f 7771/8307 7008/8036 7490/8057 8048/8309
f 8048/8309 7490/8057 7011/8052 7784/8311
f 7787/8310 8048/8309 7784/8311 7231/8312
f 7220/8026 7772/8269 8049/8313 7485/8027
f 7232/8268 7800/8314 8049/8313 7772/8269
f 7234/8315 7773/8316 8049/8313 7800/8314
f 6979/7865 7499/8094 8049/8313 7773/8316
f 7006/8028 7485/8027 8049/8313 7499/8094
f 6979/7865 7773/8316 8050/8317 7449/7866
f 7773/8316 7234/8315 7802/8318 8050/8317
f 8050/8317 7802/8318 6969/7823 7500/8097
f 7449/7866 8050/8317 7500/8097 6980/7869
f 7229/8266 7783/8319 8051/8320 7786/8267
f 7783/8319 7230/8308 7787/8310 8051/8320
f 8051/8320 7787/8310 7231/8312 7785/8321
f 7786/8267 8051/8320 7785/8321 7232/8268
f 6951/7754 7780/8322 8052/8323 7429/7755
f 7780/8322 7227/8324 7788/8325 8052/8323
f 8052/8323 7788/8325 7229/8266 7782/8264
f 7429/7755 8052/8323 7782/8264 6952/7758
f 7227/8324 7781/8326 8053/8327 7788/8325
f 7781/8326 7228/8304 7789/8306 8053/8327
f 8053/8327 7789/8306 7230/8308 7783/8319
f 7788/8325 8053/8327 7783/8319 7229/8266
f 6983/7886 7769/8328 8054/8329 7453/7890
f 7769/8328 7226/8330 7790/8331 8054/8329
f 8054/8329 7790/8331 7227/8324 7780/8322
f 7453/7890 8054/8329 7780/8322 6951/7754
f 7226/8330 7779/8332 8055/8333 7790/8331
f 7779/8332 7225/8300 7791/8302 8055/8333
f 8055/8333 7791/8302 7228/8304 7781/8326
f 7790/8331 8055/8333 7781/8326 7227/8324
f 6932/7683 7776/8334 8056/8335 7452/7884
f 7776/8334 7223/8336 7792/8337 8056/8335
f 8056/8335 7792/8337 7226/8330 7769/8328
f 7452/7884 8056/8335 7769/8328 6983/7886
f 7223/8336 7777/8338 8057/8339 7792/8337
f 7777/8338 7224/8296 7793/8298 8057/8339
f 8057/8339 7793/8298 7225/8300 7779/8332
f 7792/8337 8057/8339 7779/8332 7226/8330
f 6931/7676 7767/8137 8058/8340 7416/7681
f 7767/8137 7222/8136 7794/8341 8058/8340
f 8058/8340 7794/8341 7223/8336 7776/8334
f 7416/7681 8058/8340 7776/8334 6932/7683
f 7222/8136 7775/8342 8059/8343 7794/8341
f 7775/8342 7221/8291 7795/8294 8059/8343
f 8059/8343 7795/8294 7224/8296 7777/8338
f 7794/8341 8059/8343 7777/8338 7223/8336
f 7222/8136 7799/8135 8060/8344 7775/8342
f 7799/8135 7219/8134 7758/8281 8060/8344
f 8060/8344 7758/8281 7218/8283 7798/8345
f 7775/8342 8060/8344 7798/8345 7221/8291
f 7221/8291 7798/8345 8061/8346 7774/8292
f 7798/8345 7218/8283 7757/8285 8061/8346
f 8061/8346 7757/8285 6937/7699 7451/7879
f 7774/8292 8061/8346 7451/7879 6982/7878
f 7234/8315 7800/8314 8062/8347 7797/8348
f 7800/8314 7232/8268 7785/8321 8062/8347
f 8062/8347 7785/8321 7231/8312 7801/8349
f 7797/8348 8062/8347 7801/8349 7233/8350
f 7233/8350 7801/8349 8063/8351 7796/8352
f 7801/8349 7231/8312 7784/8311 8063/8351
f 8063/8351 7784/8311 7011/8052 7489/8049
f 7796/8352 8063/8351 7489/8049 7010/8048
f 6969/7823 7802/8318 8064/8353 7442/7824
f 7802/8318 7234/8315 7797/8348 8064/8353
f 8064/8353 7797/8348 7233/8350 7803/8354
f 7442/7824 8064/8353 7803/8354 6970/7827
f 6970/7827 7803/8354 8065/8355 7501/8100
f 7233/8350 7796/8352 8065/8355 7803/8354
f 7010/8048 7501/8100 8065/8355 7796/8352
f 8244/8356 8245/8357 8943/8358 8798/8359
f 8798/8359 8943/8358 8728/8360 8729/8361
f 8943/8358 8797/8362 8727/8363 8728/8360
f 8245/8357 8246/8364 8797/8362 8943/8358
f 8298/8365 8297/8366 8944/8367 8496/8368
f 8496/8368 8944/8367 8294/8369 8293/8370
f 8944/8367 8340/8371 8295/8372 8294/8369
f 8297/8366 8296/8373 8340/8371 8944/8367
f 8247/8374 8248/8375 8945/8376 8799/8377
f 8799/8377 8945/8376 8730/8378 8731/8379
f 8945/8376 8798/8359 8729/8361 8730/8378
f 8248/8375 8244/8356 8798/8359 8945/8376
f 8249/8380 8250/8381 8946/8382 8800/8383
f 8800/8383 8946/8382 8732/8384 8733/8385
f 8946/8382 8799/8377 8731/8379 8732/8384
f 8250/8381 8247/8374 8799/8377 8946/8382
f 8251/8386 8252/8387 8947/8388 8801/8389
f 8801/8389 8947/8388 8734/8390 8735/8391
f 8947/8388 8800/8383 8733/8385 8734/8390
f 8252/8387 8249/8380 8800/8383 8947/8388
f 8253/8392 8254/8393 8948/8394 8802/8395
f 8802/8395 8948/8394 8736/8396 8737/8397
f 8948/8394 8801/8389 8735/8391 8736/8396
f 8254/8393 8251/8386 8801/8389 8948/8394
f 8739/8398 8738/8399 8949/8400 8791/8401
f 8791/8401 8949/8400 8699/8402 8259/8403
f 8949/8400 8472/8404 8437/8405 8699/8402
f 8738/8399 8471/8406 8472/8404 8949/8400
f 8741/8407 8740/8408 8950/8409 8792/8410
f 8792/8410 8950/8409 8258/8411 8257/8412
f 8950/8409 8791/8401 8259/8403 8258/8411
f 8740/8408 8739/8398 8791/8401 8950/8409
f 8743/8413 8742/8414 8951/8415 8793/8416
f 8793/8416 8951/8415 8261/8417 8260/8418
f 8951/8415 8792/8410 8257/8412 8261/8417
f 8742/8414 8741/8407 8792/8410 8951/8415
f 8745/8419 8744/8420 8952/8421 8794/8422
f 8794/8422 8952/8421 8263/8423 8262/8424
f 8952/8421 8793/8416 8260/8418 8263/8423
f 8744/8420 8743/8413 8793/8416 8952/8421
f 8747/8425 8746/8426 8953/8427 8795/8428
f 8795/8428 8953/8427 8265/8429 8264/8430
f 8953/8427 8794/8422 8262/8424 8265/8429
f 8746/8426 8745/8419 8794/8422 8953/8427
f 8700/8431 8748/8432 8954/8433 8796/8434
f 8796/8434 8954/8433 8267/8435 8266/8436
f 8954/8433 8795/8428 8264/8430 8267/8435
f 8748/8432 8747/8425 8795/8428 8954/8433
f 8716/8437 8715/8438 8955/8439 8780/8440
f 8780/8440 8955/8439 8885/8441 8779/8442
f 8955/8439 8876/8443 8875/8444 8885/8441
f 8715/8438 8439/8445 8876/8443 8955/8439
f 8836/8446 8874/8447 8956/8448 8835/8449
f 8835/8449 8956/8448 8245/8357 8244/8356
f 8956/8448 8830/8450 8246/8364 8245/8357
f 8874/8447 8831/8451 8830/8450 8956/8448
f 8841/8452 8871/8453 8957/8454 8840/8455
f 8840/8455 8957/8454 8248/8375 8247/8374
f 8957/8454 8835/8449 8244/8356 8248/8375
f 8871/8453 8836/8446 8835/8449 8957/8454
f 8846/8456 8868/8457 8958/8458 8845/8459
f 8845/8459 8958/8458 8250/8381 8249/8380
f 8958/8458 8840/8455 8247/8374 8250/8381
f 8868/8457 8841/8452 8840/8455 8958/8458
f 8851/8460 8865/8461 8959/8462 8850/8463
f 8850/8463 8959/8462 8252/8387 8251/8386
f 8959/8462 8845/8459 8249/8380 8252/8387
f 8865/8461 8846/8456 8845/8459 8959/8462
f 8856/8464 8862/8465 8960/8466 8855/8467
f 8855/8467 8960/8466 8254/8393 8253/8392
f 8960/8466 8850/8463 8251/8386 8254/8393
f 8862/8465 8851/8460 8850/8463 8960/8466
f 8272/8468 8283/8469 8961/8470 8773/8471
f 8773/8471 8961/8470 8485/8472 8444/8473
f 8961/8470 8512/8474 8484/8475 8485/8472
f 8283/8469 8284/8476 8512/8474 8961/8470
f 8270/8477 8271/8478 8962/8479 8774/8480
f 8774/8480 8962/8479 8445/8481 8446/8482
f 8962/8479 8773/8471 8444/8473 8445/8481
f 8271/8478 8272/8468 8773/8471 8962/8479
f 8273/8483 8274/8484 8963/8485 8775/8486
f 8775/8486 8963/8485 8515/8487 8457/8488
f 8963/8485 8774/8480 8446/8482 8515/8487
f 8274/8484 8270/8477 8774/8480 8963/8485
f 8275/8489 8276/8490 8964/8491 8776/8492
f 8776/8492 8964/8491 8458/8493 8459/8494
f 8964/8491 8775/8486 8457/8488 8458/8493
f 8276/8490 8273/8483 8775/8486 8964/8491
f 8277/8495 8278/8496 8965/8497 8777/8498
f 8777/8498 8965/8497 8460/8499 8430/8500
f 8965/8497 8776/8492 8459/8494 8460/8499
f 8278/8496 8275/8489 8776/8492 8965/8497
f 8279/8501 8280/8502 8966/8503 8778/8504
f 8778/8504 8966/8503 8431/8505 8432/8506
f 8966/8503 8777/8498 8430/8500 8431/8505
f 8280/8502 8277/8495 8777/8498 8966/8503
f 8478/8507 8479/8508 8967/8509 8767/8510
f 8767/8510 8967/8509 8703/8511 8702/8512
f 8967/8509 8516/8513 8469/8514 8703/8511
f 8479/8508 8480/8515 8516/8513 8967/8509
f 8476/8516 8477/8517 8968/8518 8768/8519
f 8768/8519 8968/8518 8714/8520 8713/8521
f 8968/8518 8767/8510 8702/8512 8714/8520
f 8477/8517 8478/8507 8767/8510 8968/8518
f 8463/8522 8537/8523 8969/8524 8769/8525
f 8769/8525 8969/8524 8712/8526 8711/8527
f 8969/8524 8768/8519 8713/8521 8712/8526
f 8537/8523 8476/8516 8768/8519 8969/8524
f 8461/8528 8462/8529 8970/8530 8770/8531
f 8770/8531 8970/8530 8710/8532 8709/8533
f 8970/8530 8769/8525 8711/8527 8710/8532
f 8462/8529 8463/8522 8769/8525 8970/8530
f 8505/8534 8558/8535 8971/8536 8771/8537
f 8771/8537 8971/8536 8708/8538 8707/8539
f 8971/8536 8770/8531 8709/8533 8708/8538
f 8558/8535 8461/8528 8770/8531 8971/8536
f 8503/8540 8504/8541 8972/8542 8772/8543
f 8772/8543 8972/8542 8706/8544 8705/8545
f 8972/8542 8771/8537 8707/8539 8706/8544
f 8504/8541 8505/8534 8771/8537 8972/8542
f 8727/8363 8726/8546 8973/8547 8761/8548
f 8761/8548 8973/8547 8283/8469 8272/8468
f 8973/8547 8421/8549 8284/8476 8283/8469
f 8726/8546 8420/8550 8421/8549 8973/8547
f 8729/8361 8728/8360 8974/8551 8762/8552
f 8762/8552 8974/8551 8271/8478 8270/8477
f 8974/8551 8761/8548 8272/8468 8271/8478
f 8728/8360 8727/8363 8761/8548 8974/8551
f 8731/8379 8730/8378 8975/8553 8763/8554
f 8763/8554 8975/8553 8274/8484 8273/8483
f 8975/8553 8762/8552 8270/8477 8274/8484
f 8730/8378 8729/8361 8762/8552 8975/8553
f 8733/8385 8732/8384 8976/8555 8764/8556
f 8764/8556 8976/8555 8276/8490 8275/8489
f 8976/8555 8763/8554 8273/8483 8276/8490
f 8732/8384 8731/8379 8763/8554 8976/8555
f 8735/8391 8734/8390 8977/8557 8765/8558
f 8765/8558 8977/8557 8278/8496 8277/8495
f 8977/8557 8764/8556 8275/8489 8278/8496
f 8734/8390 8733/8385 8764/8556 8977/8557
f 8737/8397 8736/8396 8978/8559 8766/8560
f 8766/8560 8978/8559 8280/8502 8279/8501
f 8978/8559 8765/8558 8277/8495 8280/8502
f 8736/8396 8735/8391 8765/8558 8978/8559
f 8702/8512 8703/8511 8979/8561 8755/8562
f 8755/8562 8979/8561 8738/8399 8739/8398
f 8979/8561 8470/8563 8471/8406 8738/8399
f 8703/8511 8469/8514 8470/8563 8979/8561
f 8713/8521 8714/8520 8980/8564 8756/8565
f 8756/8565 8980/8564 8740/8408 8741/8407
f 8980/8564 8755/8562 8739/8398 8740/8408
f 8714/8520 8702/8512 8755/8562 8980/8564
f 8711/8527 8712/8526 8981/8566 8757/8567
f 8757/8567 8981/8566 8742/8414 8743/8413
f 8981/8566 8756/8565 8741/8407 8742/8414
f 8712/8526 8713/8521 8756/8565 8981/8566
f 8709/8533 8710/8532 8982/8568 8758/8569
f 8758/8569 8982/8568 8744/8420 8745/8419
f 8982/8568 8757/8567 8743/8413 8744/8420
f 8710/8532 8711/8527 8757/8567 8982/8568
f 8707/8539 8708/8538 8983/8570 8759/8571
f 8759/8571 8983/8570 8746/8426 8747/8425
f 8983/8570 8758/8569 8745/8419 8746/8426
f 8708/8538 8709/8533 8758/8569 8983/8570
f 8705/8545 8706/8544 8984/8572 8760/8573
f 8760/8573 8984/8572 8748/8432 8700/8431
f 8984/8572 8759/8571 8747/8425 8748/8432
f 8706/8544 8707/8539 8759/8571 8984/8572
f 8259/8403 8699/8402 8985/8574 8749/8575
f 8749/8575 8985/8574 8715/8438 8716/8437
f 8985/8574 8438/8576 8439/8445 8715/8438
f 8699/8402 8437/8405 8438/8576 8985/8574
f 8257/8412 8258/8411 8986/8577 8750/8578
f 8750/8578 8986/8577 8717/8579 8718/8580
f 8986/8577 8749/8575 8716/8437 8717/8579
f 8258/8411 8259/8403 8749/8575 8986/8577
f 8260/8418 8261/8417 8987/8581 8751/8582
f 8751/8582 8987/8581 8719/8583 8720/8584
f 8987/8581 8750/8578 8718/8580 8719/8583
f 8261/8417 8257/8412 8750/8578 8987/8581
f 8262/8424 8263/8423 8988/8585 8752/8586
f 8752/8586 8988/8585 8721/8587 8722/8588
f 8988/8585 8751/8582 8720/8584 8721/8587
f 8263/8423 8260/8418 8751/8582 8988/8585
f 8264/8430 8265/8429 8989/8589 8753/8590
f 8753/8590 8989/8589 8723/8591 8724/8592
f 8989/8589 8752/8586 8722/8588 8723/8591
f 8265/8429 8262/8424 8752/8586 8989/8589
f 8266/8436 8267/8435 8990/8593 8754/8594
f 8754/8594 8990/8593 8725/8595 8659/8596
f 8990/8593 8753/8590 8724/8592 8725/8595
f 8267/8435 8264/8430 8753/8590 8990/8593
f 8382/8597 8386/8598 8991/8599 8813/8600
f 8813/8600 8991/8599 8824/8601 8814/8602
f 8991/8599 8554/8603 8508/8604 8824/8601
f 8386/8598 8385/8605 8554/8603 8991/8599
f 8287/8606 8384/8607 8992/8608 8286/8609
f 8286/8609 8992/8608 8827/8610 8285/8611
f 8992/8608 8813/8600 8814/8602 8827/8610
f 8384/8607 8382/8597 8813/8600 8992/8608
f 8379/8612 8383/8613 8993/8614 8803/8615
f 8803/8615 8993/8614 8818/8616 8804/8617
f 8993/8614 8286/8609 8285/8611 8818/8616
f 8383/8613 8287/8606 8286/8609 8993/8614
f 8292/8618 8343/8619 8994/8620 8291/8621
f 8291/8621 8994/8620 8502/8622 8290/8623
f 8994/8620 8500/8624 8501/8625 8502/8622
f 8343/8619 8344/8626 8500/8624 8994/8620
f 8295/8372 8339/8627 8995/8628 8294/8369
f 8294/8369 8995/8628 8495/8629 8293/8370
f 8995/8628 8291/8621 8290/8623 8495/8629
f 8339/8627 8292/8618 8291/8621 8995/8628
f 8296/8373 8297/8366 8996/8630 8342/8631
f 8342/8631 8996/8630 8413/8632 8341/8633
f 8996/8630 8411/8634 8412/8635 8413/8632
f 8297/8366 8298/8365 8411/8634 8996/8630
f 8659/8596 8725/8595 8997/8636 8790/8637
f 8790/8637 8997/8636 8860/8638 8789/8639
f 8997/8636 8788/8640 8787/8641 8860/8638
f 8725/8595 8724/8592 8788/8640 8997/8636
f 8302/8642 8303/8643 8998/8644 8328/8645
f 8328/8645 8998/8644 8300/8646 8299/8647
f 8998/8644 8323/8648 8301/8649 8300/8646
f 8303/8643 8304/8650 8323/8648 8998/8644
f 8305/8651 8306/8652 8999/8653 8327/8654
f 8327/8654 8999/8653 8303/8643 8302/8642
f 8999/8653 8324/8655 8304/8650 8303/8643
f 8306/8652 8307/8656 8324/8655 8999/8653
f 8350/8657 8448/8658 9000/8659 8349/8660
f 8349/8660 9000/8659 8306/8652 8305/8651
f 9000/8659 8326/8661 8307/8656 8306/8652
f 8448/8658 8325/8662 8326/8661 9000/8659
f 8310/8663 8311/8664 9001/8665 8331/8666
f 8331/8666 9001/8665 8309/8667 8308/8668
f 9001/8665 8328/8645 8299/8647 8309/8667
f 8311/8664 8302/8642 8328/8645 9001/8665
f 8312/8669 8313/8670 9002/8671 8332/8672
f 8332/8672 9002/8671 8311/8664 8310/8663
f 9002/8671 8327/8654 8302/8642 8311/8664
f 8313/8670 8305/8651 8327/8654 9002/8671
f 8333/8673 8447/8674 9003/8675 8334/8676
f 8334/8676 9003/8675 8313/8670 8312/8669
f 9003/8675 8349/8660 8305/8651 8313/8670
f 8447/8674 8350/8657 8349/8660 9003/8675
f 8316/8677 8317/8678 9004/8679 8336/8680
f 8336/8680 9004/8679 8315/8681 8314/8682
f 9004/8679 8331/8666 8308/8668 8315/8681
f 8317/8678 8310/8663 8331/8666 9004/8679
f 8318/8683 8319/8684 9005/8685 8335/8686
f 8335/8686 9005/8685 8317/8678 8316/8677
f 9005/8685 8332/8672 8310/8663 8317/8678
f 8319/8684 8312/8669 8332/8672 9005/8685
f 8346/8687 8520/8688 9006/8689 8345/8690
f 8345/8690 9006/8689 8319/8684 8318/8683
f 9006/8689 8334/8676 8312/8669 8319/8684
f 8520/8688 8333/8673 8334/8676 9006/8689
f 8295/8372 8321/8691 9007/8692 8339/8627
f 8339/8627 9007/8692 8320/8693 8292/8618
f 9007/8692 8336/8680 8314/8682 8320/8693
f 8321/8691 8316/8677 8336/8680 9007/8692
f 8296/8373 8322/8694 9008/8695 8340/8371
f 8340/8371 9008/8695 8321/8691 8295/8372
f 9008/8695 8335/8686 8316/8677 8321/8691
f 8322/8694 8318/8683 8335/8686 9008/8695
f 8299/8647 8300/8646 9009/8696 8330/8697
f 8330/8697 9009/8696 8433/8698 8329/8699
f 9009/8696 8654/8700 8432/8506 8433/8698
f 8300/8646 8301/8649 8654/8700 9009/8696
f 8308/8668 8309/8667 9010/8701 8347/8702
f 8347/8702 9010/8701 8454/8703 8348/8704
f 9010/8701 8330/8697 8329/8699 8454/8703
f 8309/8667 8299/8647 8330/8697 9010/8701
f 8314/8682 8315/8681 9011/8705 8338/8706
f 8338/8706 9011/8705 8419/8707 8337/8708
f 9011/8705 8347/8702 8348/8704 8419/8707
f 8315/8681 8308/8668 8347/8702 9011/8705
f 8292/8618 8320/8693 9012/8709 8343/8619
f 8343/8619 9012/8709 8429/8710 8344/8626
f 9012/8709 8338/8706 8337/8708 8429/8710
f 8320/8693 8314/8682 8338/8706 9012/8709
f 8353/8711 8530/8712 9013/8713 8352/8714
f 8352/8714 9013/8713 8403/8715 8351/8716
f 9013/8713 8532/8717 8404/8718 8403/8715
f 8530/8712 8531/8719 8532/8717 9013/8713
f 8356/8720 8507/8721 9014/8722 8355/8723
f 8355/8723 9014/8722 8399/8724 8354/8725
f 9014/8722 8352/8714 8351/8716 8399/8724
f 8507/8721 8353/8711 8352/8714 9014/8722
f 8359/8726 8506/8727 9015/8728 8358/8729
f 8358/8729 9015/8728 8400/8730 8357/8731
f 9015/8728 8355/8723 8354/8725 8400/8730
f 8506/8727 8356/8720 8355/8723 9015/8728
f 8341/8633 8519/8732 9016/8733 8342/8631
f 8342/8631 9016/8733 8322/8694 8296/8373
f 9016/8733 8345/8690 8318/8683 8322/8694
f 8519/8732 8346/8687 8345/8690 9016/8733
f 8362/8734 8363/8735 9017/8736 8395/8737
f 8395/8737 9017/8736 8361/8738 8360/8739
f 9017/8736 8399/8724 8351/8716 8361/8738
f 8363/8735 8354/8725 8399/8724 9017/8736
f 8364/8740 8365/8741 9018/8742 8396/8743
f 8396/8743 9018/8742 8363/8735 8362/8734
f 9018/8742 8400/8730 8354/8725 8363/8735
f 8365/8741 8357/8731 8400/8730 9018/8742
f 8397/8744 8425/8745 9019/8746 8398/8747
f 8398/8747 9019/8746 8365/8741 8364/8740
f 9019/8746 8402/8748 8357/8731 8365/8741
f 8425/8745 8401/8749 8402/8748 9019/8746
f 8368/8750 8369/8751 9020/8752 8391/8753
f 8391/8753 9020/8752 8367/8754 8366/8755
f 9020/8752 8395/8737 8360/8739 8367/8754
f 8369/8751 8362/8734 8395/8737 9020/8752
f 8370/8756 8371/8757 9021/8758 8392/8759
f 8392/8759 9021/8758 8369/8751 8368/8750
f 9021/8758 8396/8743 8362/8734 8369/8751
f 8371/8757 8364/8740 8396/8743 9021/8758
f 8393/8760 8521/8761 9022/8762 8394/8763
f 8394/8763 9022/8762 8371/8757 8370/8756
f 9022/8762 8398/8747 8364/8740 8371/8757
f 8521/8761 8397/8744 8398/8747 9022/8762
f 8374/8764 8375/8765 9023/8766 8388/8767
f 8388/8767 9023/8766 8373/8768 8372/8769
f 9023/8766 8391/8753 8366/8755 8373/8768
f 8375/8765 8368/8750 8391/8753 9023/8766
f 8376/8770 8377/8771 9024/8772 8387/8773
f 8387/8773 9024/8772 8375/8765 8374/8764
f 9024/8772 8392/8759 8368/8750 8375/8765
f 8377/8771 8370/8756 8392/8759 9024/8772
f 8410/8774 8450/8775 9025/8776 8409/8777
f 8409/8777 9025/8776 8377/8771 8376/8770
f 9025/8776 8394/8763 8370/8756 8377/8771
f 8450/8775 8393/8760 8394/8763 9025/8776
f 8287/8606 8383/8613 9026/8778 8380/8779
f 8380/8779 9026/8778 8387/8773 8374/8764
f 9026/8778 8378/8780 8376/8770 8387/8773
f 8383/8613 8379/8612 8378/8780 9026/8778
f 8382/8597 8384/8607 9027/8781 8381/8782
f 8381/8782 9027/8781 8388/8767 8372/8769
f 9027/8781 8380/8779 8374/8764 8388/8767
f 8384/8607 8287/8606 8380/8779 9027/8781
f 8401/8749 8426/8783 9028/8784 8402/8748
f 8402/8748 9028/8784 8358/8729 8357/8731
f 9028/8784 8428/8785 8359/8726 8358/8729
f 8426/8783 8427/8786 8428/8785 9028/8784
f 8360/8739 8361/8738 9029/8787 8405/8788
f 8405/8788 9029/8787 8533/8789 8406/8790
f 9029/8787 8403/8715 8404/8718 8533/8789
f 8361/8738 8351/8716 8403/8715 9029/8787
f 8366/8755 8367/8754 9030/8791 8407/8792
f 8407/8792 9030/8791 8455/8793 8408/8794
f 9030/8791 8405/8788 8406/8790 8455/8793
f 8367/8754 8360/8739 8405/8788 9030/8791
f 8372/8769 8373/8768 9031/8795 8390/8796
f 8390/8796 9031/8795 8456/8797 8389/8798
f 9031/8795 8407/8792 8408/8794 8456/8797
f 8373/8768 8366/8755 8407/8792 9031/8795
f 8385/8605 8386/8598 9032/8799 8541/8800
f 8541/8800 9032/8799 8390/8796 8389/8798
f 9032/8799 8381/8782 8372/8769 8390/8796
f 8386/8598 8382/8597 8381/8782 9032/8799
f 8298/8365 8564/8801 9033/8802 8411/8634
f 8411/8634 9033/8802 8565/8803 8412/8635
f 9033/8802 8067/8804 8068/8805 8565/8803
f 8564/8801 8066/8806 8067/8804 9033/8802
f 8412/8635 8565/8803 9034/8807 8413/8632
f 8413/8632 9034/8807 8566/8808 8341/8633
f 9034/8807 8069/8809 8070/8810 8566/8808
f 8565/8803 8068/8805 8069/8809 9034/8807
f 8414/8811 8567/8812 9035/8813 8415/8814
f 8415/8814 9035/8813 8568/8815 8416/8816
f 9035/8813 8072/8817 8073/8818 8568/8815
f 8567/8812 8071/8819 8072/8817 9035/8813
f 8416/8816 8568/8815 9036/8820 8417/8821
f 8417/8821 9036/8820 8569/8822 8418/8823
f 9036/8820 8074/8824 8075/8825 8569/8822
f 8568/8815 8073/8818 8074/8824 9036/8820
f 8348/8704 8570/8826 9037/8827 8419/8707
f 8419/8707 9037/8827 8571/8828 8337/8708
f 9037/8827 8077/8829 8078/8830 8571/8828
f 8570/8826 8076/8831 8077/8829 9037/8827
f 8420/8550 8572/8832 9038/8833 8421/8549
f 8421/8549 9038/8833 8573/8834 8284/8476
f 9038/8833 8080/8835 8081/8836 8573/8834
f 8572/8832 8079/8837 8080/8835 9038/8833
f 8422/8838 8574/8839 9039/8840 8423/8841
f 8423/8841 9039/8840 8575/8842 8424/8843
f 9039/8840 8083/8844 8084/8845 8575/8842
f 8574/8839 8082/8846 8083/8844 9039/8840
f 8397/8744 8576/8847 9040/8848 8425/8745
f 8425/8745 9040/8848 8577/8849 8401/8749
f 9040/8848 8086/8850 8087/8851 8577/8849
f 8576/8847 8085/8852 8086/8850 9040/8848
f 8401/8749 8577/8849 9041/8853 8426/8783
f 8426/8783 9041/8853 8578/8854 8427/8786
f 9041/8853 8088/8855 8089/8856 8578/8854
f 8577/8849 8087/8851 8088/8855 9041/8853
f 8427/8786 8578/8854 9042/8857 8428/8785
f 8428/8785 9042/8857 8579/8858 8359/8726
f 9042/8857 8090/8859 8091/8860 8579/8858
f 8578/8854 8089/8856 8090/8859 9042/8857
f 8337/8708 8571/8828 9043/8861 8429/8710
f 8429/8710 9043/8861 8580/8862 8344/8626
f 9043/8861 8092/8863 8093/8864 8580/8862
f 8571/8828 8078/8830 8092/8863 9043/8861
f 8430/8500 8581/8865 9044/8866 8431/8505
f 8431/8505 9044/8866 8582/8867 8432/8506
f 9044/8866 8095/8868 8096/8869 8582/8867
f 8581/8865 8094/8870 8095/8868 9044/8866
f 8432/8506 8582/8867 9045/8871 8433/8698
f 8433/8698 9045/8871 8583/8872 8329/8699
f 9045/8871 8097/8873 8098/8874 8583/8872
f 8582/8867 8096/8869 8097/8873 9045/8871
f 8434/8875 8584/8876 9046/8877 8435/8878
f 8435/8878 9046/8877 8585/8879 8436/8880
f 9046/8877 8100/8881 8101/8882 8585/8879
f 8584/8876 8099/8883 8100/8881 9046/8877
f 8437/8405 8586/8884 9047/8885 8438/8576
f 8438/8576 9047/8885 8587/8886 8439/8445
f 9047/8885 8103/8887 8104/8888 8587/8886
f 8586/8884 8102/8889 8103/8887 9047/8885
f 8439/8445 8587/8886 9048/8890 8440/8891
f 8440/8891 9048/8890 8567/8812 8414/8811
f 9048/8890 8105/8892 8071/8819 8567/8812
f 8587/8886 8104/8888 8105/8892 9048/8890
f 8441/8893 8588/8894 9049/8895 8442/8896
f 8442/8896 9049/8895 8589/8897 8443/8898
f 9049/8895 8107/8899 8108/8900 8589/8897
f 8588/8894 8106/8901 8107/8899 9049/8895
f 8444/8473 8590/8902 9050/8903 8445/8481
f 8445/8481 9050/8903 8591/8904 8446/8482
f 9050/8903 8110/8905 8111/8906 8591/8904
f 8590/8902 8109/8907 8110/8905 9050/8903
f 8333/8673 8592/8908 9051/8909 8447/8674
f 8447/8674 9051/8909 8593/8910 8350/8657
f 9051/8909 8113/8911 8114/8912 8593/8910
f 8592/8908 8112/8913 8113/8911 9051/8909
f 8350/8657 8593/8910 9052/8914 8448/8658
f 8448/8658 9052/8914 8594/8915 8325/8662
f 9052/8914 8115/8916 8116/8917 8594/8915
f 8593/8910 8114/8912 8115/8916 9052/8914
f 8325/8662 8594/8915 9053/8918 8449/8919
f 8449/8919 9053/8918 8595/8920 8410/8774
f 9053/8918 8117/8921 8118/8922 8595/8920
f 8594/8915 8116/8917 8117/8921 9053/8918
f 8410/8774 8595/8920 9054/8923 8450/8775
f 8450/8775 9054/8923 8596/8924 8393/8760
f 9054/8923 8119/8925 8120/8926 8596/8924
f 8595/8920 8118/8922 8119/8925 9054/8923
f 8451/8927 8597/8928 9055/8929 8452/8930
f 8452/8930 9055/8929 8598/8931 8453/8932
f 9055/8929 8122/8933 8123/8934 8598/8931
f 8597/8928 8121/8935 8122/8933 9055/8929
f 8329/8699 8583/8872 9056/8936 8454/8703
f 8454/8703 9056/8936 8570/8826 8348/8704
f 9056/8936 8124/8937 8076/8831 8570/8826
f 8583/8872 8098/8874 8124/8937 9056/8936
f 8406/8790 8599/8938 9057/8939 8455/8793
f 8455/8793 9057/8939 8600/8940 8408/8794
f 9057/8939 8126/8941 8127/8942 8600/8940
f 8599/8938 8125/8943 8126/8941 9057/8939
f 8408/8794 8600/8940 9058/8944 8456/8797
f 8456/8797 9058/8944 8601/8945 8389/8798
f 9058/8944 8128/8946 8129/8947 8601/8945
f 8600/8940 8127/8942 8128/8946 9058/8944
f 8457/8488 8602/8948 9059/8949 8458/8493
f 8458/8493 9059/8949 8603/8950 8459/8494
f 9059/8949 8131/8951 8132/8952 8603/8950
f 8602/8948 8130/8953 8131/8951 9059/8949
f 8459/8494 8603/8950 9060/8954 8460/8499
f 8460/8499 9060/8954 8581/8865 8430/8500
f 9060/8954 8133/8955 8094/8870 8581/8865
f 8603/8950 8132/8952 8133/8955 9060/8954
f 8461/8528 8604/8956 9061/8957 8462/8529
f 8462/8529 9061/8957 8605/8958 8463/8522
f 9061/8957 8135/8959 8136/8960 8605/8958
f 8604/8956 8134/8961 8135/8959 9061/8957
f 8464/8962 8606/8963 9062/8964 8465/8965
f 8465/8965 9062/8964 8607/8966 8466/8967
f 9062/8964 8138/8968 8139/8969 8607/8966
f 8606/8963 8137/8970 8138/8968 9062/8964
f 8467/8971 8608/8972 9063/8973 8468/8974
f 8468/8974 9063/8973 8584/8876 8434/8875
f 9063/8973 8141/8975 8099/8883 8584/8876
f 8608/8972 8140/8976 8141/8975 9063/8973
f 8469/8514 8609/8977 9064/8978 8470/8563
f 8470/8563 9064/8978 8610/8979 8471/8406
f 9064/8978 8143/8980 8144/8981 8610/8979
f 8609/8977 8142/8982 8143/8980 9064/8978
f 8471/8406 8610/8979 9065/8983 8472/8404
f 8472/8404 9065/8983 8586/8884 8437/8405
f 9065/8983 8145/8984 8102/8889 8586/8884
f 8610/8979 8144/8981 8145/8984 9065/8983
f 8473/8985 8611/8986 9066/8987 8474/8988
f 8474/8988 9066/8987 8612/8989 8475/8990
f 9066/8987 8147/8991 8148/8992 8612/8989
f 8611/8986 8146/8993 8147/8991 9066/8987
f 8476/8516 8613/8994 9067/8995 8477/8517
f 8477/8517 9067/8995 8614/8996 8478/8507
f 9067/8995 8150/8997 8151/8998 8614/8996
f 8613/8994 8149/8999 8150/8997 9067/8995
f 8478/8507 8614/8996 9068/9000 8479/8508
f 8479/8508 9068/9000 8615/9001 8480/8515
f 9068/9000 8152/9002 8153/9003 8615/9001
f 8614/8996 8151/8998 8152/9002 9068/9000
f 8481/9004 8616/9005 9069/9006 8482/9007
f 8482/9007 9069/9006 8617/9008 8483/9009
f 9069/9006 8155/9010 8156/9011 8617/9008
f 8616/9005 8154/9012 8155/9010 9069/9006
f 8484/8475 8618/9013 9070/9014 8485/8472
f 8485/8472 9070/9014 8590/8902 8444/8473
f 9070/9014 8158/9015 8109/8907 8590/8902
f 8618/9013 8157/9016 8158/9015 9070/9014
f 8486/9017 8619/9018 9071/9019 8487/9020
f 8487/9020 9071/9019 8574/8839 8422/8838
f 9071/9019 8160/9021 8082/8846 8574/8839
f 8619/9018 8159/9022 8160/9021 9071/9019
f 8418/8823 8569/8822 9072/9023 8488/9024
f 8488/9024 9072/9023 8620/9025 8489/9026
f 9072/9023 8161/9027 8162/9028 8620/9025
f 8569/8822 8075/8825 8161/9027 9072/9023
f 8489/9026 8620/9025 9073/9029 8490/9030
f 8490/9030 9073/9029 8588/8894 8441/8893
f 9073/9029 8163/9031 8106/8901 8588/8894
f 8620/9025 8162/9028 8163/9031 9073/9029
f 8491/9032 8621/9033 9074/9034 8492/9035
f 8492/9035 9074/9034 8622/9036 8493/9037
f 9074/9034 8165/9038 8166/9039 8622/9036
f 8621/9033 8164/9040 8165/9038 9074/9034
f 8493/9037 8622/9036 9075/9041 8494/9042
f 8494/9042 9075/9041 8619/9018 8486/9017
f 9075/9041 8167/9043 8159/9022 8619/9018
f 8622/9036 8166/9039 8167/9043 9075/9041
f 8290/8623 8623/9044 9076/9045 8495/8629
f 8495/8629 9076/9045 8624/9046 8293/8370
f 9076/9045 8169/9047 8170/9048 8624/9046
f 8623/9044 8168/9049 8169/9047 9076/9045
f 8293/8370 8624/9046 9077/9050 8496/8368
f 8496/8368 9077/9050 8564/8801 8298/8365
f 9077/9050 8171/9051 8066/8806 8564/8801
f 8624/9046 8170/9048 8171/9051 9077/9050
f 8497/9052 8625/9053 9078/9054 8498/9055
f 8498/9055 9078/9054 8626/9056 8499/9057
f 9078/9054 8173/9058 8174/9059 8626/9056
f 8625/9053 8172/9060 8173/9058 9078/9054
f 8344/8626 8580/8862 9079/9061 8500/8624
f 8500/8624 9079/9061 8627/9062 8501/8625
f 9079/9061 8175/9063 8176/9064 8627/9062
f 8580/8862 8093/8864 8175/9063 9079/9061
f 8501/8625 8627/9062 9080/9065 8502/8622
f 8502/8622 9080/9065 8623/9044 8290/8623
f 9080/9065 8177/9066 8168/9049 8623/9044
f 8627/9062 8176/9064 8177/9066 9080/9065
f 8503/8540 8628/9067 9081/9068 8504/8541
f 8504/8541 9081/9068 8629/9069 8505/8534
f 9081/9068 8179/9070 8180/9071 8629/9069
f 8628/9067 8178/9072 8179/9070 9081/9068
f 8359/8726 8579/8858 9082/9073 8506/8727
f 8506/8727 9082/9073 8630/9074 8356/8720
f 9082/9073 8181/9075 8182/9076 8630/9074
f 8579/8858 8091/8860 8181/9075 9082/9073
f 8356/8720 8630/9074 9083/9077 8507/8721
f 8507/8721 9083/9077 8631/9078 8353/8711
f 9083/9077 8183/9079 8184/9080 8631/9078
f 8630/9074 8182/9076 8183/9079 9083/9077
f 8508/8604 8632/9081 9084/9082 8509/9083
f 8509/9083 9084/9082 8633/9084 8510/9085
f 9084/9082 8186/9086 8187/9087 8633/9084
f 8632/9081 8185/9088 8186/9086 9084/9082
f 8510/9085 8633/9084 9085/9089 8511/9090
f 8511/9090 9085/9089 8597/8928 8451/8927
f 9085/9089 8188/9091 8121/8935 8597/8928
f 8633/9084 8187/9087 8188/9091 9085/9089
f 8284/8476 8573/8834 9086/9092 8512/8474
f 8512/8474 9086/9092 8618/9013 8484/8475
f 9086/9092 8189/9093 8157/9016 8618/9013
f 8573/8834 8081/8836 8189/9093 9086/9092
f 8436/8880 8585/8879 9087/9094 8513/9095
f 8513/9095 9087/9094 8634/9096 8514/9097
f 9087/9094 8190/9098 8191/9099 8634/9096
f 8585/8879 8101/8882 8190/9098 9087/9094
f 8446/8482 8591/8904 9088/9100 8515/8487
f 8515/8487 9088/9100 8602/8948 8457/8488
f 9088/9100 8192/9101 8130/8953 8602/8948
f 8591/8904 8111/8906 8192/9101 9088/9100
f 8480/8515 8615/9001 9089/9102 8516/8513
f 8516/8513 9089/9102 8609/8977 8469/8514
f 9089/9102 8193/9103 8142/8982 8609/8977
f 8615/9001 8153/9003 8193/9103 9089/9102
f 8499/9057 8626/9056 9090/9104 8517/9105
f 8517/9105 9090/9104 8635/9106 8518/9107
f 9090/9104 8194/9108 8195/9109 8635/9106
f 8626/9056 8174/9059 8194/9108 9090/9104
f 8341/8633 8566/8808 9091/9110 8519/8732
f 8519/8732 9091/9110 8636/9111 8346/8687
f 9091/9110 8196/9112 8197/9113 8636/9111
f 8566/8808 8070/8810 8196/9112 9091/9110
f 8346/8687 8636/9111 9092/9114 8520/8688
f 8520/8688 9092/9114 8592/8908 8333/8673
f 9092/9114 8198/9115 8112/8913 8592/8908
f 8636/9111 8197/9113 8198/9115 9092/9114
f 8393/8760 8596/8924 9093/9116 8521/8761
f 8521/8761 9093/9116 8576/8847 8397/8744
f 9093/9116 8199/9117 8085/8852 8576/8847
f 8596/8924 8120/8926 8199/9117 9093/9116
f 8518/9107 8635/9106 9094/9118 8522/9119
f 8522/9119 9094/9118 8637/9120 8523/9121
f 9094/9118 8200/9122 8201/9123 8637/9120
f 8635/9106 8195/9109 8200/9122 9094/9118
f 8523/9121 8637/9120 9095/9124 8524/9125
f 8524/9125 9095/9124 8638/9126 8525/9127
f 9095/9124 8202/9128 8203/9129 8638/9126
f 8637/9120 8201/9123 8202/9128 9095/9124
f 8525/9127 8638/9126 9096/9130 8526/9131
f 8526/9131 9096/9130 8611/8986 8473/8985
f 9096/9130 8204/9132 8146/8993 8611/8986
f 8638/9126 8203/9129 8204/9132 9096/9130
f 8514/9097 8634/9096 9097/9133 8527/9134
f 8527/9134 9097/9133 8639/9135 8528/9136
f 9097/9133 8205/9137 8206/9138 8639/9135
f 8634/9096 8191/9099 8205/9137 9097/9133
f 8528/9136 8639/9135 9098/9139 8529/9140
f 8529/9140 9098/9139 8625/9053 8497/9052
f 9098/9139 8207/9141 8172/9060 8625/9053
f 8639/9135 8206/9138 8207/9141 9098/9139
f 8353/8711 8631/9078 9099/9142 8530/8712
f 8530/8712 9099/9142 8640/9143 8531/8719
f 9099/9142 8208/9144 8209/9145 8640/9143
f 8631/9078 8184/9080 8208/9144 9099/9142
f 8531/8719 8640/9143 9100/9146 8532/8717
f 8532/8717 9100/9146 8641/9147 8404/8718
f 9100/9146 8210/9148 8211/9149 8641/9147
f 8640/9143 8209/9145 8210/9148 9100/9146
f 8404/8718 8641/9147 9101/9150 8533/8789
f 8533/8789 9101/9150 8599/8938 8406/8790
f 9101/9150 8212/9151 8125/8943 8599/8938
f 8641/9147 8211/9149 8212/9151 9101/9150
f 8475/8990 8612/8989 9102/9152 8534/9153
f 8534/9153 9102/9152 8642/9154 8535/9155
f 9102/9152 8213/9156 8214/9157 8642/9154
f 8612/8989 8148/8992 8213/9156 9102/9152
f 8535/9155 8642/9154 9103/9158 8536/9159
f 8536/9159 9103/9158 8628/9067 8503/8540
f 9103/9158 8215/9160 8178/9072 8628/9067
f 8642/9154 8214/9157 8215/9160 9103/9158
f 8463/8522 8605/8958 9104/9161 8537/8523
f 8537/8523 9104/9161 8613/8994 8476/8516
f 9104/9161 8216/9162 8149/8999 8613/8994
f 8605/8958 8136/8960 8216/9162 9104/9161
f 8443/8898 8589/8897 9105/9163 8891/9164
f 8538/9165 8891/9164 9105/9163 8539/9166
f 8540/9167 8539/9166 9105/9163 8643/9168
f 8218/9169 8643/9168 9105/9163 8217/9170
f 8108/8900 8217/9170 9105/9163 8589/8897
f 8389/8798 8601/8945 9106/9171 8541/8800
f 8541/8800 9106/9171 8644/9172 8385/8605
f 9106/9171 8219/9173 8220/9174 8644/9172
f 8601/8945 8129/8947 8219/9173 9106/9171
f 8542/9175 8645/9176 9107/9177 8543/9178
f 8543/9178 9107/9177 8646/9179 8544/9180
f 9107/9177 8222/9181 8223/9182 8646/9179
f 8645/9176 8221/9183 8222/9181 9107/9177
f 8544/9180 8646/9179 9108/9184 8545/9185
f 8545/9185 9108/9184 8621/9033 8491/9032
f 9108/9184 8224/9186 8164/9040 8621/9033
f 8646/9179 8223/9182 8224/9186 9108/9184
f 8546/9187 8647/9188 9109/9189 8547/9190
f 8547/9190 9109/9189 8648/9191 8548/9192
f 9109/9189 8226/9193 8227/9194 8648/9191
f 8647/9188 8225/9195 8226/9193 9109/9189
f 8548/9192 8648/9191 9110/9196 8549/9197
f 8549/9197 9110/9196 8645/9176 8542/9175
f 9110/9196 8228/9198 8221/9183 8645/9176
f 8648/9191 8227/9194 8228/9198 9110/9196
f 8453/8932 8598/8931 9111/9199 8550/9200
f 8550/9200 9111/9199 8649/9201 8551/9202
f 9111/9199 8229/9203 8230/9204 8649/9201
f 8598/8931 8123/8934 8229/9203 9111/9199
f 8551/9202 8649/9201 9112/9205 8552/9206
f 8552/9206 9112/9205 8650/9207 8553/9208
f 9112/9205 8231/9209 8232/9210 8650/9207
f 8649/9201 8230/9204 8231/9209 9112/9205
f 8385/8605 8644/9172 9113/9211 8554/8603
f 8554/8603 9113/9211 8632/9081 8508/8604
f 9113/9211 8233/9212 8185/9088 8632/9081
f 8644/9172 8220/9174 8233/9212 9113/9211
f 8553/9208 8650/9207 9114/9213 8555/9214
f 8555/9214 9114/9213 8651/9215 8556/9216
f 9114/9213 8234/9217 8235/9218 8651/9215
f 8650/9207 8232/9210 8234/9217 9114/9213
f 8556/9216 8651/9215 9115/9219 8557/9220
f 8557/9220 9115/9219 8608/8972 8467/8971
f 9115/9219 8236/9221 8140/8976 8608/8972
f 8651/9215 8235/9218 8236/9221 9115/9219
f 8505/8534 8629/9069 9116/9222 8558/8535
f 8558/8535 9116/9222 8604/8956 8461/8528
f 9116/9222 8237/9223 8134/8961 8604/8956
f 8629/9069 8180/9071 8237/9223 9116/9222
f 8424/8843 8575/8842 9117/9224 8559/9225
f 8559/9225 9117/9224 8652/9226 8289/9227
f 9117/9224 8238/9228 8239/9229 8652/9226
f 8575/8842 8084/8845 8238/9228 9117/9224
f 8289/9227 8652/9226 9118/9230 8560/9231
f 8560/9231 9118/9230 8572/8832 8420/8550
f 9118/9230 8240/9232 8079/8837 8572/8832
f 8652/9226 8239/9229 8240/9232 9118/9230
f 8540/9167 8643/9168 9119/9233 8561/9234
f 8561/9234 9119/9233 8616/9005 8481/9004
f 9119/9233 8241/9235 8154/9012 8616/9005
f 8643/9168 8218/9169 8241/9235 9119/9233
f 8483/9009 8617/9008 9120/9236 8562/9237
f 8562/9237 9120/9236 8606/8963 8464/8962
f 9120/9236 8242/9238 8137/8970 8606/8963
f 8617/9008 8156/9011 8242/9238 9120/9236
f 8466/8967 8607/8966 9121/9239 8563/9240
f 8563/9240 9121/9239 8647/9188 8546/9187
f 9121/9239 8243/9241 8225/9195 8647/9188
f 8607/8966 8139/8969 8243/9241 9121/9239
f 8467/8971 8468/8974 9122/9242 8664/9243
f 8664/9243 9122/9242 8687/9244 8663/9245
f 9122/9242 8682/9246 8683/9247 8687/9244
f 8468/8974 8434/8875 8682/9246 9122/9242
f 8325/8662 8653/9248 9123/9249 8326/8661
f 8326/8661 9123/9249 8821/9250 8307/8656
f 9123/9249 8803/8615 8804/8617 8821/9250
f 8653/9248 8379/8612 8803/8615 9123/9249
f 8379/8612 8653/9248 9124/9251 8378/8780
f 8378/8780 9124/9251 8409/8777 8376/8770
f 9124/9251 8449/8919 8410/8774 8409/8777
f 8653/9248 8325/8662 8449/8919 9124/9251
f 8553/9208 8668/9252 9125/9253 8660/9254
f 8660/9254 9125/9253 8754/8594 8659/8596
f 9125/9253 8269/9255 8266/8436 8754/8594
f 8668/9252 8268/9256 8269/9255 9125/9253
f 8268/9256 8668/9252 9126/9257 8695/9258
f 8695/9258 9126/9257 8672/9259 8673/9260
f 9126/9257 8555/9214 8556/9216 8672/9259
f 8668/9252 8553/9208 8555/9214 9126/9257
f 8661/9261 8692/9262 9127/9263 8662/9264
f 8662/9264 9127/9263 8474/8988 8475/8990
f 9127/9263 8677/9265 8473/8985 8474/8988
f 8692/9262 8678/9266 8677/9265 9127/9263
f 8678/9266 8689/9267 9128/9268 8677/9265
f 8677/9265 9128/9268 8526/9131 8473/8985
f 9128/9268 8666/9269 8525/9127 8526/9131
f 8689/9267 8665/9270 8666/9269 9128/9268
f 8414/8811 8415/8814 9129/9271 8656/9272
f 8656/9272 9129/9271 8938/9273 8655/9274
f 9129/9271 8893/9275 8892/9276 8938/9273
f 8415/8814 8416/8816 8893/9275 9129/9271
f 8434/8875 8435/8878 9130/9277 8682/9246
f 8682/9246 9130/9277 8696/9278 8683/9247
f 9130/9277 8667/9279 8497/9052 8696/9278
f 8435/8878 8436/8880 8667/9279 9130/9277
f 8436/8880 8513/9095 9131/9280 8667/9279
f 8667/9279 9131/9280 8529/9140 8497/9052
f 9131/9280 8527/9134 8528/9136 8529/9140
f 8513/9095 8514/9097 8527/9134 9131/9280
f 8663/9245 8687/9244 9132/9281 8681/9282
f 8681/9282 9132/9281 8688/9283 8680/9284
f 9132/9281 8684/9285 8685/9286 8688/9283
f 8687/9244 8683/9247 8684/9285 9132/9281
f 8680/9284 8688/9283 9133/9287 8679/9288
f 8679/9288 9133/9287 8689/9267 8678/9266
f 9133/9287 8686/9289 8665/9270 8689/9267
f 8688/9283 8685/9286 8686/9289 9133/9287
f 8556/9216 8557/9220 9134/9290 8672/9259
f 8672/9259 9134/9290 8690/9291 8673/9260
f 9134/9290 8664/9243 8663/9245 8690/9291
f 8557/9220 8467/8971 8664/9243 9134/9290
f 8673/9260 8690/9291 9135/9292 8674/9293
f 8674/9293 9135/9292 8691/9294 8675/9295
f 9135/9292 8681/9282 8680/9284 8691/9294
f 8690/9291 8663/9245 8681/9282 9135/9292
f 8675/9295 8691/9294 9136/9296 8676/9297
f 8676/9297 9136/9296 8692/9262 8661/9261
f 9136/9296 8679/9288 8678/9266 8692/9262
f 8691/9294 8680/9284 8679/9288 9136/9296
f 8535/9155 8658/9298 9137/9299 8534/9153
f 8534/9153 9137/9299 8662/9264 8475/8990
f 9137/9299 8693/9300 8661/9261 8662/9264
f 8658/9298 8657/9301 8693/9300 9137/9299
f 8657/9301 8671/9302 9138/9303 8693/9300
f 8693/9300 9138/9303 8676/9297 8661/9261
f 9138/9303 8694/9304 8675/9295 8676/9297
f 8671/9302 8670/9305 8694/9304 9138/9303
f 8670/9305 8669/9306 9139/9307 8694/9304
f 8694/9304 9139/9307 8674/9293 8675/9295
f 9139/9307 8695/9258 8673/9260 8674/9293
f 8669/9306 8268/9256 8695/9258 9139/9307
f 8246/8364 8288/9308 9140/9309 8797/8362
f 8797/8362 9140/9309 8726/8546 8727/8363
f 9140/9309 8560/9231 8420/8550 8726/8546
f 8288/9308 8289/9227 8560/9231 9140/9309
f 8497/9052 8498/9055 9141/9310 8696/9278
f 8696/9278 9141/9310 8684/9285 8683/9247
f 9141/9310 8697/9311 8685/9286 8684/9285
f 8498/9055 8499/9057 8697/9311 9141/9310
f 8499/9057 8517/9105 9142/9312 8697/9311
f 8697/9311 9142/9312 8686/9289 8685/9286
f 9142/9312 8698/9313 8665/9270 8686/9289
f 8517/9105 8518/9107 8698/9313 9142/9312
f 8518/9107 8522/9119 9143/9314 8698/9313
f 8698/9313 9143/9314 8666/9269 8665/9270
f 9143/9314 8524/9125 8525/9127 8666/9269
f 8522/9119 8523/9121 8524/9125 9143/9314
f 8268/9256 8669/9306 9144/9315 8269/9255
f 8269/9255 9144/9315 8796/8434 8266/8436
f 9144/9315 8701/9316 8700/8431 8796/8434
f 8669/9306 8670/9305 8701/9316 9144/9315
f 8670/9305 8671/9302 9145/9317 8701/9316
f 8701/9316 9145/9317 8760/8573 8700/8431
f 9145/9317 8704/9318 8705/8545 8760/8573
f 8671/9302 8657/9301 8704/9318 9145/9317
f 8657/9301 8658/9298 9146/9319 8704/9318
f 8704/9318 9146/9319 8772/8543 8705/8545
f 9146/9319 8536/9159 8503/8540 8772/8543
f 8658/9298 8535/9155 8536/9159 9146/9319
f 8285/8611 8812/9320 9147/9321 8818/8616
f 8818/8616 9147/9321 8805/9322 8804/8617
f 9147/9321 8819/9323 8806/9324 8805/9322
f 8812/9320 8811/9325 8819/9323 9147/9321
f 8811/9325 8810/9326 9148/9327 8819/9323
f 8819/9323 9148/9327 8807/9328 8806/9324
f 9148/9327 8820/9329 8281/9330 8807/9328
f 8810/9326 8809/9331 8820/9329 9148/9327
f 8809/9331 8808/9332 9149/9333 8820/9329
f 8820/9329 9149/9333 8282/9334 8281/9330
f 9149/9333 8766/8560 8279/8501 8282/9334
f 8808/9332 8737/8397 8766/8560 9149/9333
f 8804/8617 8805/9322 9150/9335 8821/9250
f 8821/9250 9150/9335 8324/8655 8307/8656
f 9150/9335 8822/9336 8304/8650 8324/8655
f 8805/9322 8806/9324 8822/9336 9150/9335
f 8806/9324 8807/9328 9151/9337 8822/9336
f 8822/9336 9151/9337 8323/8648 8304/8650
f 9151/9337 8823/9338 8301/8649 8323/8648
f 8807/9328 8281/9330 8823/9338 9151/9337
f 8281/9330 8282/9334 9152/9339 8823/9338
f 8823/9338 9152/9339 8654/8700 8301/8649
f 9152/9339 8778/8504 8432/8506 8654/8700
f 8282/9334 8279/8501 8778/8504 9152/9339
f 8508/8604 8509/9083 9153/9340 8824/8601
f 8824/8601 9153/9340 8815/9341 8814/8602
f 9153/9340 8825/9342 8816/9343 8815/9341
f 8509/9083 8510/9085 8825/9342 9153/9340
f 8510/9085 8511/9090 9154/9344 8825/9342
f 8825/9342 9154/9344 8817/9345 8816/9343
f 9154/9344 8826/9346 8255/9347 8817/9345
f 8511/9090 8451/8927 8826/9346 9154/9344
f 8451/8927 8888/9348 9155/9349 8826/9346
f 8826/9346 9155/9349 8256/9350 8255/9347
f 9155/9349 8855/8467 8253/8392 8256/9350
f 8888/9348 8856/8464 8855/8467 9155/9349
f 8814/8602 8815/9341 9156/9351 8827/8610
f 8827/8610 9156/9351 8812/9320 8285/8611
f 9156/9351 8828/9352 8811/9325 8812/9320
f 8815/9341 8816/9343 8828/9352 9156/9351
f 8816/9343 8817/9345 9157/9353 8828/9352
f 8828/9352 9157/9353 8810/9326 8811/9325
f 9157/9353 8829/9354 8809/9331 8810/9326
f 8817/9345 8255/9347 8829/9354 9157/9353
f 8255/9347 8256/9350 9158/9355 8829/9354
f 8829/9354 9158/9355 8808/9332 8809/9331
f 9158/9355 8802/8395 8737/8397 8808/9332
f 8256/9350 8253/8392 8802/8395 9158/9355
f 8789/8639 8860/8638 9159/9356 8859/9357
f 8859/9357 9159/9356 8861/9358 8858/9359
f 9159/9356 8854/9360 8853/9361 8861/9358
f 8860/8638 8787/8641 8854/9360 9159/9356
f 8858/9359 8861/9358 9160/9362 8857/9363
f 8857/9363 9160/9362 8862/8465 8856/8464
f 9160/9362 8852/9364 8851/8460 8862/8465
f 8861/9358 8853/9361 8852/9364 9160/9362
f 8724/8592 8723/8591 9161/9365 8788/8640
f 8788/8640 9161/9365 8863/9366 8787/8641
f 9161/9365 8786/9367 8785/9368 8863/9366
f 8723/8591 8722/8588 8786/9367 9161/9365
f 8787/8641 8863/9366 9162/9369 8854/9360
f 8854/9360 9162/9369 8864/9370 8853/9361
f 9162/9369 8849/9371 8848/9372 8864/9370
f 8863/9366 8785/9368 8849/9371 9162/9369
f 8853/9361 8864/9370 9163/9373 8852/9364
f 8852/9364 9163/9373 8865/8461 8851/8460
f 9163/9373 8847/9374 8846/8456 8865/8461
f 8864/9370 8848/9372 8847/9374 9163/9373
f 8722/8588 8721/8587 9164/9375 8786/9367
f 8786/9367 9164/9375 8866/9376 8785/9368
f 9164/9375 8784/9377 8783/9378 8866/9376
f 8721/8587 8720/8584 8784/9377 9164/9375
f 8785/9368 8866/9376 9165/9379 8849/9371
f 8849/9371 9165/9379 8867/9380 8848/9372
f 9165/9379 8844/9381 8843/9382 8867/9380
f 8866/9376 8783/9378 8844/9381 9165/9379
f 8848/9372 8867/9380 9166/9383 8847/9374
f 8847/9374 9166/9383 8868/8457 8846/8456
f 9166/9383 8842/9384 8841/8452 8868/8457
f 8867/9380 8843/9382 8842/9384 9166/9383
f 8720/8584 8719/8583 9167/9385 8784/9377
f 8784/9377 9167/9385 8869/9386 8783/9378
f 9167/9385 8782/9387 8781/9388 8869/9386
f 8719/8583 8718/8580 8782/9387 9167/9385
f 8783/9378 8869/9386 9168/9389 8844/9381
f 8844/9381 9168/9389 8870/9390 8843/9382
f 9168/9389 8839/9391 8838/9392 8870/9390
f 8869/9386 8781/9388 8839/9391 9168/9389
f 8843/9382 8870/9390 9169/9393 8842/9384
f 8842/9384 9169/9393 8871/8453 8841/8452
f 9169/9393 8837/9394 8836/8446 8871/8453
f 8870/9390 8838/9392 8837/9394 9169/9393
f 8718/8580 8717/8579 9170/9395 8782/9387
f 8782/9387 9170/9395 8872/9396 8781/9388
f 9170/9395 8780/8440 8779/8442 8872/9396
f 8717/8579 8716/8437 8780/8440 9170/9395
f 8781/9388 8872/9396 9171/9397 8839/9391
f 8839/9391 9171/9397 8873/9398 8838/9392
f 9171/9397 8834/9399 8833/9400 8873/9398
f 8872/9396 8779/8442 8834/9399 9171/9397
f 8838/9392 8873/9398 9172/9401 8837/9394
f 8837/9394 9172/9401 8874/8447 8836/8446
f 9172/9401 8832/9402 8831/8451 8874/8447
f 8873/9398 8833/9400 8832/9402 9172/9401
f 8443/8898 8891/9164 9173/9403 8918/9404
f 8918/9404 9173/9403 8924/9405 8919/9406
f 9173/9403 8903/9407 8902/9408 8924/9405
f 8891/9164 8538/9165 8903/9407 9173/9403
f 8439/8445 8440/8891 9174/9409 8876/8443
f 8876/8443 9174/9409 8887/9410 8875/8444
f 9174/9409 8656/9272 8655/9274 8887/9410
f 8440/8891 8414/8811 8656/9272 9174/9409
f 8424/8843 8559/9225 9175/9411 8877/9412
f 8877/9412 9175/9411 8830/8450 8831/8451
f 9175/9411 8288/9308 8246/8364 8830/8450
f 8559/9225 8289/9227 8288/9308 9175/9411
f 8875/8444 8880/9413 9176/9414 8885/8441
f 8885/8441 9176/9414 8834/9399 8779/8442
f 9176/9414 8884/9415 8833/9400 8834/9399
f 8880/9413 8879/9416 8884/9415 9176/9414
f 8879/9416 8878/9417 9177/9418 8884/9415
f 8884/9415 9177/9418 8832/9402 8833/9400
f 9177/9418 8877/9412 8831/8451 8832/9402
f 8878/9417 8424/8843 8877/9412 9177/9418
f 8655/9274 8883/9419 9178/9420 8887/9410
f 8887/9410 9178/9420 8880/9413 8875/8444
f 9178/9420 8886/9421 8879/9416 8880/9413
f 8883/9419 8882/9422 8886/9421 9178/9420
f 8882/9422 8881/9423 9179/9424 8886/9421
f 8886/9421 9179/9424 8878/9417 8879/9416
f 9179/9424 8423/8841 8424/8843 8878/9417
f 8881/9423 8422/8838 8423/8841 9179/9424
f 8856/8464 8888/9348 9180/9425 8857/9363
f 8857/9363 9180/9425 8889/9426 8858/9359
f 9180/9425 8452/8930 8453/8932 8889/9426
f 8888/9348 8451/8927 8452/8930 9180/9425
f 8453/8932 8550/9200 9181/9427 8889/9426
f 8889/9426 9181/9427 8859/9357 8858/9359
f 9181/9427 8890/9428 8789/8639 8859/9357
f 8550/9200 8551/9202 8890/9428 9181/9427
f 8551/9202 8552/9206 9182/9429 8890/9428
f 8890/9428 9182/9429 8790/8637 8789/8639
f 9182/9429 8660/9254 8659/8596 8790/8637
f 8552/9206 8553/9208 8660/9254 9182/9429
f 8907/9430 8933/9431 9183/9432 8906/9433
f 8906/9433 9183/9432 8494/9042 8486/9017
f 9183/9432 8895/9434 8493/9037 8494/9042
f 8933/9431 8894/9435 8895/9434 9183/9432
f 8894/9435 8931/9436 9184/9437 8895/9434
f 8895/9434 9184/9437 8492/9035 8493/9037
f 9184/9437 8912/9438 8491/9032 8492/9035
f 8931/9436 8913/9439 8912/9438 9184/9437
f 8913/9439 8929/9440 9185/9441 8912/9438
f 8912/9438 9185/9441 8545/9185 8491/9032
f 9185/9441 8899/9442 8544/9180 8545/9185
f 8929/9440 8898/9443 8899/9442 9185/9441
f 8898/9443 8927/9444 9186/9445 8899/9442
f 8899/9442 9186/9445 8543/9178 8544/9180
f 9186/9445 8901/9446 8542/9175 8543/9178
f 8927/9444 8900/9447 8901/9446 9186/9445
f 8900/9447 8925/9448 9187/9449 8901/9446
f 8901/9446 9187/9449 8549/9197 8542/9175
f 9187/9449 8921/9450 8548/9192 8549/9197
f 8925/9448 8922/9451 8921/9450 9187/9449
f 8538/9165 8539/9166 9188/9452 8903/9407
f 8902/9408 8903/9407 9188/9452 8939/9453
f 8904/9454 8939/9453 9188/9452 8905/9455
f 8481/9004 8905/9455 9188/9452 8561/9234
f 8540/9167 8561/9234 9188/9452 8539/9166
f 8481/9004 8482/9007 9189/9456 8905/9455
f 8905/9455 9189/9456 8941/9457 8904/9454
f 9189/9456 8562/9237 8464/8962 8941/9457
f 8482/9007 8483/9009 8562/9237 9189/9456
f 8919/9406 8924/9405 9190/9458 8920/9459
f 8920/9459 9190/9458 8925/9448 8900/9447
f 9190/9458 8923/9460 8922/9451 8925/9448
f 8924/9405 8902/9408 8923/9460 9190/9458
f 8441/8893 8442/8896 9191/9461 8915/9462
f 8915/9462 9191/9461 8926/9463 8916/9464
f 9191/9461 8918/9404 8919/9406 8926/9463
f 8442/8896 8443/8898 8918/9404 9191/9461
f 8916/9464 8926/9463 9192/9465 8917/9466
f 8917/9466 9192/9465 8927/9444 8898/9443
f 9192/9465 8920/9459 8900/9447 8927/9444
f 8926/9463 8919/9406 8920/9459 9192/9465
f 8489/9026 8490/9030 9193/9467 8897/9468
f 8897/9468 9193/9467 8928/9469 8896/9470
f 9193/9467 8915/9462 8916/9464 8928/9469
f 8490/9030 8441/8893 8915/9462 9193/9467
f 8896/9470 8928/9469 9194/9471 8914/9472
f 8914/9472 9194/9471 8929/9440 8913/9439
f 9194/9471 8917/9466 8898/9443 8929/9440
f 8928/9469 8916/9464 8917/9466 9194/9471
f 8418/8823 8488/9024 9195/9473 8909/9474
f 8909/9474 9195/9473 8930/9475 8910/9476
f 9195/9473 8897/9468 8896/9470 8930/9475
f 8488/9024 8489/9026 8897/9468 9195/9473
f 8910/9476 8930/9475 9196/9477 8911/9478
f 8911/9478 9196/9477 8931/9436 8894/9435
f 9196/9477 8914/9472 8913/9439 8931/9436
f 8930/9475 8896/9470 8914/9472 9196/9477
f 8416/8816 8417/8821 9197/9479 8893/9275
f 8893/9275 9197/9479 8932/9480 8892/9276
f 9197/9479 8909/9474 8910/9476 8932/9480
f 8417/8821 8418/8823 8909/9474 9197/9479
f 8892/9276 8932/9480 9198/9481 8908/9482
f 8908/9482 9198/9481 8933/9431 8907/9430
f 9198/9481 8911/9478 8894/9435 8933/9431
f 8932/9480 8910/9476 8911/9478 9198/9481
f 8892/9276 8908/9482 9199/9483 8938/9273
f 8938/9273 9199/9483 8883/9419 8655/9274
f 9199/9483 8937/9484 8882/9422 8883/9419
f 8908/9482 8907/9430 8937/9484 9199/9483
f 8907/9430 8906/9433 9200/9485 8937/9484
f 8937/9484 9200/9485 8881/9423 8882/9422
f 9200/9485 8487/9020 8422/8838 8881/9423
f 8906/9433 8486/9017 8487/9020 9200/9485
f 8904/9454 8936/9486 9201/9487 8939/9453
f 8939/9453 9201/9487 8923/9460 8902/9408
f 9201/9487 8940/9488 8922/9451 8923/9460
f 8936/9486 8935/9489 8940/9488 9201/9487
f 8935/9489 8934/9490 9202/9491 8940/9488
f 8940/9488 9202/9491 8921/9450 8922/9451
f 9202/9491 8547/9190 8548/9192 8921/9450
f 8934/9490 8546/9187 8547/9190 9202/9491
f 8464/8962 8465/8965 9203/9492 8941/9457
f 8941/9457 9203/9492 8936/9486 8904/9454
f 9203/9492 8942/9493 8935/9489 8936/9486
f 8465/8965 8466/8967 8942/9493 9203/9492
f 8466/8967 8563/9240 9204/9494 8942/9493
f 8935/9489 8942/9493 9204/9494 8934/9490
f 8546/9187 8934/9490 9204/9494 8563/9240
f 9206/9495 8184/9496 8183/9497 9205/9498
f 9208/9499 8128/9500 8127/9501 9207/9502
f 9210/9503 8227/9504 8226/9505 9209/9506
f 9212/9507 8186/9508 8185/9509 9211/9510
f 9213/9511 8129/9512 8128/9500 9208/9499
f 9214/9513 8228/9514 8227/9504 9210/9503
f 9216/9515 8067/9516 8066/9517 9215/9518
f 9217/9519 8187/9520 8186/9508 9212/9507
f 9219/9521 8131/9522 8130/9523 9218/9524
f 9220/9525 8221/9526 8228/9514 9214/9513
f 9221/9527 8068/9528 8067/9516 9216/9515
f 9222/9529 8188/9530 8187/9520 9217/9519
f 9223/9531 8132/9532 8131/9522 9219/9521
f 9225/9533 8229/9534 8123/9535 9224/9536
f 9226/9537 8069/9538 8068/9528 9221/9527
f 9227/9539 8121/9540 8188/9530 9222/9529
f 9228/9541 8133/9542 8132/9532 9223/9531
f 9229/9543 8230/9544 8229/9534 9225/9533
f 9230/9545 8070/9546 8069/9538 9226/9537
f 9232/9547 8189/9548 8081/9549 9231/9550
f 9233/9551 8094/9552 8133/9542 9228/9541
f 9234/9553 8231/9554 8230/9544 9229/9543
f 9236/9555 8072/9556 8071/9557 9235/9558
f 9237/9559 8157/9560 8189/9548 9232/9547
f 9239/9561 8135/9562 8134/9563 9238/9564
f 9240/9565 8232/9566 8231/9554 9234/9553
f 9241/9567 8073/9568 8072/9556 9236/9555
f 9243/9569 8190/9570 8101/9571 9242/9572
f 9244/9573 8136/9574 8135/9562 9239/9561
f 9246/9575 8233/9576 8220/9577 9245/9578
f 9247/9579 8074/9580 8073/9568 9241/9567
f 9248/9581 8191/9582 8190/9570 9243/9569
f 9250/9583 8138/9584 8137/9585 9249/9586
f 9211/9510 8185/9509 8233/9576 9246/9575
f 9251/9587 8075/9588 8074/9580 9247/9579
f 9253/9589 8192/9590 8111/9591 9252/9592
f 9254/9593 8139/9594 8138/9584 9250/9583
f 9255/9595 8234/9596 8232/9566 9240/9565
f 9257/9597 8077/9598 8076/9599 9256/9600
f 9218/9524 8130/9523 8192/9590 9253/9589
f 9259/9601 8141/9602 8140/9603 9258/9604
f 9260/9605 8235/9606 8234/9596 9255/9595
f 9261/9607 8078/9608 8077/9598 9257/9597
f 9263/9609 8193/9610 8153/9611 9262/9612
f 9264/9613 8099/9614 8141/9602 9259/9601
f 9265/9615 8236/9616 8235/9606 9260/9605
f 9267/9617 8080/9618 8079/9619 9266/9620
f 9268/9621 8142/9622 8193/9610 9263/9609
f 9269/9623 8143/9624 8142/9622 9268/9621
f 9258/9604 8140/9603 8236/9616 9265/9615
f 9231/9550 8081/9549 8080/9618 9267/9617
f 9271/9625 8194/9626 8174/9627 9270/9628
f 9272/9629 8144/9630 8143/9624 9269/9623
f 9274/9631 8237/9632 8180/9633 9273/9634
f 9276/9635 8083/9636 8082/9637 9275/9638
f 9277/9639 8195/9640 8194/9626 9271/9625
f 9278/9641 8145/9642 8144/9630 9272/9629
f 9238/9564 8134/9563 8237/9632 9274/9631
f 9279/9643 8084/9644 8083/9636 9276/9635
f 9280/9645 8196/9646 8070/9546 9230/9545
f 9281/9647 8102/9648 8145/9642 9278/9641
f 9282/9649 8238/9650 8084/9644 9279/9643
f 9284/9651 8086/9652 8085/9653 9283/9654
f 9285/9655 8197/9656 8196/9646 9280/9645
f 9287/9657 8147/9658 8146/9659 9286/9660
f 9288/9661 8239/9662 8238/9650 9282/9649
f 9289/9663 8087/9664 8086/9652 9284/9651
f 9290/9665 8198/9666 8197/9656 9285/9655
f 9291/9667 8148/9668 8147/9658 9287/9657
f 9292/9669 8240/9670 8239/9662 9288/9661
f 9293/9671 8088/9672 8087/9664 9289/9663
f 9294/9673 8112/9674 8198/9666 9290/9665
f 9296/9675 8150/9676 8149/9677 9295/9678
f 9266/9620 8079/9619 8240/9670 9292/9669
f 9297/9679 8089/9680 8088/9672 9293/9671
f 9299/9681 8199/9682 8120/9683 9298/9684
f 9300/9685 8151/9686 8150/9676 9296/9675
f 9302/9687 8241/9688 8218/9689 9301/9690
f 9303/9691 8090/9692 8089/9680 9297/9679
f 9283/9654 8085/9653 8199/9682 9299/9681
f 9304/9693 8152/9694 8151/9686 9300/9685
f 9305/9695 8154/9696 8241/9688 9302/9687
f 9306/9697 8091/9698 8090/9692 9303/9691
f 9307/9699 8200/9700 8195/9640 9277/9639
f 9262/9612 8153/9611 8152/9694 9304/9693
f 9309/9701 8242/9702 8156/9703 9308/9704
f 9310/9705 8092/9706 8078/9608 9261/9607
f 9311/9707 8201/9708 8200/9700 9307/9699
f 9312/9709 8155/9710 8154/9696 9305/9695
f 9249/9586 8137/9585 8242/9702 9309/9701
f 9313/9711 8093/9712 8092/9706 9310/9705
f 9314/9713 8202/9714 8201/9708 9311/9707
f 9308/9704 8156/9703 8155/9710 9312/9709
f 9315/9715 8243/9716 8139/9594 9254/9593
f 9316/9717 8095/9718 8094/9552 9233/9551
f 9317/9719 8203/9720 8202/9714 9314/9713
f 9318/9721 8158/9722 8157/9560 9237/9559
f 9319/9723 8225/9724 8243/9716 9315/9715
f 9320/9725 8096/9726 8095/9727 9316/9728
f 9321/9729 8204/9730 8203/9720 9317/9719
f 9322/9731 8109/9732 8158/9722 9318/9721
f 9323/9733 8097/9734 8096/9726 9320/9725
f 9286/9660 8146/9659 8204/9730 9321/9729
f 9325/9735 8160/9736 8159/9737 9324/9738
f 9326/9739 8098/9740 8097/9734 9323/9733
f 9327/9741 8205/9742 8191/9743 9248/9744
f 9275/9745 8082/9746 8160/9736 9325/9735
f 9328/9747 8100/9748 8099/9614 9264/9613
f 9329/9749 8206/9750 8205/9742 9327/9741
f 9330/9751 8161/9752 8075/9588 9251/9587
f 9242/9572 8101/9571 8100/9748 9328/9747
f 9331/9753 8207/9754 8206/9750 9329/9749
f 9332/9755 8162/9756 8161/9752 9330/9751
f 9333/9757 8103/9758 8102/9648 9281/9647
f 9334/9759 8172/9760 8207/9754 9331/9753
f 9335/9761 8163/9762 8162/9756 9332/9755
f 9336/9763 8104/9764 8103/9758 9333/9757
f 9337/9765 8208/9766 8184/9496 9206/9495
f 9338/9767 8106/9768 8163/9762 9335/9761
f 9339/9769 8105/9770 8104/9764 9336/9763
f 9340/9771 8209/9772 8208/9766 9337/9765
f 9342/9773 8165/9774 8164/9775 9341/9776
f 9235/9558 8071/9557 8105/9777 9339/9778
f 9343/9779 8210/9780 8209/9781 9340/9782
f 9344/9783 8166/9784 8165/9774 9342/9773
f 9345/9785 8107/9786 8106/9768 9338/9767
f 9346/9787 8211/9788 8210/9780 9343/9779
f 9347/9789 8167/9790 8166/9784 9344/9783
f 9348/9791 8108/9792 8107/9786 9345/9785
f 9349/9793 8212/9794 8211/9788 9346/9787
f 9324/9738 8159/9737 8167/9790 9347/9789
f 9350/9795 8110/9796 8109/9732 9322/9731
f 9351/9797 8125/9798 8212/9794 9349/9793
f 9353/9799 8169/9800 8168/9801 9352/9802
f 9252/9592 8111/9591 8110/9796 9350/9795
f 9354/9803 8213/9804 8148/9668 9291/9667
f 9355/9805 8170/9806 8169/9800 9353/9799
f 9356/9807 8113/9808 8112/9674 9294/9673
f 9357/9809 8214/9810 8213/9804 9354/9803
f 9358/9811 8171/9812 8170/9806 9355/9805
f 9359/9813 8114/9814 8113/9808 9356/9807
f 9360/9815 8215/9816 8214/9810 9357/9809
f 9215/9518 8066/9517 8171/9812 9358/9811
f 9361/9817 8115/9818 8114/9814 9359/9813
f 9362/9819 8178/9820 8215/9816 9360/9815
f 9363/9821 8173/9822 8172/9760 9334/9759
f 9364/9823 8116/9824 8115/9818 9361/9817
f 9365/9825 8216/9826 8136/9574 9244/9573
f 9270/9628 8174/9627 8173/9822 9363/9821
f 9366/9827 8117/9828 8116/9829 9364/9830
f 9295/9678 8149/9677 8216/9826 9365/9825
f 9367/9831 8175/9832 8093/9712 9313/9711
f 9368/9833 8118/9834 8117/9828 9366/9827
f 9369/9835 8217/9836 8108/9792 9348/9791
f 9370/9837 8176/9838 8175/9832 9367/9831
f 9371/9839 8119/9840 8118/9834 9368/9833
f 9301/9690 8218/9689 8217/9836 9369/9835
f 9372/9841 8177/9842 8176/9838 9370/9837
f 9298/9684 8120/9683 8119/9840 9371/9839
f 9373/9843 8219/9844 8129/9512 9213/9511
f 9352/9802 8168/9801 8177/9842 9372/9841
f 9374/9845 8122/9846 8121/9540 9227/9539
f 9245/9578 8220/9577 8219/9844 9373/9843
f 9375/9847 8179/9848 8178/9820 9362/9819
f 9224/9536 8123/9535 8122/9846 9374/9845
f 9376/9849 8222/9850 8221/9526 9220/9525
f 9273/9634 8180/9633 8179/9848 9375/9847
f 9377/9851 8124/9852 8098/9740 9326/9739
f 9378/9853 8223/9854 8222/9850 9376/9849
f 9379/9855 8181/9856 8091/9698 9306/9697
f 9256/9600 8076/9599 8124/9852 9377/9851
f 9380/9857 8224/9858 8223/9854 9378/9853
f 9381/9859 8182/9860 8181/9856 9379/9855
f 9382/9861 8126/9862 8125/9798 9351/9797
f 9341/9776 8164/9775 8224/9858 9380/9857
f 9205/9498 8183/9497 8182/9860 9381/9859
f 9207/9502 8127/9501 8126/9862 9382/9861
f 9209/9506 8226/9505 8225/9724 9319/9723
f 9533/9863 9209/9506 9319/9723 9470/9864
f 9532/9865 9207/9502 9382/9861 9530/9866
f 9531/9867 9205/9498 9381/9859 9529/9868
f 9559/9869 9341/9776 9380/9857 9528/9870
f 9530/9866 9382/9861 9351/9797 9500/9871
f 9529/9868 9381/9859 9379/9855 9527/9872
f 9528/9870 9380/9857 9378/9853 9526/9873
f 9545/9874 9256/9600 9377/9851 9525/9875
f 9527/9872 9379/9855 9306/9697 9458/9876
f 9526/9873 9378/9853 9376/9849 9524/9877
f 9525/9875 9377/9851 9326/9739 9476/9878
f 9550/9879 9273/9634 9375/9847 9523/9880
f 9524/9877 9376/9849 9220/9525 9392/9881
f 9537/9882 9224/9536 9374/9845 9522/9883
f 9523/9880 9375/9847 9362/9819 9510/9884
f 9542/9885 9245/9578 9373/9843 9521/9886
f 9522/9883 9374/9845 9227/9539 9398/9887
f 9560/9888 9352/9802 9372/9841 9520/9889
f 9521/9886 9373/9843 9213/9511 9387/9890
f 9555/9891 9298/9684 9371/9839 9519/9892
f 9520/9889 9372/9841 9370/9837 9518/9893
f 9556/9894 9301/9690 9369/9835 9517/9895
f 9519/9892 9371/9839 9368/9833 9516/9896
f 9518/9893 9370/9837 9367/9831 9515/9897
f 9517/9895 9369/9835 9348/9791 9497/9898
f 9516/9896 9368/9833 9366/9827 9514/9899
f 9515/9897 9367/9831 9313/9711 9464/9900
f 9554/9901 9295/9678 9365/9825 9513/9902
f 9514/9899 9366/9827 9364/9830 9512/9903
f 9549/9904 9270/9628 9363/9821 9511/9905
f 9513/9902 9365/9825 9244/9573 9411/9906
f 9512/9907 9364/9823 9361/9817 9509/9908
f 9511/9905 9363/9821 9334/9759 9484/9909
f 9510/9884 9362/9819 9360/9815 9508/9910
f 9509/9908 9361/9817 9359/9813 9507/9911
f 9535/9912 9215/9518 9358/9811 9506/9913
f 9508/9910 9360/9815 9357/9809 9505/9914
f 9507/9911 9359/9813 9356/9807 9504/9915
f 9506/9913 9358/9811 9355/9805 9503/9916
f 9505/9914 9357/9809 9354/9803 9502/9917
f 9504/9915 9356/9807 9294/9673 9449/9918
f 9503/9916 9355/9805 9353/9799 9501/9919
f 9502/9917 9354/9803 9291/9667 9446/9920
f 9544/9921 9252/9592 9350/9795 9499/9922
f 9501/9919 9353/9799 9352/9802 9560/9888
f 9500/9871 9351/9797 9349/9793 9498/9923
f 9499/9922 9350/9795 9322/9731 9473/9924
f 9558/9925 9324/9738 9347/9789 9496/9926
f 9498/9923 9349/9793 9346/9787 9495/9927
f 9497/9898 9348/9791 9345/9785 9494/9928
f 9496/9926 9347/9789 9344/9783 9493/9929
f 9495/9927 9346/9787 9343/9779 9492/9930
f 9494/9928 9345/9785 9338/9767 9488/9931
f 9493/9929 9344/9783 9342/9773 9491/9932
f 9492/9930 9343/9779 9340/9782 9490/9933
f 9539/9934 9235/9558 9339/9778 9489/9935
f 9491/9932 9342/9773 9341/9776 9559/9869
f 9490/9936 9340/9771 9337/9765 9487/9937
f 9489/9938 9339/9769 9336/9763 9486/9939
f 9488/9931 9338/9767 9335/9761 9485/9940
f 9487/9937 9337/9765 9206/9495 9383/9941
f 9486/9939 9336/9763 9333/9757 9483/9942
f 9485/9940 9335/9761 9332/9755 9482/9943
f 9484/9909 9334/9759 9331/9753 9481/9944
f 9483/9942 9333/9757 9281/9647 9438/9945
f 9482/9943 9332/9755 9330/9751 9480/9946
f 9481/9944 9331/9753 9329/9749 9479/9947
f 9541/9948 9242/9572 9328/9747 9478/9949
f 9480/9946 9330/9751 9251/9587 9416/9950
f 9479/9947 9329/9749 9327/9741 9477/9951
f 9478/9949 9328/9747 9264/9613 9425/9952
f 9551/9953 9275/9745 9325/9735 9475/9954
f 9477/9951 9327/9741 9248/9744 9414/9955
f 9476/9878 9326/9739 9323/9733 9474/9956
f 9475/9954 9325/9735 9324/9738 9558/9925
f 9553/9957 9286/9660 9321/9729 9472/9958
f 9474/9956 9323/9733 9320/9725 9471/9959
f 9473/9924 9322/9731 9318/9721 9469/9960
f 9472/9958 9321/9729 9317/9719 9468/9961
f 9471/9959 9320/9725 9316/9728 9467/9962
f 9470/9864 9319/9723 9315/9715 9466/9963
f 9469/9960 9318/9721 9237/9559 9406/9964
f 9468/9961 9317/9719 9314/9713 9465/9965
f 9467/9966 9316/9717 9233/9551 9403/9967
f 9466/9963 9315/9715 9254/9593 9418/9968
f 9557/9969 9308/9704 9312/9709 9463/9970
f 9465/9965 9314/9713 9311/9707 9462/9971
f 9464/9900 9313/9711 9310/9705 9461/9972
f 9543/9973 9249/9586 9309/9701 9460/9974
f 9463/9970 9312/9709 9305/9695 9457/9975
f 9462/9971 9311/9707 9307/9699 9459/9976
f 9461/9972 9310/9705 9261/9607 9423/9977
f 9460/9974 9309/9701 9308/9704 9557/9969
f 9547/9978 9262/9612 9304/9693 9456/9979
f 9459/9976 9307/9699 9277/9639 9434/9980
f 9458/9876 9306/9697 9303/9691 9455/9981
f 9457/9975 9305/9695 9302/9687 9454/9982
f 9456/9979 9304/9693 9300/9685 9453/9983
f 9552/9984 9283/9654 9299/9681 9452/9985
f 9455/9981 9303/9691 9297/9679 9451/9986
f 9454/9982 9302/9687 9301/9690 9556/9894
f 9453/9983 9300/9685 9296/9675 9450/9987
f 9452/9985 9299/9681 9298/9684 9555/9891
f 9451/9986 9297/9679 9293/9671 9448/9988
f 9548/9989 9266/9620 9292/9669 9447/9990
f 9450/9987 9296/9675 9295/9678 9554/9901
f 9449/9918 9294/9673 9290/9665 9445/9991
f 9448/9988 9293/9671 9289/9663 9444/9992
f 9447/9990 9292/9669 9288/9661 9443/9993
f 9446/9920 9291/9667 9287/9657 9442/9994
f 9445/9991 9290/9665 9285/9655 9441/9995
f 9444/9992 9289/9663 9284/9651 9440/9996
f 9443/9993 9288/9661 9282/9649 9439/9997
f 9442/9994 9287/9657 9286/9660 9553/9957
f 9441/9995 9285/9655 9280/9645 9437/9998
f 9440/9996 9284/9651 9283/9654 9552/9984
f 9439/9997 9282/9649 9279/9643 9436/9999
f 9438/9945 9281/9647 9278/9641 9435/10000
f 9437/9998 9280/9645 9230/9545 9401/10001
f 9436/9999 9279/9643 9276/9635 9433/10002
f 9540/10003 9238/9564 9274/9631 9432/10004
f 9435/10000 9278/9641 9272/9629 9431/10005
f 9434/9980 9277/9639 9271/9625 9430/10006
f 9433/10002 9276/9635 9275/9638 9551/10007
f 9432/10004 9274/9631 9273/9634 9550/9879
f 9431/10005 9272/9629 9269/9623 9429/10008
f 9430/10006 9271/9625 9270/9628 9549/9904
f 9538/10009 9231/9550 9267/9617 9427/10010
f 9546/10011 9258/9604 9265/9615 9426/10012
f 9429/10008 9269/9623 9268/9621 9428/10013
f 9428/10013 9268/9621 9263/9609 9424/10014
f 9427/10010 9267/9617 9266/9620 9548/9989
f 9426/10012 9265/9615 9260/9605 9422/10015
f 9425/9952 9264/9613 9259/9601 9421/10016
f 9424/10014 9263/9609 9262/9612 9547/9978
f 9423/9977 9261/9607 9257/9597 9420/10017
f 9422/10015 9260/9605 9255/9595 9419/10018
f 9421/10016 9259/9601 9258/9604 9546/10011
f 9536/10019 9218/9524 9253/9589 9417/10020
f 9420/10017 9257/9597 9256/9600 9545/9874
f 9419/10018 9255/9595 9240/9565 9408/10021
f 9418/9968 9254/9593 9250/9583 9415/10022
f 9417/10020 9253/9589 9252/9592 9544/9921
f 9416/9950 9251/9587 9247/9579 9413/10023
f 9534/10024 9211/9510 9246/9575 9412/10025
f 9415/10022 9250/9583 9249/9586 9543/9973
f 9414/10026 9248/9581 9243/9569 9410/10027
f 9413/10023 9247/9579 9241/9567 9409/10028
f 9412/10025 9246/9575 9245/9578 9542/9885
f 9411/9906 9244/9573 9239/9561 9407/10029
f 9410/10027 9243/9569 9242/9572 9541/9948
f 9409/10028 9241/9567 9236/9555 9405/10030
f 9408/10021 9240/9565 9234/9553 9404/10031
f 9407/10029 9239/9561 9238/9564 9540/10003
f 9406/9964 9237/9559 9232/9547 9402/10032
f 9405/10030 9236/9555 9235/9558 9539/9934
f 9404/10031 9234/9553 9229/9543 9400/10033
f 9403/9967 9233/9551 9228/9541 9399/10034
f 9402/10032 9232/9547 9231/9550 9538/10009
f 9401/10001 9230/9545 9226/9537 9397/10035
f 9400/10033 9229/9543 9225/9533 9396/10036
f 9399/10034 9228/9541 9223/9531 9395/10037
f 9398/9887 9227/9539 9222/9529 9394/10038
f 9397/10035 9226/9537 9221/9527 9393/10039
f 9396/10036 9225/9533 9224/9536 9537/9882
f 9395/10037 9223/9531 9219/9521 9391/10040
f 9394/10038 9222/9529 9217/9519 9390/10041
f 9393/10039 9221/9527 9216/9515 9389/10042
f 9392/9881 9220/9525 9214/9513 9388/10043
f 9391/10040 9219/9521 9218/9524 9536/10019
f 9390/10041 9217/9519 9212/9507 9386/10044
f 9389/10042 9216/9515 9215/9518 9535/9912
f 9388/10043 9214/9513 9210/9503 9385/10045
f 9387/9890 9213/9511 9208/9499 9384/10046
f 9386/10044 9212/9507 9211/9510 9534/10024
f 9385/10045 9210/9503 9209/9506 9533/9863
f 9384/10046 9208/9499 9207/9502 9532/9865
f 9383/9941 9206/9495 9205/9498 9531/9867
f 7083/10047 9383/9941 9531/9867 7285/10048
f 7260/10049 9384/10046 9532/9865 7052/10050
f 7100/10051 9385/10045 9533/9863 7311/10052
f 7286/10053 9386/10044 9534/10024 7084/10054
f 7053/10055 9387/9890 9384/10046 7260/10049
f 7312/10056 9388/10043 9385/10045 7100/10051
f 7235/10057 9389/10042 9535/9912 7016/10058
f 7085/10059 9390/10041 9386/10044 7286/10053
f 7261/10060 9391/10040 9536/10019 7054/10061
f 7097/10062 9392/9881 9388/10043 7312/10056
f 7017/10063 9393/10039 9389/10042 7235/10057
f 7287/10064 9394/10038 9390/10041 7085/10059
f 7055/10065 9395/10037 9391/10040 7261/10060
f 7313/10066 9396/10036 9537/9882 7050/10067
f 7236/10068 9397/10035 9393/10039 7017/10063
f 7049/10069 9398/9887 9394/10038 7287/10064
f 7262/10070 9399/10034 9395/10037 7055/10065
f 7101/10071 9400/10033 9396/10036 7313/10066
f 7018/10072 9401/10001 9397/10035 7236/10068
f 7288/10073 9402/10032 9538/10009 7025/10074
f 7033/10075 9403/9967 9399/10034 7262/10070
f 7314/10076 9404/10031 9400/10033 7101/10071
f 7237/10077 9405/10030 9539/9934 7019/10078
f 7070/10079 9406/9964 9402/10032 7288/10073
f 7263/10080 9407/10029 9540/10003 7056/10081
f 7102/10082 9408/10021 9404/10031 7314/10076
f 7020/10083 9409/10028 9405/10030 7237/10077
f 7289/10084 9410/10027 9541/9948 7037/10085
f 7057/10086 9411/9906 9407/10029 7263/10080
f 7315/10087 9412/10025 9542/9885 7096/10088
f 7238/10089 9413/10023 9409/10028 7020/10083
f 7086/10090 9414/10026 9410/10027 7289/10084
f 7264/10091 9415/10022 9543/9973 7058/10092
f 7084/10054 9534/10024 9412/10025 7315/10087
f 7021/10093 9416/9950 9413/10023 7238/10089
f 7290/10094 9417/10020 9544/9921 7043/10095
f 7059/10096 9418/9968 9415/10022 7264/10091
f 7316/10097 9419/10018 9408/10021 7102/10082
f 7239/10098 9420/10017 9545/9874 7022/10099
f 7054/10061 9536/10019 9417/10020 7290/10094
f 7265/10100 9421/10016 9546/10011 7060/10101
f 7103/10102 9422/10015 9419/10018 7316/10097
f 7023/10103 9423/9977 9420/10017 7239/10098
f 7291/10104 9424/10014 9547/9978 7067/10105
f 7036/10106 9425/9952 9421/10016 7265/10100
f 7317/10107 9426/10012 9422/10015 7103/10102
f 7240/10108 9427/10010 9548/9989 7024/10109
f 7061/10110 9428/10013 9424/10014 7291/10104
f 7266/10111 9429/10008 9428/10013 7061/10110
f 7060/10101 9546/10011 9426/10012 7317/10107
f 7025/10074 9538/10009 9427/10010 7240/10108
f 7292/10112 9430/10006 9549/9904 7078/10113
f 7062/10114 9431/10005 9429/10008 7266/10111
f 7318/10115 9432/10004 9550/9879 7081/10116
f 7241/10117 9433/10002 9551/10007 7026/10118
f 7087/10119 9434/9980 9430/10006 7292/10112
f 7267/10120 9435/10000 9431/10005 7062/10114
f 7056/10081 9540/10003 9432/10004 7318/10115
f 7027/10121 9436/9999 9433/10002 7241/10117
f 7293/10122 9437/9998 9401/10001 7018/10072
f 7038/10123 9438/9945 9435/10000 7267/10120
f 7319/10124 9439/9997 9436/9999 7027/10121
f 7242/10125 9440/9996 9552/9984 7028/10126
f 7088/10127 9441/9995 9437/9998 7293/10122
f 7268/10128 9442/9994 9553/9957 7063/10129
f 7104/10130 9443/9993 9439/9997 7319/10124
f 7029/10131 9444/9992 9440/9996 7242/10125
f 7294/10132 9445/9991 9441/9995 7088/10127
f 7064/10133 9446/9920 9442/9994 7268/10128
f 7320/10134 9447/9990 9443/9993 7104/10130
f 7243/10135 9448/9988 9444/9992 7029/10131
f 7044/10136 9449/9918 9445/9991 7294/10132
f 7269/10137 9450/9987 9554/9901 7065/10138
f 7024/10109 9548/9989 9447/9990 7320/10134
f 7030/10139 9451/9986 9448/9988 7243/10135
f 7295/10140 9452/9985 9555/9891 7048/10141
f 7066/10142 9453/9983 9450/9987 7269/10137
f 7321/10143 9454/9982 9556/9894 7095/10144
f 7244/10145 9455/9981 9451/9986 7030/10139
f 7028/10126 9552/9984 9452/9985 7295/10140
f 7270/10146 9456/9979 9453/9983 7066/10142
f 7068/10147 9457/9975 9454/9982 7321/10143
f 7031/10148 9458/9876 9455/9981 7244/10145
f 7296/10149 9459/9976 9434/9980 7087/10119
f 7067/10105 9547/9978 9456/9979 7270/10146
f 7322/10150 9460/9974 9557/9969 7069/10151
f 7245/10152 9461/9972 9423/9977 7023/10103
f 7089/10153 9462/9971 9459/9976 7296/10149
f 7271/10154 9463/9970 9457/9975 7068/10147
f 7058/10092 9543/9973 9460/9974 7322/10150
f 7032/10155 9464/9900 9461/9972 7245/10152
f 7297/10156 9465/9965 9462/9971 7089/10153
f 7069/10151 9557/9969 9463/9970 7271/10154
f 7323/10157 9466/9963 9418/9968 7059/10096
f 7246/10158 9467/9966 9403/9967 7033/10075
f 7090/10159 9468/9961 9465/9965 7297/10156
f 7272/10160 9469/9960 9406/9964 7070/10079
f 7099/10161 9470/9864 9466/9963 7323/10157
f 7034/10162 9471/9959 9467/9962 7246/10163
f 7298/10164 9472/9958 9468/9961 7090/10159
f 7042/10165 9473/9924 9469/9960 7272/10160
f 7247/10166 9474/9956 9471/9959 7034/10162
f 7063/10129 9553/9957 9472/9958 7298/10164
f 7273/10167 9475/9954 9558/9925 7071/10168
f 7035/10169 9476/9878 9474/9956 7247/10166
f 7299/10170 9477/9951 9414/9955 7086/10171
f 7026/10172 9551/9953 9475/9954 7273/10167
f 7248/10173 9478/9949 9425/9952 7036/10106
f 7091/10174 9479/9947 9477/9951 7299/10170
f 7274/10175 9480/9946 9416/9950 7021/10093
f 7037/10085 9541/9948 9478/9949 7248/10173
f 7300/10176 9481/9944 9479/9947 7091/10174
f 7072/10177 9482/9943 9480/9946 7274/10175
f 7249/10178 9483/9942 9438/9945 7038/10123
f 7077/10179 9484/9909 9481/9944 7300/10176
f 7275/10180 9485/9940 9482/9943 7072/10177
f 7039/10181 9486/9939 9483/9942 7249/10178
f 7301/10182 9487/9937 9383/9941 7083/10047
f 7040/10183 9488/9931 9485/9940 7275/10180
f 7250/10184 9489/9938 9486/9939 7039/10181
f 7092/10185 9490/9936 9487/9937 7301/10182
f 7276/10186 9491/9932 9559/9869 7073/10187
f 7019/10078 9539/9934 9489/9935 7250/10188
f 7302/10189 9492/9930 9490/9933 7092/10190
f 7074/10191 9493/9929 9491/9932 7276/10186
f 7251/10192 9494/9928 9488/9931 7040/10183
f 7093/10193 9495/9927 9492/9930 7302/10189
f 7277/10194 9496/9926 9493/9929 7074/10191
f 7041/10195 9497/9898 9494/9928 7251/10192
f 7303/10196 9498/9923 9495/9927 7093/10193
f 7071/10168 9558/9925 9496/9926 7277/10194
f 7252/10197 9499/9922 9473/9924 7042/10165
f 7051/10198 9500/9871 9498/9923 7303/10196
f 7278/10199 9501/9919 9560/9888 7075/10200
f 7043/10095 9544/9921 9499/9922 7252/10197
f 7304/10201 9502/9917 9446/9920 7064/10133
f 7076/10202 9503/9916 9501/9919 7278/10199
f 7253/10203 9504/9915 9449/9918 7044/10136
f 7094/10204 9505/9914 9502/9917 7304/10201
f 7279/10205 9506/9913 9503/9916 7076/10202
f 7045/10206 9507/9911 9504/9915 7253/10203
f 7305/10207 9508/9910 9505/9914 7094/10204
f 7016/10058 9535/9912 9506/9913 7279/10205
f 7254/10208 9509/9908 9507/9911 7045/10206
f 7080/10209 9510/9884 9508/9910 7305/10207
f 7280/10210 9511/9905 9484/9909 7077/10179
f 7046/10211 9512/9907 9509/9908 7254/10208
f 7306/10212 9513/9902 9411/9906 7057/10086
f 7078/10113 9549/9904 9511/9905 7280/10210
f 7255/10213 9514/9899 9512/9903 7046/10214
f 7065/10138 9554/9901 9513/9902 7306/10212
f 7281/10215 9515/9897 9464/9900 7032/10155
f 7047/10216 9516/9896 9514/9899 7255/10213
f 7307/10217 9517/9895 9497/9898 7041/10195
f 7079/10218 9518/9893 9515/9897 7281/10215
f 7256/10219 9519/9892 9516/9896 7047/10216
f 7095/10144 9556/9894 9517/9895 7307/10217
f 7282/10220 9520/9889 9518/9893 7079/10218
f 7048/10141 9555/9891 9519/9892 7256/10219
f 7308/10221 9521/9886 9387/9890 7053/10055
f 7075/10200 9560/9888 9520/9889 7282/10220
f 7257/10222 9522/9883 9398/9887 7049/10069
f 7096/10088 9542/9885 9521/9886 7308/10221
f 7283/10223 9523/9880 9510/9884 7080/10209
f 7050/10067 9537/9882 9522/9883 7257/10222
f 7309/10224 9524/9877 9392/9881 7097/10062
f 7081/10116 9550/9879 9523/9880 7283/10223
f 7258/10225 9525/9875 9476/9878 7035/10169
f 7098/10226 9526/9873 9524/9877 7309/10224
f 7284/10227 9527/9872 9458/9876 7031/10148
f 7022/10099 9545/9874 9525/9875 7258/10225
f 7310/10228 9528/9870 9526/9873 7098/10226
f 7082/10229 9529/9868 9527/9872 7284/10227
f 7259/10230 9530/9866 9500/9871 7051/10198
f 7073/10187 9559/9869 9528/9870 7310/10228
f 7285/10048 9531/9867 9529/9868 7082/10229
f 7052/10050 9532/9865 9530/9866 7259/10230
f 7311/10052 9533/9863 9470/9864 7099/10161
f 9601/10231 9607/10232 9561/10233 9606/10234
f 9600/10235 9567/10236 9570/10237 9596/10238
f 9596/10238 9570/10237 9573/10239 9595/10240
f 9595/10240 9573/10239 9578/10241 9590/10242
f 9590/10242 9578/10241 9583/10243 9586/10244
f 9586/10244 9583/10243 9587/10245 9582/10246
f 9582/10246 9587/10245 9592/10247 9581/10248
f 9581/10248 9592/10247 9597/10249 9577/10250
f 9577/10250 9597/10249 9602/10251 9576/10252
f 9576/10252 9602/10251 9607/10232 9601/10231
f 9605/10253 9564/10254 9567/10236 9600/10235
f 9606/10255 9561/10256 9564/10254 9605/10253
f 9564/10254 9561/10256 9563/10257 9566/10258
f 9566/10259 9563/10260 9562/10261 9565/10262
f 9567/10236 9564/10254 9566/10258 9569/10263
f 9569/10264 9566/10259 9565/10262 9568/10265
f 9570/10237 9567/10236 9569/10263 9572/10266
f 9572/10267 9569/10264 9568/10265 9571/10268
f 9573/10239 9570/10237 9572/10266 9575/10269
f 9575/10270 9572/10267 9571/10268 9574/10271
f 9617/10272 9616/10273 9615/10274 9624/10275
f 9578/10241 9573/10239 9575/10269 9580/10276
f 9580/10277 9575/10270 9574/10271 9579/10278
f 9618/10279 9617/10272 9624/10275 9622/10280
f 9583/10243 9578/10241 9580/10276 9585/10281
f 9585/10282 9580/10277 9579/10278 9584/10283
f 9610/10284 9618/10279 9622/10280 9619/10285
f 9587/10245 9583/10243 9585/10281 9589/10286
f 9589/10287 9585/10282 9584/10283 9588/10288
f 9624/10275 9615/10274 9614/10289 9623/10290
f 9592/10247 9587/10245 9589/10286 9594/10291
f 9594/10292 9589/10287 9588/10288 9593/10293
f 9622/10280 9624/10275 9623/10290 9591/10294
f 9597/10249 9592/10247 9594/10291 9599/10295
f 9599/10296 9594/10292 9593/10293 9598/10297
f 9619/10285 9622/10280 9591/10294 9620/10298
f 9602/10251 9597/10249 9599/10295 9604/10299
f 9604/10300 9599/10296 9598/10297 9603/10301
f 9623/10290 9614/10289 9613/10302 9611/10303
f 9607/10232 9602/10251 9604/10299 9609/10304
f 9609/10305 9604/10300 9603/10301 9608/10306
f 9591/10294 9623/10290 9611/10303 9612/10307
f 9561/10233 9607/10232 9609/10304 9563/10308
f 9563/10260 9609/10305 9608/10306 9562/10261
f 9620/10298 9591/10294 9612/10307 9621/10309
f 9562/10261 9608/10306 9621/10309 9612/10307
f 9608/10306 9603/10301 9620/10298 9621/10309
f 9603/10301 9598/10297 9619/10285 9620/10298
f 9598/10297 9593/10293 9610/10284 9619/10285
f 9593/10293 9588/10288 9618/10279 9610/10284
f 9588/10288 9584/10283 9617/10272 9618/10279
f 9584/10283 9579/10278 9616/10273 9617/10272
f 9579/10278 9574/10271 9615/10274 9616/10273
f 9574/10271 9571/10268 9614/10289 9615/10274
f 9571/10268 9568/10265 9613/10302 9614/10289
f 9568/10265 9565/10262 9611/10303 9613/10302
f 9565/10262 9562/10261 9612/10307 9611/10303
f 9601/10231 9606/10234 9625/10310 9659/10311
f 9600/10235 9596/10238 9634/10312 9631/10313
f 9596/10238 9595/10240 9637/10314 9634/10312
f 9595/10240 9590/10242 9640/10315 9637/10314
f 9590/10242 9586/10244 9643/10316 9640/10315
f 9586/10244 9582/10246 9646/10317 9643/10316
f 9582/10246 9581/10248 9650/10318 9646/10317
f 9581/10248 9577/10250 9653/10319 9650/10318
f 9577/10250 9576/10252 9656/10320 9653/10319
f 9576/10252 9601/10231 9659/10311 9656/10320
f 9605/10253 9600/10235 9631/10313 9628/10321
f 9606/10255 9605/10253 9628/10321 9625/10322
f 9628/10321 9630/10323 9627/10324 9625/10322
f 9630/10325 9629/10326 9626/10327 9627/10328
f 9631/10313 9633/10329 9630/10323 9628/10321
f 9633/10330 9632/10331 9629/10326 9630/10325
f 9634/10312 9636/10332 9633/10329 9631/10313
f 9636/10333 9635/10334 9632/10331 9633/10330
f 9637/10314 9639/10335 9636/10332 9634/10312
f 9639/10336 9638/10337 9635/10334 9636/10333
f 9669/10338 9676/10339 9667/10340 9668/10341
f 9640/10315 9642/10342 9639/10335 9637/10314
f 9642/10343 9641/10344 9638/10337 9639/10336
f 9670/10345 9674/10346 9676/10339 9669/10338
f 9643/10316 9645/10347 9642/10342 9640/10315
f 9645/10348 9644/10349 9641/10344 9642/10343
f 9662/10350 9671/10351 9674/10346 9670/10345
f 9646/10317 9648/10352 9645/10347 9643/10316
f 9648/10353 9647/10354 9644/10349 9645/10348
f 9676/10339 9675/10355 9666/10356 9667/10340
f 9650/10318 9652/10357 9648/10352 9646/10317
f 9652/10358 9651/10359 9647/10354 9648/10353
f 9674/10346 9649/10360 9675/10355 9676/10339
f 9653/10319 9655/10361 9652/10357 9650/10318
f 9655/10362 9654/10363 9651/10359 9652/10358
f 9671/10351 9672/10364 9649/10360 9674/10346
f 9656/10320 9658/10365 9655/10361 9653/10319
f 9658/10366 9657/10367 9654/10363 9655/10362
f 9675/10355 9663/10368 9665/10369 9666/10356
f 9659/10311 9661/10370 9658/10365 9656/10320
f 9661/10371 9660/10372 9657/10367 9658/10366
f 9649/10360 9664/10373 9663/10368 9675/10355
f 9625/10310 9627/10374 9661/10370 9659/10311
f 9627/10328 9626/10327 9660/10372 9661/10371
f 9672/10364 9673/10375 9664/10373 9649/10360
f 9626/10327 9664/10373 9673/10375 9660/10372
f 9660/10372 9673/10375 9672/10364 9657/10367
f 9657/10367 9672/10364 9671/10351 9654/10363
f 9654/10363 9671/10351 9662/10350 9651/10359
f 9651/10359 9662/10350 9670/10345 9647/10354
f 9647/10354 9670/10345 9669/10338 9644/10349
f 9644/10349 9669/10338 9668/10341 9641/10344
f 9641/10344 9668/10341 9667/10340 9638/10337
f 9638/10337 9667/10340 9666/10356 9635/10334
f 9635/10334 9666/10356 9665/10369 9632/10331
f 9632/10331 9665/10369 9663/10368 9629/10326
f 9629/10326 9663/10368 9664/10373 9626/10327
f 9717/10376 9723/10377 9677/10378 9722/10379
f 9716/10380 9683/10381 9686/10382 9712/10383
f 9712/10383 9686/10382 9689/10384 9711/10385
f 9711/10385 9689/10384 9694/10386 9706/10387
f 9706/10387 9694/10386 9699/10388 9702/10389
f 9702/10389 9699/10388 9703/10390 9698/10391
f 9698/10391 9703/10390 9708/10392 9697/10393
f 9697/10393 9708/10392 9713/10394 9693/10395
f 9693/10395 9713/10394 9718/10396 9692/10397
f 9692/10397 9718/10396 9723/10377 9717/10376
f 9721/10398 9680/10399 9683/10381 9716/10380
f 9722/10400 9677/10401 9680/10399 9721/10398
f 9680/10399 9677/10401 9679/10402 9682/10403
f 9682/10404 9679/10405 9678/10406 9681/10407
f 9683/10381 9680/10399 9682/10403 9685/10408
f 9685/10409 9682/10404 9681/10407 9684/10410
f 9686/10382 9683/10381 9685/10408 9688/10411
f 9688/10412 9685/10409 9684/10410 9687/10413
f 9689/10384 9686/10382 9688/10411 9691/10414
f 9691/10415 9688/10412 9687/10413 9690/10416
f 9733/10417 9732/10418 9731/10419 9740/10420
f 9694/10386 9689/10384 9691/10414 9696/10421
f 9696/10422 9691/10415 9690/10416 9695/10423
f 9734/10424 9733/10417 9740/10420 9738/10425
f 9699/10388 9694/10386 9696/10421 9701/10426
f 9701/10427 9696/10422 9695/10423 9700/10428
f 9726/10429 9734/10424 9738/10425 9735/10430
f 9703/10390 9699/10388 9701/10426 9705/10431
f 9705/10432 9701/10427 9700/10428 9704/10433
f 9740/10420 9731/10419 9730/10434 9739/10435
f 9708/10392 9703/10390 9705/10431 9710/10436
f 9710/10437 9705/10432 9704/10433 9709/10438
f 9738/10425 9740/10420 9739/10435 9707/10439
f 9713/10394 9708/10392 9710/10436 9715/10440
f 9715/10441 9710/10437 9709/10438 9714/10442
f 9735/10430 9738/10425 9707/10439 9736/10443
f 9718/10396 9713/10394 9715/10440 9720/10444
f 9720/10445 9715/10441 9714/10442 9719/10446
f 9739/10435 9730/10434 9729/10447 9727/10448
f 9723/10377 9718/10396 9720/10444 9725/10449
f 9725/10450 9720/10445 9719/10446 9724/10451
f 9707/10439 9739/10435 9727/10448 9728/10452
f 9677/10378 9723/10377 9725/10449 9679/10453
f 9679/10405 9725/10450 9724/10451 9678/10406
f 9736/10443 9707/10439 9728/10452 9737/10454
f 9678/10406 9724/10451 9737/10454 9728/10452
f 9724/10451 9719/10446 9736/10443 9737/10454
f 9719/10446 9714/10442 9735/10430 9736/10443
f 9714/10442 9709/10438 9726/10429 9735/10430
f 9709/10438 9704/10433 9734/10424 9726/10429
f 9704/10433 9700/10428 9733/10417 9734/10424
f 9700/10428 9695/10423 9732/10418 9733/10417
f 9695/10423 9690/10416 9731/10419 9732/10418
f 9690/10416 9687/10413 9730/10434 9731/10419
f 9687/10413 9684/10410 9729/10447 9730/10434
f 9684/10410 9681/10407 9727/10448 9729/10447
f 9681/10407 9678/10406 9728/10452 9727/10448
f 9717/10376 9722/10379 9741/10455 9775/10456
f 9716/10380 9712/10383 9750/10457 9747/10458
f 9712/10383 9711/10385 9753/10459 9750/10457
f 9711/10385 9706/10387 9756/10460 9753/10459
f 9706/10387 9702/10389 9759/10461 9756/10460
f 9702/10389 9698/10391 9762/10462 9759/10461
f 9698/10391 9697/10393 9766/10463 9762/10462
f 9697/10393 9693/10395 9769/10464 9766/10463
f 9693/10395 9692/10397 9772/10465 9769/10464
f 9692/10397 9717/10376 9775/10456 9772/10465
f 9721/10398 9716/10380 9747/10458 9744/10466
f 9722/10400 9721/10398 9744/10466 9741/10467
f 9744/10466 9746/10468 9743/10469 9741/10467
f 9746/10470 9745/10471 9742/10472 9743/10473
f 9747/10458 9749/10474 9746/10468 9744/10466
f 9749/10475 9748/10476 9745/10471 9746/10470
f 9750/10457 9752/10477 9749/10474 9747/10458
f 9752/10478 9751/10479 9748/10476 9749/10475
f 9753/10459 9755/10480 9752/10477 9750/10457
f 9755/10481 9754/10482 9751/10479 9752/10478
f 9785/10483 9792/10484 9783/10485 9784/10486
f 9756/10460 9758/10487 9755/10480 9753/10459
f 9758/10488 9757/10489 9754/10482 9755/10481
f 9786/10490 9790/10491 9792/10484 9785/10483
f 9759/10461 9761/10492 9758/10487 9756/10460
f 9761/10493 9760/10494 9757/10489 9758/10488
f 9778/10495 9787/10496 9790/10491 9786/10490
f 9762/10462 9764/10497 9761/10492 9759/10461
f 9764/10498 9763/10499 9760/10494 9761/10493
f 9792/10484 9791/10500 9782/10501 9783/10485
f 9766/10463 9768/10502 9764/10497 9762/10462
f 9768/10503 9767/10504 9763/10499 9764/10498
f 9790/10491 9765/10505 9791/10500 9792/10484
f 9769/10464 9771/10506 9768/10502 9766/10463
f 9771/10507 9770/10508 9767/10504 9768/10503
f 9787/10496 9788/10509 9765/10505 9790/10491
f 9772/10465 9774/10510 9771/10506 9769/10464
f 9774/10511 9773/10512 9770/10508 9771/10507
f 9791/10500 9779/10513 9781/10514 9782/10501
f 9775/10456 9777/10515 9774/10510 9772/10465
f 9777/10516 9776/10517 9773/10512 9774/10511
f 9765/10505 9780/10518 9779/10513 9791/10500
f 9741/10455 9743/10519 9777/10515 9775/10456
f 9743/10473 9742/10472 9776/10517 9777/10516
f 9788/10509 9789/10520 9780/10518 9765/10505
f 9742/10472 9780/10518 9789/10520 9776/10517
f 9776/10517 9789/10520 9788/10509 9773/10512
f 9773/10512 9788/10509 9787/10496 9770/10508
f 9770/10508 9787/10496 9778/10495 9767/10504
f 9767/10504 9778/10495 9786/10490 9763/10499
f 9763/10499 9786/10490 9785/10483 9760/10494
f 9760/10494 9785/10483 9784/10486 9757/10489
f 9757/10489 9784/10486 9783/10485 9754/10482
f 9754/10482 9783/10485 9782/10501 9751/10479
f 9751/10479 9782/10501 9781/10514 9748/10476
f 9748/10476 9781/10514 9779/10513 9745/10471
f 9745/10471 9779/10513 9780/10518 9742/10472
f 9833/10521 9838/10522 9793/10523 9839/10524
f 9832/10525 9828/10526 9802/10527 9799/10528
f 9828/10526 9827/10529 9805/10530 9802/10527
f 9827/10529 9822/10531 9810/10532 9805/10530
f 9822/10531 9818/10533 9815/10534 9810/10532
f 9818/10533 9814/10535 9819/10536 9815/10534
f 9814/10535 9813/10537 9824/10538 9819/10536
f 9813/10537 9809/10539 9829/10540 9824/10538
f 9809/10539 9808/10541 9834/10542 9829/10540
f 9808/10541 9833/10521 9839/10524 9834/10542
f 9837/10543 9832/10525 9799/10528 9796/10544
f 9838/10545 9837/10543 9796/10544 9793/10546
f 9796/10544 9798/10547 9795/10548 9793/10546
f 9798/10549 9797/10550 9794/10551 9795/10552
f 9799/10528 9801/10553 9798/10547 9796/10544
f 9801/10554 9800/10555 9797/10550 9798/10549
f 9802/10527 9804/10556 9801/10553 9799/10528
f 9804/10557 9803/10558 9800/10555 9801/10554
f 9805/10530 9807/10559 9804/10556 9802/10527
f 9807/10560 9806/10561 9803/10558 9804/10557
f 9849/10562 9856/10563 9847/10564 9848/10565
f 9810/10532 9812/10566 9807/10559 9805/10530
f 9812/10567 9811/10568 9806/10561 9807/10560
f 9850/10569 9854/10570 9856/10563 9849/10562
f 9815/10534 9817/10571 9812/10566 9810/10532
f 9817/10572 9816/10573 9811/10568 9812/10567
f 9842/10574 9851/10575 9854/10570 9850/10569
f 9819/10536 9821/10576 9817/10571 9815/10534
f 9821/10577 9820/10578 9816/10573 9817/10572
f 9856/10563 9855/10579 9846/10580 9847/10564
f 9824/10538 9826/10581 9821/10576 9819/10536
f 9826/10582 9825/10583 9820/10578 9821/10577
f 9854/10570 9823/10584 9855/10579 9856/10563
f 9829/10540 9831/10585 9826/10581 9824/10538
f 9831/10586 9830/10587 9825/10583 9826/10582
f 9851/10575 9852/10588 9823/10584 9854/10570
f 9834/10542 9836/10589 9831/10585 9829/10540
f 9836/10590 9835/10591 9830/10587 9831/10586
f 9855/10579 9843/10592 9845/10593 9846/10580
f 9839/10524 9841/10594 9836/10589 9834/10542
f 9841/10595 9840/10596 9835/10591 9836/10590
f 9823/10584 9844/10597 9843/10592 9855/10579
f 9793/10523 9795/10598 9841/10594 9839/10524
f 9795/10552 9794/10551 9840/10596 9841/10595
f 9852/10588 9853/10599 9844/10597 9823/10584
f 9794/10551 9844/10597 9853/10599 9840/10596
f 9840/10596 9853/10599 9852/10588 9835/10591
f 9835/10591 9852/10588 9851/10575 9830/10587
f 9830/10587 9851/10575 9842/10574 9825/10583
f 9825/10583 9842/10574 9850/10569 9820/10578
f 9820/10578 9850/10569 9849/10562 9816/10573
f 9816/10573 9849/10562 9848/10565 9811/10568
f 9811/10568 9848/10565 9847/10564 9806/10561
f 9806/10561 9847/10564 9846/10580 9803/10558
f 9803/10558 9846/10580 9845/10593 9800/10555
f 9800/10555 9845/10593 9843/10592 9797/10550
f 9797/10550 9843/10592 9844/10597 9794/10551
f 9833/10521 9891/10600 9857/10601 9838/10522
f 9832/10525 9863/10602 9866/10603 9828/10526
f 9828/10526 9866/10603 9869/10604 9827/10529
f 9827/10529 9869/10604 9872/10605 9822/10531
f 9822/10531 9872/10605 9875/10606 9818/10533
f 9818/10533 9875/10606 9878/10607 9814/10535
f 9814/10535 9878/10607 9882/10608 9813/10537
f 9813/10537 9882/10608 9885/10609 9809/10539
f 9809/10539 9885/10609 9888/10610 9808/10541
f 9808/10541 9888/10610 9891/10600 9833/10521
f 9837/10543 9860/10611 9863/10602 9832/10525
f 9838/10545 9857/10612 9860/10611 9837/10543
f 9860/10611 9857/10612 9859/10613 9862/10614
f 9862/10615 9859/10616 9858/10617 9861/10618
f 9863/10602 9860/10611 9862/10614 9865/10619
f 9865/10620 9862/10615 9861/10618 9864/10621
f 9866/10603 9863/10602 9865/10619 9868/10622
f 9868/10623 9865/10620 9864/10621 9867/10624
f 9869/10604 9866/10603 9868/10622 9871/10625
f 9871/10626 9868/10623 9867/10624 9870/10627
f 9901/10628 9900/10629 9899/10630 9908/10631
f 9872/10605 9869/10604 9871/10625 9874/10632
f 9874/10633 9871/10626 9870/10627 9873/10634
f 9902/10635 9901/10628 9908/10631 9906/10636
f 9875/10606 9872/10605 9874/10632 9877/10637
f 9877/10638 9874/10633 9873/10634 9876/10639
f 9894/10640 9902/10635 9906/10636 9903/10641
f 9878/10607 9875/10606 9877/10637 9880/10642
f 9880/10643 9877/10638 9876/10639 9879/10644
f 9908/10631 9899/10630 9898/10645 9907/10646
f 9882/10608 9878/10607 9880/10642 9884/10647
f 9884/10648 9880/10643 9879/10644 9883/10649
f 9906/10636 9908/10631 9907/10646 9881/10650
f 9885/10609 9882/10608 9884/10647 9887/10651
f 9887/10652 9884/10648 9883/10649 9886/10653
f 9903/10641 9906/10636 9881/10650 9904/10654
f 9888/10610 9885/10609 9887/10651 9890/10655
f 9890/10656 9887/10652 9886/10653 9889/10657
f 9907/10646 9898/10645 9897/10658 9895/10659
f 9891/10600 9888/10610 9890/10655 9893/10660
f 9893/10661 9890/10656 9889/10657 9892/10662
f 9881/10650 9907/10646 9895/10659 9896/10663
f 9857/10601 9891/10600 9893/10660 9859/10664
f 9859/10616 9893/10661 9892/10662 9858/10617
f 9904/10654 9881/10650 9896/10663 9905/10665
f 9858/10617 9892/10662 9905/10665 9896/10663
f 9892/10662 9889/10657 9904/10654 9905/10665
f 9889/10657 9886/10653 9903/10641 9904/10654
f 9886/10653 9883/10649 9894/10640 9903/10641
f 9883/10649 9879/10644 9902/10635 9894/10640
f 9879/10644 9876/10639 9901/10628 9902/10635
f 9876/10639 9873/10634 9900/10629 9901/10628
f 9873/10634 9870/10627 9899/10630 9900/10629
f 9870/10627 9867/10624 9898/10645 9899/10630
f 9867/10624 9864/10621 9897/10658 9898/10645
f 9864/10621 9861/10618 9895/10659 9897/10658
f 9861/10618 9858/10617 9896/10663 9895/10659
